time_s,objective_id,name,type,status,progress,current_count,required_count,deadline_s,failure_reason
0,"TAKEOFF","限时起飞",Takeoff,Active,0,0,1,180,""
0,"INTERCEPT","解除来袭威胁",NeutralizeHostiles,Active,0,0,2,650,""
0,"TAKEOFF","限时起飞",Takeoff,Active,0,0,1,180,""
0,"INTERCEPT","解除来袭威胁",NeutralizeHostiles,Active,0,0,2,650,""
0.19000000000000003,"TAKEOFF","限时起飞",Takeoff,Active,0,0,1,180,""
0.19000000000000003,"INTERCEPT","解除来袭威胁",NeutralizeHostiles,Active,0,0,2,650,""
0.39000000000000018,"TAKEOFF","限时起飞",Takeoff,Active,0,0,1,180,""
0.39000000000000018,"INTERCEPT","解除来袭威胁",NeutralizeHostiles,Active,0,0,2,650,""
0.5900000000000003,"TAKEOFF","限时起飞",Takeoff,Active,0,0,1,180,""
0.5900000000000003,"INTERCEPT","解除来袭威胁",NeutralizeHostiles,Active,0,0,2,650,""
0.79000000000000048,"TAKEOFF","限时起飞",Takeoff,Active,0,0,1,180,""
0.79000000000000048,"INTERCEPT","解除来袭威胁",NeutralizeHostiles,Active,0,0,2,650,""
0.99000000000000066,"TAKEOFF","限时起飞",Takeoff,Active,0,0,1,180,""
0.99000000000000066,"INTERCEPT","解除来袭威胁",NeutralizeHostiles,Active,0,0,2,650,""
1.1900000000000008,"TAKEOFF","限时起飞",Takeoff,Active,0,0,1,180,""
1.1900000000000008,"INTERCEPT","解除来袭威胁",NeutralizeHostiles,Active,0,0,2,650,""
1.390000000000001,"TAKEOFF","限时起飞",Takeoff,Active,0,0,1,180,""
1.390000000000001,"INTERCEPT","解除来袭威胁",NeutralizeHostiles,Active,0,0,2,650,""
1.5900000000000012,"TAKEOFF","限时起飞",Takeoff,Active,0,0,1,180,""
1.5900000000000012,"INTERCEPT","解除来袭威胁",NeutralizeHostiles,Active,0,0,2,650,""
1.7900000000000014,"TAKEOFF","限时起飞",Takeoff,Active,0,0,1,180,""
1.7900000000000014,"INTERCEPT","解除来袭威胁",NeutralizeHostiles,Active,0,0,2,650,""
1.9900000000000015,"TAKEOFF","限时起飞",Takeoff,Active,0,0,1,180,""
1.9900000000000015,"INTERCEPT","解除来袭威胁",NeutralizeHostiles,Active,0,0,2,650,""
2.1899999999999973,"TAKEOFF","限时起飞",Takeoff,Active,0,0,1,180,""
2.1899999999999973,"INTERCEPT","解除来袭威胁",NeutralizeHostiles,Active,0,0,2,650,""
2.389999999999993,"TAKEOFF","限时起飞",Takeoff,Active,0,0,1,180,""
2.389999999999993,"INTERCEPT","解除来袭威胁",NeutralizeHostiles,Active,0,0,2,650,""
2.5899999999999888,"TAKEOFF","限时起飞",Takeoff,Active,0,0,1,180,""
2.5899999999999888,"INTERCEPT","解除来袭威胁",NeutralizeHostiles,Active,0,0,2,650,""
2.7899999999999845,"TAKEOFF","限时起飞",Takeoff,Active,0,0,1,180,""
2.7899999999999845,"INTERCEPT","解除来袭威胁",NeutralizeHostiles,Active,0,0,2,650,""
2.9899999999999802,"TAKEOFF","限时起飞",Takeoff,Active,0,0,1,180,""
2.9899999999999802,"INTERCEPT","解除来袭威胁",NeutralizeHostiles,Active,0,0,2,650,""
3.189999999999976,"TAKEOFF","限时起飞",Takeoff,Active,0,0,1,180,""
3.189999999999976,"INTERCEPT","解除来袭威胁",NeutralizeHostiles,Active,0,0,2,650,""
3.3899999999999717,"TAKEOFF","限时起飞",Takeoff,Active,0,0,1,180,""
3.3899999999999717,"INTERCEPT","解除来袭威胁",NeutralizeHostiles,Active,0,0,2,650,""
3.5899999999999674,"TAKEOFF","限时起飞",Takeoff,Active,0,0,1,180,""
3.5899999999999674,"INTERCEPT","解除来袭威胁",NeutralizeHostiles,Active,0,0,2,650,""
3.7899999999999632,"TAKEOFF","限时起飞",Takeoff,Active,0,0,1,180,""
3.7899999999999632,"INTERCEPT","解除来袭威胁",NeutralizeHostiles,Active,0,0,2,650,""
3.9899999999999589,"TAKEOFF","限时起飞",Takeoff,Active,0,0,1,180,""
3.9899999999999589,"INTERCEPT","解除来袭威胁",NeutralizeHostiles,Active,0,0,2,650,""
4.1899999999999551,"TAKEOFF","限时起飞",Takeoff,Active,0,0,1,180,""
4.1899999999999551,"INTERCEPT","解除来袭威胁",NeutralizeHostiles,Active,0,0,2,650,""
4.3899999999999508,"TAKEOFF","限时起飞",Takeoff,Active,0,0,1,180,""
4.3899999999999508,"INTERCEPT","解除来袭威胁",NeutralizeHostiles,Active,0,0,2,650,""
4.5899999999999466,"TAKEOFF","限时起飞",Takeoff,Active,0,0,1,180,""
4.5899999999999466,"INTERCEPT","解除来袭威胁",NeutralizeHostiles,Active,0,0,2,650,""
4.7899999999999423,"TAKEOFF","限时起飞",Takeoff,Active,0,0,1,180,""
4.7899999999999423,"INTERCEPT","解除来袭威胁",NeutralizeHostiles,Active,0,0,2,650,""
4.989999999999938,"TAKEOFF","限时起飞",Takeoff,Active,0,0,1,180,""
4.989999999999938,"INTERCEPT","解除来袭威胁",NeutralizeHostiles,Active,0,0,2,650,""
5.1899999999999338,"TAKEOFF","限时起飞",Takeoff,Active,0,0,1,180,""
5.1899999999999338,"INTERCEPT","解除来袭威胁",NeutralizeHostiles,Active,0,0,2,650,""
5.3899999999999295,"TAKEOFF","限时起飞",Takeoff,Active,0,0,1,180,""
5.3899999999999295,"INTERCEPT","解除来袭威胁",NeutralizeHostiles,Active,0,0,2,650,""
5.5899999999999253,"TAKEOFF","限时起飞",Takeoff,Active,0,0,1,180,""
5.5899999999999253,"INTERCEPT","解除来袭威胁",NeutralizeHostiles,Active,0,0,2,650,""
5.789999999999921,"TAKEOFF","限时起飞",Takeoff,Active,0,0,1,180,""
5.789999999999921,"INTERCEPT","解除来袭威胁",NeutralizeHostiles,Active,0,0,2,650,""
5.9899999999999167,"TAKEOFF","限时起飞",Takeoff,Active,0,0,1,180,""
5.9899999999999167,"INTERCEPT","解除来袭威胁",NeutralizeHostiles,Active,0,0,2,650,""
6.1899999999999125,"TAKEOFF","限时起飞",Takeoff,Active,0,0,1,180,""
6.1899999999999125,"INTERCEPT","解除来袭威胁",NeutralizeHostiles,Active,0,0,2,650,""
6.3899999999999082,"TAKEOFF","限时起飞",Takeoff,Active,0,0,1,180,""
6.3899999999999082,"INTERCEPT","解除来袭威胁",NeutralizeHostiles,Active,0,0,2,650,""
6.5899999999999039,"TAKEOFF","限时起飞",Takeoff,Active,0,0,1,180,""
6.5899999999999039,"INTERCEPT","解除来袭威胁",NeutralizeHostiles,Active,0,0,2,650,""
6.7899999999999,"TAKEOFF","限时起飞",Takeoff,Active,0,0,1,180,""
6.7899999999999,"INTERCEPT","解除来袭威胁",NeutralizeHostiles,Active,0,0,2,650,""
6.9899999999998954,"TAKEOFF","限时起飞",Takeoff,Active,0,0,1,180,""
6.9899999999998954,"INTERCEPT","解除来袭威胁",NeutralizeHostiles,Active,0,0,2,650,""
7.1899999999998911,"TAKEOFF","限时起飞",Takeoff,Active,0,0,1,180,""
7.1899999999998911,"INTERCEPT","解除来袭威胁",NeutralizeHostiles,Active,0,0,2,650,""
7.3899999999998869,"TAKEOFF","限时起飞",Takeoff,Active,0,0,1,180,""
7.3899999999998869,"INTERCEPT","解除来袭威胁",NeutralizeHostiles,Active,0,0,2,650,""
7.5899999999998826,"TAKEOFF","限时起飞",Takeoff,Active,0,0,1,180,""
7.5899999999998826,"INTERCEPT","解除来袭威胁",NeutralizeHostiles,Active,0,0,2,650,""
7.7899999999998784,"TAKEOFF","限时起飞",Takeoff,Active,0,0,1,180,""
7.7899999999998784,"INTERCEPT","解除来袭威胁",NeutralizeHostiles,Active,0,0,2,650,""
7.9899999999998741,"TAKEOFF","限时起飞",Takeoff,Active,0,0,1,180,""
7.9899999999998741,"INTERCEPT","解除来袭威胁",NeutralizeHostiles,Active,0,0,2,650,""
8.18999999999987,"TAKEOFF","限时起飞",Takeoff,Active,0,0,1,180,""
8.18999999999987,"INTERCEPT","解除来袭威胁",NeutralizeHostiles,Active,0,0,2,650,""
8.3899999999998656,"TAKEOFF","限时起飞",Takeoff,Active,0,0,1,180,""
8.3899999999998656,"INTERCEPT","解除来袭威胁",NeutralizeHostiles,Active,0,0,2,650,""
8.5899999999998613,"TAKEOFF","限时起飞",Takeoff,Active,0,0,1,180,""
8.5899999999998613,"INTERCEPT","解除来袭威胁",NeutralizeHostiles,Active,0,0,2,650,""
8.789999999999857,"TAKEOFF","限时起飞",Takeoff,Active,0,0,1,180,""
8.789999999999857,"INTERCEPT","解除来袭威胁",NeutralizeHostiles,Active,0,0,2,650,""
8.9899999999998528,"TAKEOFF","限时起飞",Takeoff,Active,0,0,1,180,""
8.9899999999998528,"INTERCEPT","解除来袭威胁",NeutralizeHostiles,Active,0,0,2,650,""
9.1899999999998485,"TAKEOFF","限时起飞",Takeoff,Active,0,0,1,180,""
9.1899999999998485,"INTERCEPT","解除来袭威胁",NeutralizeHostiles,Active,0,0,2,650,""
9.3899999999998442,"TAKEOFF","限时起飞",Takeoff,Active,0,0,1,180,""
9.3899999999998442,"INTERCEPT","解除来袭威胁",NeutralizeHostiles,Active,0,0,2,650,""
9.58999999999984,"TAKEOFF","限时起飞",Takeoff,Active,0,0,1,180,""
9.58999999999984,"INTERCEPT","解除来袭威胁",NeutralizeHostiles,Active,0,0,2,650,""
9.7899999999998357,"TAKEOFF","限时起飞",Takeoff,Active,0,0,1,180,""
9.7899999999998357,"INTERCEPT","解除来袭威胁",NeutralizeHostiles,Active,0,0,2,650,""
9.9899999999998315,"TAKEOFF","限时起飞",Takeoff,Active,0,0,1,180,""
9.9899999999998315,"INTERCEPT","解除来袭威胁",NeutralizeHostiles,Active,0,0,2,650,""
10.189999999999827,"TAKEOFF","限时起飞",Takeoff,Active,0,0,1,180,""
10.189999999999827,"INTERCEPT","解除来袭威胁",NeutralizeHostiles,Active,0,0,2,650,""
10.389999999999823,"TAKEOFF","限时起飞",Takeoff,Active,0,0,1,180,""
10.389999999999823,"INTERCEPT","解除来袭威胁",NeutralizeHostiles,Active,0,0,2,650,""
10.589999999999819,"TAKEOFF","限时起飞",Takeoff,Active,0,0,1,180,""
10.589999999999819,"INTERCEPT","解除来袭威胁",NeutralizeHostiles,Active,0,0,2,650,""
10.789999999999814,"TAKEOFF","限时起飞",Takeoff,Active,0,0,1,180,""
10.789999999999814,"INTERCEPT","解除来袭威胁",NeutralizeHostiles,Active,0,0,2,650,""
10.98999999999981,"TAKEOFF","限时起飞",Takeoff,Active,0,0,1,180,""
10.98999999999981,"INTERCEPT","解除来袭威胁",NeutralizeHostiles,Active,0,0,2,650,""
11.189999999999806,"TAKEOFF","限时起飞",Takeoff,Active,0,0,1,180,""
11.189999999999806,"INTERCEPT","解除来袭威胁",NeutralizeHostiles,Active,0,0,2,650,""
11.389999999999802,"TAKEOFF","限时起飞",Takeoff,Active,0,0,1,180,""
11.389999999999802,"INTERCEPT","解除来袭威胁",NeutralizeHostiles,Active,0,0,2,650,""
11.589999999999797,"TAKEOFF","限时起飞",Takeoff,Active,0,0,1,180,""
11.589999999999797,"INTERCEPT","解除来袭威胁",NeutralizeHostiles,Active,0,0,2,650,""
11.789999999999793,"TAKEOFF","限时起飞",Takeoff,Active,0,0,1,180,""
11.789999999999793,"INTERCEPT","解除来袭威胁",NeutralizeHostiles,Active,0,0,2,650,""
11.989999999999789,"TAKEOFF","限时起飞",Takeoff,Active,0,0,1,180,""
11.989999999999789,"INTERCEPT","解除来袭威胁",NeutralizeHostiles,Active,0,0,2,650,""
12.189999999999785,"TAKEOFF","限时起飞",Takeoff,Active,0,0,1,180,""
12.189999999999785,"INTERCEPT","解除来袭威胁",NeutralizeHostiles,Active,0,0,2,650,""
12.38999999999978,"TAKEOFF","限时起飞",Takeoff,Active,0,0,1,180,""
12.38999999999978,"INTERCEPT","解除来袭威胁",NeutralizeHostiles,Active,0,0,2,650,""
12.589999999999776,"TAKEOFF","限时起飞",Takeoff,Active,0,0,1,180,""
12.589999999999776,"INTERCEPT","解除来袭威胁",NeutralizeHostiles,Active,0,0,2,650,""
12.789999999999772,"TAKEOFF","限时起飞",Takeoff,Active,0,0,1,180,""
12.789999999999772,"INTERCEPT","解除来袭威胁",NeutralizeHostiles,Active,0,0,2,650,""
12.989999999999768,"TAKEOFF","限时起飞",Takeoff,Active,0,0,1,180,""
12.989999999999768,"INTERCEPT","解除来袭威胁",NeutralizeHostiles,Active,0,0,2,650,""
13.189999999999763,"TAKEOFF","限时起飞",Takeoff,Active,0,0,1,180,""
13.189999999999763,"INTERCEPT","解除来袭威胁",NeutralizeHostiles,Active,0,0,2,650,""
13.389999999999759,"TAKEOFF","限时起飞",Takeoff,Active,0,0,1,180,""
13.389999999999759,"INTERCEPT","解除来袭威胁",NeutralizeHostiles,Active,0,0,2,650,""
13.589999999999755,"TAKEOFF","限时起飞",Takeoff,Active,0,0,1,180,""
13.589999999999755,"INTERCEPT","解除来袭威胁",NeutralizeHostiles,Active,0,0,2,650,""
13.78999999999975,"TAKEOFF","限时起飞",Takeoff,Active,0,0,1,180,""
13.78999999999975,"INTERCEPT","解除来袭威胁",NeutralizeHostiles,Active,0,0,2,650,""
13.989999999999746,"TAKEOFF","限时起飞",Takeoff,Succeeded,1,1,1,180,""
13.989999999999746,"INTERCEPT","解除来袭威胁",NeutralizeHostiles,Active,0,0,2,650,""
14.189999999999742,"TAKEOFF","限时起飞",Takeoff,Succeeded,1,1,1,180,""
14.189999999999742,"INTERCEPT","解除来袭威胁",NeutralizeHostiles,Active,0,0,2,650,""
14.389999999999738,"TAKEOFF","限时起飞",Takeoff,Succeeded,1,1,1,180,""
14.389999999999738,"INTERCEPT","解除来袭威胁",NeutralizeHostiles,Active,0,0,2,650,""
14.589999999999733,"TAKEOFF","限时起飞",Takeoff,Succeeded,1,1,1,180,""
14.589999999999733,"INTERCEPT","解除来袭威胁",NeutralizeHostiles,Active,0,0,2,650,""
14.789999999999729,"TAKEOFF","限时起飞",Takeoff,Succeeded,1,1,1,180,""
14.789999999999729,"INTERCEPT","解除来袭威胁",NeutralizeHostiles,Active,0,0,2,650,""
14.989999999999725,"TAKEOFF","限时起飞",Takeoff,Succeeded,1,1,1,180,""
14.989999999999725,"INTERCEPT","解除来袭威胁",NeutralizeHostiles,Active,0,0,2,650,""
15.189999999999721,"TAKEOFF","限时起飞",Takeoff,Succeeded,1,1,1,180,""
15.189999999999721,"INTERCEPT","解除来袭威胁",NeutralizeHostiles,Active,0,0,2,650,""
15.389999999999716,"TAKEOFF","限时起飞",Takeoff,Succeeded,1,1,1,180,""
15.389999999999716,"INTERCEPT","解除来袭威胁",NeutralizeHostiles,Active,0,0,2,650,""
15.589999999999712,"TAKEOFF","限时起飞",Takeoff,Succeeded,1,1,1,180,""
15.589999999999712,"INTERCEPT","解除来袭威胁",NeutralizeHostiles,Active,0,0,2,650,""
15.789999999999708,"TAKEOFF","限时起飞",Takeoff,Succeeded,1,1,1,180,""
15.789999999999708,"INTERCEPT","解除来袭威胁",NeutralizeHostiles,Active,0,0,2,650,""
15.989999999999704,"TAKEOFF","限时起飞",Takeoff,Succeeded,1,1,1,180,""
15.989999999999704,"INTERCEPT","解除来袭威胁",NeutralizeHostiles,Active,0,0,2,650,""
16.189999999999731,"TAKEOFF","限时起飞",Takeoff,Succeeded,1,1,1,180,""
16.189999999999731,"INTERCEPT","解除来袭威胁",NeutralizeHostiles,Active,0,0,2,650,""
16.389999999999763,"TAKEOFF","限时起飞",Takeoff,Succeeded,1,1,1,180,""
16.389999999999763,"INTERCEPT","解除来袭威胁",NeutralizeHostiles,Active,0,0,2,650,""
16.589999999999794,"TAKEOFF","限时起飞",Takeoff,Succeeded,1,1,1,180,""
16.589999999999794,"INTERCEPT","解除来袭威胁",NeutralizeHostiles,Active,0,0,2,650,""
16.789999999999825,"TAKEOFF","限时起飞",Takeoff,Succeeded,1,1,1,180,""
16.789999999999825,"INTERCEPT","解除来袭威胁",NeutralizeHostiles,Active,0,0,2,650,""
16.989999999999856,"TAKEOFF","限时起飞",Takeoff,Succeeded,1,1,1,180,""
16.989999999999856,"INTERCEPT","解除来袭威胁",NeutralizeHostiles,Active,0,0,2,650,""
17.189999999999888,"TAKEOFF","限时起飞",Takeoff,Succeeded,1,1,1,180,""
17.189999999999888,"INTERCEPT","解除来袭威胁",NeutralizeHostiles,Active,0,0,2,650,""
17.389999999999919,"TAKEOFF","限时起飞",Takeoff,Succeeded,1,1,1,180,""
17.389999999999919,"INTERCEPT","解除来袭威胁",NeutralizeHostiles,Active,0,0,2,650,""
17.58999999999995,"TAKEOFF","限时起飞",Takeoff,Succeeded,1,1,1,180,""
17.58999999999995,"INTERCEPT","解除来袭威胁",NeutralizeHostiles,Active,0,0,2,650,""
17.789999999999981,"TAKEOFF","限时起飞",Takeoff,Succeeded,1,1,1,180,""
17.789999999999981,"INTERCEPT","解除来袭威胁",NeutralizeHostiles,Active,0,0,2,650,""
17.990000000000013,"TAKEOFF","限时起飞",Takeoff,Succeeded,1,1,1,180,""
17.990000000000013,"INTERCEPT","解除来袭威胁",NeutralizeHostiles,Active,0,0,2,650,""
18.190000000000044,"TAKEOFF","限时起飞",Takeoff,Succeeded,1,1,1,180,""
18.190000000000044,"INTERCEPT","解除来袭威胁",NeutralizeHostiles,Active,0,0,2,650,""
18.390000000000075,"TAKEOFF","限时起飞",Takeoff,Succeeded,1,1,1,180,""
18.390000000000075,"INTERCEPT","解除来袭威胁",NeutralizeHostiles,Active,0,0,2,650,""
18.590000000000106,"TAKEOFF","限时起飞",Takeoff,Succeeded,1,1,1,180,""
18.590000000000106,"INTERCEPT","解除来袭威胁",NeutralizeHostiles,Active,0,0,2,650,""
18.790000000000138,"TAKEOFF","限时起飞",Takeoff,Succeeded,1,1,1,180,""
18.790000000000138,"INTERCEPT","解除来袭威胁",NeutralizeHostiles,Active,0,0,2,650,""
18.990000000000169,"TAKEOFF","限时起飞",Takeoff,Succeeded,1,1,1,180,""
18.990000000000169,"INTERCEPT","解除来袭威胁",NeutralizeHostiles,Active,0,0,2,650,""
19.1900000000002,"TAKEOFF","限时起飞",Takeoff,Succeeded,1,1,1,180,""
19.1900000000002,"INTERCEPT","解除来袭威胁",NeutralizeHostiles,Active,0,0,2,650,""
19.390000000000231,"TAKEOFF","限时起飞",Takeoff,Succeeded,1,1,1,180,""
19.390000000000231,"INTERCEPT","解除来袭威胁",NeutralizeHostiles,Active,0,0,2,650,""
19.590000000000263,"TAKEOFF","限时起飞",Takeoff,Succeeded,1,1,1,180,""
19.590000000000263,"INTERCEPT","解除来袭威胁",NeutralizeHostiles,Active,0,0,2,650,""
19.790000000000294,"TAKEOFF","限时起飞",Takeoff,Succeeded,1,1,1,180,""
19.790000000000294,"INTERCEPT","解除来袭威胁",NeutralizeHostiles,Active,0,0,2,650,""
19.990000000000325,"TAKEOFF","限时起飞",Takeoff,Succeeded,1,1,1,180,""
19.990000000000325,"INTERCEPT","解除来袭威胁",NeutralizeHostiles,Active,0,0,2,650,""
20.190000000000357,"TAKEOFF","限时起飞",Takeoff,Succeeded,1,1,1,180,""
20.190000000000357,"INTERCEPT","解除来袭威胁",NeutralizeHostiles,Active,0,0,2,650,""
20.390000000000388,"TAKEOFF","限时起飞",Takeoff,Succeeded,1,1,1,180,""
20.390000000000388,"INTERCEPT","解除来袭威胁",NeutralizeHostiles,Active,0,0,2,650,""
20.590000000000419,"TAKEOFF","限时起飞",Takeoff,Succeeded,1,1,1,180,""
20.590000000000419,"INTERCEPT","解除来袭威胁",NeutralizeHostiles,Active,0,0,2,650,""
20.79000000000045,"TAKEOFF","限时起飞",Takeoff,Succeeded,1,1,1,180,""
20.79000000000045,"INTERCEPT","解除来袭威胁",NeutralizeHostiles,Active,0,0,2,650,""
20.990000000000482,"TAKEOFF","限时起飞",Takeoff,Succeeded,1,1,1,180,""
20.990000000000482,"INTERCEPT","解除来袭威胁",NeutralizeHostiles,Active,0,0,2,650,""
21.190000000000513,"TAKEOFF","限时起飞",Takeoff,Succeeded,1,1,1,180,""
21.190000000000513,"INTERCEPT","解除来袭威胁",NeutralizeHostiles,Active,0,0,2,650,""
21.390000000000544,"TAKEOFF","限时起飞",Takeoff,Succeeded,1,1,1,180,""
21.390000000000544,"INTERCEPT","解除来袭威胁",NeutralizeHostiles,Active,0,0,2,650,""
21.590000000000575,"TAKEOFF","限时起飞",Takeoff,Succeeded,1,1,1,180,""
21.590000000000575,"INTERCEPT","解除来袭威胁",NeutralizeHostiles,Active,0,0,2,650,""
21.790000000000607,"TAKEOFF","限时起飞",Takeoff,Succeeded,1,1,1,180,""
21.790000000000607,"INTERCEPT","解除来袭威胁",NeutralizeHostiles,Active,0,0,2,650,""
21.990000000000638,"TAKEOFF","限时起飞",Takeoff,Succeeded,1,1,1,180,""
21.990000000000638,"INTERCEPT","解除来袭威胁",NeutralizeHostiles,Active,0,0,2,650,""
22.190000000000669,"TAKEOFF","限时起飞",Takeoff,Succeeded,1,1,1,180,""
22.190000000000669,"INTERCEPT","解除来袭威胁",NeutralizeHostiles,Active,0,0,2,650,""
22.3900000000007,"TAKEOFF","限时起飞",Takeoff,Succeeded,1,1,1,180,""
22.3900000000007,"INTERCEPT","解除来袭威胁",NeutralizeHostiles,Active,0,0,2,650,""
22.590000000000732,"TAKEOFF","限时起飞",Takeoff,Succeeded,1,1,1,180,""
22.590000000000732,"INTERCEPT","解除来袭威胁",NeutralizeHostiles,Active,0,0,2,650,""
22.790000000000763,"TAKEOFF","限时起飞",Takeoff,Succeeded,1,1,1,180,""
22.790000000000763,"INTERCEPT","解除来袭威胁",NeutralizeHostiles,Active,0,0,2,650,""
22.990000000000794,"TAKEOFF","限时起飞",Takeoff,Succeeded,1,1,1,180,""
22.990000000000794,"INTERCEPT","解除来袭威胁",NeutralizeHostiles,Active,0,0,2,650,""
23.190000000000826,"TAKEOFF","限时起飞",Takeoff,Succeeded,1,1,1,180,""
23.190000000000826,"INTERCEPT","解除来袭威胁",NeutralizeHostiles,Active,0,0,2,650,""
23.390000000000857,"TAKEOFF","限时起飞",Takeoff,Succeeded,1,1,1,180,""
23.390000000000857,"INTERCEPT","解除来袭威胁",NeutralizeHostiles,Active,0,0,2,650,""
23.590000000000888,"TAKEOFF","限时起飞",Takeoff,Succeeded,1,1,1,180,""
23.590000000000888,"INTERCEPT","解除来袭威胁",NeutralizeHostiles,Active,0,0,2,650,""
23.790000000000919,"TAKEOFF","限时起飞",Takeoff,Succeeded,1,1,1,180,""
23.790000000000919,"INTERCEPT","解除来袭威胁",NeutralizeHostiles,Active,0,0,2,650,""
23.990000000000951,"TAKEOFF","限时起飞",Takeoff,Succeeded,1,1,1,180,""
23.990000000000951,"INTERCEPT","解除来袭威胁",NeutralizeHostiles,Active,0,0,2,650,""
24.190000000000982,"TAKEOFF","限时起飞",Takeoff,Succeeded,1,1,1,180,""
24.190000000000982,"INTERCEPT","解除来袭威胁",NeutralizeHostiles,Active,0,0,2,650,""
24.390000000001013,"TAKEOFF","限时起飞",Takeoff,Succeeded,1,1,1,180,""
24.390000000001013,"INTERCEPT","解除来袭威胁",NeutralizeHostiles,Active,0,0,2,650,""
24.590000000001044,"TAKEOFF","限时起飞",Takeoff,Succeeded,1,1,1,180,""
24.590000000001044,"INTERCEPT","解除来袭威胁",NeutralizeHostiles,Active,0,0,2,650,""
24.790000000001076,"TAKEOFF","限时起飞",Takeoff,Succeeded,1,1,1,180,""
24.790000000001076,"INTERCEPT","解除来袭威胁",NeutralizeHostiles,Active,0,0,2,650,""
24.990000000001107,"TAKEOFF","限时起飞",Takeoff,Succeeded,1,1,1,180,""
24.990000000001107,"INTERCEPT","解除来袭威胁",NeutralizeHostiles,Active,0,0,2,650,""
25.190000000001138,"TAKEOFF","限时起飞",Takeoff,Succeeded,1,1,1,180,""
25.190000000001138,"INTERCEPT","解除来袭威胁",NeutralizeHostiles,Active,0,0,2,650,""
25.390000000001169,"TAKEOFF","限时起飞",Takeoff,Succeeded,1,1,1,180,""
25.390000000001169,"INTERCEPT","解除来袭威胁",NeutralizeHostiles,Active,0,0,2,650,""
25.5900000000012,"TAKEOFF","限时起飞",Takeoff,Succeeded,1,1,1,180,""
25.5900000000012,"INTERCEPT","解除来袭威胁",NeutralizeHostiles,Active,0,0,2,650,""
25.790000000001232,"TAKEOFF","限时起飞",Takeoff,Succeeded,1,1,1,180,""
25.790000000001232,"INTERCEPT","解除来袭威胁",NeutralizeHostiles,Active,0,0,2,650,""
25.990000000001263,"TAKEOFF","限时起飞",Takeoff,Succeeded,1,1,1,180,""
25.990000000001263,"INTERCEPT","解除来袭威胁",NeutralizeHostiles,Active,0,0,2,650,""
26.190000000001294,"TAKEOFF","限时起飞",Takeoff,Succeeded,1,1,1,180,""
26.190000000001294,"INTERCEPT","解除来袭威胁",NeutralizeHostiles,Active,0,0,2,650,""
26.390000000001326,"TAKEOFF","限时起飞",Takeoff,Succeeded,1,1,1,180,""
26.390000000001326,"INTERCEPT","解除来袭威胁",NeutralizeHostiles,Active,0,0,2,650,""
26.590000000001357,"TAKEOFF","限时起飞",Takeoff,Succeeded,1,1,1,180,""
26.590000000001357,"INTERCEPT","解除来袭威胁",NeutralizeHostiles,Active,0,0,2,650,""
26.790000000001388,"TAKEOFF","限时起飞",Takeoff,Succeeded,1,1,1,180,""
26.790000000001388,"INTERCEPT","解除来袭威胁",NeutralizeHostiles,Active,0,0,2,650,""
26.99000000000142,"TAKEOFF","限时起飞",Takeoff,Succeeded,1,1,1,180,""
26.99000000000142,"INTERCEPT","解除来袭威胁",NeutralizeHostiles,Active,0,0,2,650,""
27.190000000001451,"TAKEOFF","限时起飞",Takeoff,Succeeded,1,1,1,180,""
27.190000000001451,"INTERCEPT","解除来袭威胁",NeutralizeHostiles,Active,0,0,2,650,""
27.390000000001482,"TAKEOFF","限时起飞",Takeoff,Succeeded,1,1,1,180,""
27.390000000001482,"INTERCEPT","解除来袭威胁",NeutralizeHostiles,Active,0,0,2,650,""
27.590000000001513,"TAKEOFF","限时起飞",Takeoff,Succeeded,1,1,1,180,""
27.590000000001513,"INTERCEPT","解除来袭威胁",NeutralizeHostiles,Active,0,0,2,650,""
27.790000000001545,"TAKEOFF","限时起飞",Takeoff,Succeeded,1,1,1,180,""
27.790000000001545,"INTERCEPT","解除来袭威胁",NeutralizeHostiles,Active,0,0,2,650,""
27.990000000001576,"TAKEOFF","限时起飞",Takeoff,Succeeded,1,1,1,180,""
27.990000000001576,"INTERCEPT","解除来袭威胁",NeutralizeHostiles,Active,0,0,2,650,""
28.190000000001607,"TAKEOFF","限时起飞",Takeoff,Succeeded,1,1,1,180,""
28.190000000001607,"INTERCEPT","解除来袭威胁",NeutralizeHostiles,Active,0,0,2,650,""
28.390000000001638,"TAKEOFF","限时起飞",Takeoff,Succeeded,1,1,1,180,""
28.390000000001638,"INTERCEPT","解除来袭威胁",NeutralizeHostiles,Active,0,0,2,650,""
28.59000000000167,"TAKEOFF","限时起飞",Takeoff,Succeeded,1,1,1,180,""
28.59000000000167,"INTERCEPT","解除来袭威胁",NeutralizeHostiles,Active,0,0,2,650,""
28.7900000000017,"TAKEOFF","限时起飞",Takeoff,Succeeded,1,1,1,180,""
28.7900000000017,"INTERCEPT","解除来袭威胁",NeutralizeHostiles,Active,0,0,2,650,""
28.990000000001732,"TAKEOFF","限时起飞",Takeoff,Succeeded,1,1,1,180,""
28.990000000001732,"INTERCEPT","解除来袭威胁",NeutralizeHostiles,Active,0,0,2,650,""
29.190000000001763,"TAKEOFF","限时起飞",Takeoff,Succeeded,1,1,1,180,""
29.190000000001763,"INTERCEPT","解除来袭威胁",NeutralizeHostiles,Active,0,0,2,650,""
29.390000000001795,"TAKEOFF","限时起飞",Takeoff,Succeeded,1,1,1,180,""
29.390000000001795,"INTERCEPT","解除来袭威胁",NeutralizeHostiles,Active,0,0,2,650,""
29.590000000001826,"TAKEOFF","限时起飞",Takeoff,Succeeded,1,1,1,180,""
29.590000000001826,"INTERCEPT","解除来袭威胁",NeutralizeHostiles,Active,0,0,2,650,""
29.790000000001857,"TAKEOFF","限时起飞",Takeoff,Succeeded,1,1,1,180,""
29.790000000001857,"INTERCEPT","解除来袭威胁",NeutralizeHostiles,Active,0,0,2,650,""
29.990000000001888,"TAKEOFF","限时起飞",Takeoff,Succeeded,1,1,1,180,""
29.990000000001888,"INTERCEPT","解除来袭威胁",NeutralizeHostiles,Active,0,0,2,650,""
30.19000000000192,"TAKEOFF","限时起飞",Takeoff,Succeeded,1,1,1,180,""
30.19000000000192,"INTERCEPT","解除来袭威胁",NeutralizeHostiles,Active,0,0,2,650,""
30.390000000001951,"TAKEOFF","限时起飞",Takeoff,Succeeded,1,1,1,180,""
30.390000000001951,"INTERCEPT","解除来袭威胁",NeutralizeHostiles,Active,0,0,2,650,""
30.590000000001982,"TAKEOFF","限时起飞",Takeoff,Succeeded,1,1,1,180,""
30.590000000001982,"INTERCEPT","解除来袭威胁",NeutralizeHostiles,Active,0,0,2,650,""
30.790000000002014,"TAKEOFF","限时起飞",Takeoff,Succeeded,1,1,1,180,""
30.790000000002014,"INTERCEPT","解除来袭威胁",NeutralizeHostiles,Active,0,0,2,650,""
30.990000000002045,"TAKEOFF","限时起飞",Takeoff,Succeeded,1,1,1,180,""
30.990000000002045,"INTERCEPT","解除来袭威胁",NeutralizeHostiles,Active,0,0,2,650,""
31.190000000002076,"TAKEOFF","限时起飞",Takeoff,Succeeded,1,1,1,180,""
31.190000000002076,"INTERCEPT","解除来袭威胁",NeutralizeHostiles,Active,0,0,2,650,""
31.390000000002107,"TAKEOFF","限时起飞",Takeoff,Succeeded,1,1,1,180,""
31.390000000002107,"INTERCEPT","解除来袭威胁",NeutralizeHostiles,Active,0,0,2,650,""
31.590000000002139,"TAKEOFF","限时起飞",Takeoff,Succeeded,1,1,1,180,""
31.590000000002139,"INTERCEPT","解除来袭威胁",NeutralizeHostiles,Active,0,0,2,650,""
31.79000000000217,"TAKEOFF","限时起飞",Takeoff,Succeeded,1,1,1,180,""
31.79000000000217,"INTERCEPT","解除来袭威胁",NeutralizeHostiles,Active,0,0,2,650,""
31.9900000000022,"TAKEOFF","限时起飞",Takeoff,Succeeded,1,1,1,180,""
31.9900000000022,"INTERCEPT","解除来袭威胁",NeutralizeHostiles,Active,0,0,2,650,""
32.190000000002165,"TAKEOFF","限时起飞",Takeoff,Succeeded,1,1,1,180,""
32.190000000002165,"INTERCEPT","解除来袭威胁",NeutralizeHostiles,Active,0,0,2,650,""
32.390000000002125,"TAKEOFF","限时起飞",Takeoff,Succeeded,1,1,1,180,""
32.390000000002125,"INTERCEPT","解除来袭威胁",NeutralizeHostiles,Active,0,0,2,650,""
32.590000000002085,"TAKEOFF","限时起飞",Takeoff,Succeeded,1,1,1,180,""
32.590000000002085,"INTERCEPT","解除来袭威胁",NeutralizeHostiles,Active,0,0,2,650,""
32.790000000002046,"TAKEOFF","限时起飞",Takeoff,Succeeded,1,1,1,180,""
32.790000000002046,"INTERCEPT","解除来袭威胁",NeutralizeHostiles,Active,0,0,2,650,""
32.990000000002006,"TAKEOFF","限时起飞",Takeoff,Succeeded,1,1,1,180,""
32.990000000002006,"INTERCEPT","解除来袭威胁",NeutralizeHostiles,Active,0,0,2,650,""
33.190000000001966,"TAKEOFF","限时起飞",Takeoff,Succeeded,1,1,1,180,""
33.190000000001966,"INTERCEPT","解除来袭威胁",NeutralizeHostiles,Active,0,0,2,650,""
33.390000000001926,"TAKEOFF","限时起飞",Takeoff,Succeeded,1,1,1,180,""
33.390000000001926,"INTERCEPT","解除来袭威胁",NeutralizeHostiles,Active,0,0,2,650,""
33.590000000001886,"TAKEOFF","限时起飞",Takeoff,Succeeded,1,1,1,180,""
33.590000000001886,"INTERCEPT","解除来袭威胁",NeutralizeHostiles,Active,0,0,2,650,""
33.790000000001847,"TAKEOFF","限时起飞",Takeoff,Succeeded,1,1,1,180,""
33.790000000001847,"INTERCEPT","解除来袭威胁",NeutralizeHostiles,Active,0,0,2,650,""
33.990000000001807,"TAKEOFF","限时起飞",Takeoff,Succeeded,1,1,1,180,""
33.990000000001807,"INTERCEPT","解除来袭威胁",NeutralizeHostiles,Active,0,0,2,650,""
34.190000000001767,"TAKEOFF","限时起飞",Takeoff,Succeeded,1,1,1,180,""
34.190000000001767,"INTERCEPT","解除来袭威胁",NeutralizeHostiles,Active,0,0,2,650,""
34.390000000001727,"TAKEOFF","限时起飞",Takeoff,Succeeded,1,1,1,180,""
34.390000000001727,"INTERCEPT","解除来袭威胁",NeutralizeHostiles,Active,0,0,2,650,""
34.590000000001687,"TAKEOFF","限时起飞",Takeoff,Succeeded,1,1,1,180,""
34.590000000001687,"INTERCEPT","解除来袭威胁",NeutralizeHostiles,Active,0,0,2,650,""
34.790000000001648,"TAKEOFF","限时起飞",Takeoff,Succeeded,1,1,1,180,""
34.790000000001648,"INTERCEPT","解除来袭威胁",NeutralizeHostiles,Active,0,0,2,650,""
34.990000000001608,"TAKEOFF","限时起飞",Takeoff,Succeeded,1,1,1,180,""
34.990000000001608,"INTERCEPT","解除来袭威胁",NeutralizeHostiles,Active,0,0,2,650,""
35.190000000001568,"TAKEOFF","限时起飞",Takeoff,Succeeded,1,1,1,180,""
35.190000000001568,"INTERCEPT","解除来袭威胁",NeutralizeHostiles,Active,0,0,2,650,""
35.390000000001528,"TAKEOFF","限时起飞",Takeoff,Succeeded,1,1,1,180,""
35.390000000001528,"INTERCEPT","解除来袭威胁",NeutralizeHostiles,Active,0,0,2,650,""
35.590000000001488,"TAKEOFF","限时起飞",Takeoff,Succeeded,1,1,1,180,""
35.590000000001488,"INTERCEPT","解除来袭威胁",NeutralizeHostiles,Active,0,0,2,650,""
35.790000000001449,"TAKEOFF","限时起飞",Takeoff,Succeeded,1,1,1,180,""
35.790000000001449,"INTERCEPT","解除来袭威胁",NeutralizeHostiles,Active,0,0,2,650,""
35.990000000001409,"TAKEOFF","限时起飞",Takeoff,Succeeded,1,1,1,180,""
35.990000000001409,"INTERCEPT","解除来袭威胁",NeutralizeHostiles,Active,0,0,2,650,""
36.190000000001369,"TAKEOFF","限时起飞",Takeoff,Succeeded,1,1,1,180,""
36.190000000001369,"INTERCEPT","解除来袭威胁",NeutralizeHostiles,Active,0,0,2,650,""
36.390000000001329,"TAKEOFF","限时起飞",Takeoff,Succeeded,1,1,1,180,""
36.390000000001329,"INTERCEPT","解除来袭威胁",NeutralizeHostiles,Active,0,0,2,650,""
36.590000000001289,"TAKEOFF","限时起飞",Takeoff,Succeeded,1,1,1,180,""
36.590000000001289,"INTERCEPT","解除来袭威胁",NeutralizeHostiles,Active,0,0,2,650,""
36.79000000000125,"TAKEOFF","限时起飞",Takeoff,Succeeded,1,1,1,180,""
36.79000000000125,"INTERCEPT","解除来袭威胁",NeutralizeHostiles,Active,0,0,2,650,""
36.99000000000121,"TAKEOFF","限时起飞",Takeoff,Succeeded,1,1,1,180,""
36.99000000000121,"INTERCEPT","解除来袭威胁",NeutralizeHostiles,Active,0,0,2,650,""
37.19000000000117,"TAKEOFF","限时起飞",Takeoff,Succeeded,1,1,1,180,""
37.19000000000117,"INTERCEPT","解除来袭威胁",NeutralizeHostiles,Active,0,0,2,650,""
37.39000000000113,"TAKEOFF","限时起飞",Takeoff,Succeeded,1,1,1,180,""
37.39000000000113,"INTERCEPT","解除来袭威胁",NeutralizeHostiles,Active,0,0,2,650,""
37.590000000001091,"TAKEOFF","限时起飞",Takeoff,Succeeded,1,1,1,180,""
37.590000000001091,"INTERCEPT","解除来袭威胁",NeutralizeHostiles,Active,0,0,2,650,""
37.790000000001051,"TAKEOFF","限时起飞",Takeoff,Succeeded,1,1,1,180,""
37.790000000001051,"INTERCEPT","解除来袭威胁",NeutralizeHostiles,Active,0,0,2,650,""
37.990000000001011,"TAKEOFF","限时起飞",Takeoff,Succeeded,1,1,1,180,""
37.990000000001011,"INTERCEPT","解除来袭威胁",NeutralizeHostiles,Active,0,0,2,650,""
38.190000000000971,"TAKEOFF","限时起飞",Takeoff,Succeeded,1,1,1,180,""
38.190000000000971,"INTERCEPT","解除来袭威胁",NeutralizeHostiles,Active,0,0,2,650,""
38.390000000000931,"TAKEOFF","限时起飞",Takeoff,Succeeded,1,1,1,180,""
38.390000000000931,"INTERCEPT","解除来袭威胁",NeutralizeHostiles,Active,0,0,2,650,""
38.590000000000892,"TAKEOFF","限时起飞",Takeoff,Succeeded,1,1,1,180,""
38.590000000000892,"INTERCEPT","解除来袭威胁",NeutralizeHostiles,Active,0,0,2,650,""
38.790000000000852,"TAKEOFF","限时起飞",Takeoff,Succeeded,1,1,1,180,""
38.790000000000852,"INTERCEPT","解除来袭威胁",NeutralizeHostiles,Active,0,0,2,650,""
38.990000000000812,"TAKEOFF","限时起飞",Takeoff,Succeeded,1,1,1,180,""
38.990000000000812,"INTERCEPT","解除来袭威胁",NeutralizeHostiles,Active,0,0,2,650,""
39.190000000000772,"TAKEOFF","限时起飞",Takeoff,Succeeded,1,1,1,180,""
39.190000000000772,"INTERCEPT","解除来袭威胁",NeutralizeHostiles,Active,0,0,2,650,""
39.390000000000732,"TAKEOFF","限时起飞",Takeoff,Succeeded,1,1,1,180,""
39.390000000000732,"INTERCEPT","解除来袭威胁",NeutralizeHostiles,Active,0,0,2,650,""
39.590000000000693,"TAKEOFF","限时起飞",Takeoff,Succeeded,1,1,1,180,""
39.590000000000693,"INTERCEPT","解除来袭威胁",NeutralizeHostiles,Active,0,0,2,650,""
39.790000000000653,"TAKEOFF","限时起飞",Takeoff,Succeeded,1,1,1,180,""
39.790000000000653,"INTERCEPT","解除来袭威胁",NeutralizeHostiles,Active,0,0,2,650,""
39.990000000000613,"TAKEOFF","限时起飞",Takeoff,Succeeded,1,1,1,180,""
39.990000000000613,"INTERCEPT","解除来袭威胁",NeutralizeHostiles,Active,0,0,2,650,""
40.190000000000573,"TAKEOFF","限时起飞",Takeoff,Succeeded,1,1,1,180,""
40.190000000000573,"INTERCEPT","解除来袭威胁",NeutralizeHostiles,Active,0,0,2,650,""
40.390000000000533,"TAKEOFF","限时起飞",Takeoff,Succeeded,1,1,1,180,""
40.390000000000533,"INTERCEPT","解除来袭威胁",NeutralizeHostiles,Active,0,0,2,650,""
40.590000000000494,"TAKEOFF","限时起飞",Takeoff,Succeeded,1,1,1,180,""
40.590000000000494,"INTERCEPT","解除来袭威胁",NeutralizeHostiles,Active,0,0,2,650,""
40.790000000000454,"TAKEOFF","限时起飞",Takeoff,Succeeded,1,1,1,180,""
40.790000000000454,"INTERCEPT","解除来袭威胁",NeutralizeHostiles,Active,0,0,2,650,""
40.990000000000414,"TAKEOFF","限时起飞",Takeoff,Succeeded,1,1,1,180,""
40.990000000000414,"INTERCEPT","解除来袭威胁",NeutralizeHostiles,Active,0,0,2,650,""
41.190000000000374,"TAKEOFF","限时起飞",Takeoff,Succeeded,1,1,1,180,""
41.190000000000374,"INTERCEPT","解除来袭威胁",NeutralizeHostiles,Active,0,0,2,650,""
41.390000000000335,"TAKEOFF","限时起飞",Takeoff,Succeeded,1,1,1,180,""
41.390000000000335,"INTERCEPT","解除来袭威胁",NeutralizeHostiles,Active,0,0,2,650,""
41.590000000000295,"TAKEOFF","限时起飞",Takeoff,Succeeded,1,1,1,180,""
41.590000000000295,"INTERCEPT","解除来袭威胁",NeutralizeHostiles,Active,0,0,2,650,""
41.790000000000255,"TAKEOFF","限时起飞",Takeoff,Succeeded,1,1,1,180,""
41.790000000000255,"INTERCEPT","解除来袭威胁",NeutralizeHostiles,Active,0,0,2,650,""
41.990000000000215,"TAKEOFF","限时起飞",Takeoff,Succeeded,1,1,1,180,""
41.990000000000215,"INTERCEPT","解除来袭威胁",NeutralizeHostiles,Active,0,0,2,650,""
42.190000000000175,"TAKEOFF","限时起飞",Takeoff,Succeeded,1,1,1,180,""
42.190000000000175,"INTERCEPT","解除来袭威胁",NeutralizeHostiles,Active,0,0,2,650,""
42.390000000000136,"TAKEOFF","限时起飞",Takeoff,Succeeded,1,1,1,180,""
42.390000000000136,"INTERCEPT","解除来袭威胁",NeutralizeHostiles,Active,0,0,2,650,""
42.590000000000096,"TAKEOFF","限时起飞",Takeoff,Succeeded,1,1,1,180,""
42.590000000000096,"INTERCEPT","解除来袭威胁",NeutralizeHostiles,Active,0,0,2,650,""
42.790000000000056,"TAKEOFF","限时起飞",Takeoff,Succeeded,1,1,1,180,""
42.790000000000056,"INTERCEPT","解除来袭威胁",NeutralizeHostiles,Active,0,0,2,650,""
42.990000000000016,"TAKEOFF","限时起飞",Takeoff,Succeeded,1,1,1,180,""
42.990000000000016,"INTERCEPT","解除来袭威胁",NeutralizeHostiles,Active,0,0,2,650,""
43.189999999999976,"TAKEOFF","限时起飞",Takeoff,Succeeded,1,1,1,180,""
43.189999999999976,"INTERCEPT","解除来袭威胁",NeutralizeHostiles,Active,0,0,2,650,""
43.389999999999937,"TAKEOFF","限时起飞",Takeoff,Succeeded,1,1,1,180,""
43.389999999999937,"INTERCEPT","解除来袭威胁",NeutralizeHostiles,Active,0,0,2,650,""
43.5899999999999,"TAKEOFF","限时起飞",Takeoff,Succeeded,1,1,1,180,""
43.5899999999999,"INTERCEPT","解除来袭威胁",NeutralizeHostiles,Active,0,0,2,650,""
43.789999999999857,"TAKEOFF","限时起飞",Takeoff,Succeeded,1,1,1,180,""
43.789999999999857,"INTERCEPT","解除来袭威胁",NeutralizeHostiles,Active,0,0,2,650,""
43.989999999999817,"TAKEOFF","限时起飞",Takeoff,Succeeded,1,1,1,180,""
43.989999999999817,"INTERCEPT","解除来袭威胁",NeutralizeHostiles,Active,0,0,2,650,""
44.189999999999777,"TAKEOFF","限时起飞",Takeoff,Succeeded,1,1,1,180,""
44.189999999999777,"INTERCEPT","解除来袭威胁",NeutralizeHostiles,Active,0,0,2,650,""
44.389999999999738,"TAKEOFF","限时起飞",Takeoff,Succeeded,1,1,1,180,""
44.389999999999738,"INTERCEPT","解除来袭威胁",NeutralizeHostiles,Active,0,0,2,650,""
44.5899999999997,"TAKEOFF","限时起飞",Takeoff,Succeeded,1,1,1,180,""
44.5899999999997,"INTERCEPT","解除来袭威胁",NeutralizeHostiles,Active,0,0,2,650,""
44.789999999999658,"TAKEOFF","限时起飞",Takeoff,Succeeded,1,1,1,180,""
44.789999999999658,"INTERCEPT","解除来袭威胁",NeutralizeHostiles,Active,0,0,2,650,""
44.989999999999618,"TAKEOFF","限时起飞",Takeoff,Succeeded,1,1,1,180,""
44.989999999999618,"INTERCEPT","解除来袭威胁",NeutralizeHostiles,Active,0,0,2,650,""
45.189999999999579,"TAKEOFF","限时起飞",Takeoff,Succeeded,1,1,1,180,""
45.189999999999579,"INTERCEPT","解除来袭威胁",NeutralizeHostiles,Active,0,0,2,650,""
45.389999999999539,"TAKEOFF","限时起飞",Takeoff,Succeeded,1,1,1,180,""
45.389999999999539,"INTERCEPT","解除来袭威胁",NeutralizeHostiles,Active,0,0,2,650,""
45.5899999999995,"TAKEOFF","限时起飞",Takeoff,Succeeded,1,1,1,180,""
45.5899999999995,"INTERCEPT","解除来袭威胁",NeutralizeHostiles,Active,0,0,2,650,""
45.789999999999459,"TAKEOFF","限时起飞",Takeoff,Succeeded,1,1,1,180,""
45.789999999999459,"INTERCEPT","解除来袭威胁",NeutralizeHostiles,Active,0,0,2,650,""
45.989999999999419,"TAKEOFF","限时起飞",Takeoff,Succeeded,1,1,1,180,""
45.989999999999419,"INTERCEPT","解除来袭威胁",NeutralizeHostiles,Active,0,0,2,650,""
46.18999999999938,"TAKEOFF","限时起飞",Takeoff,Succeeded,1,1,1,180,""
46.18999999999938,"INTERCEPT","解除来袭威胁",NeutralizeHostiles,Active,0,0,2,650,""
46.38999999999934,"TAKEOFF","限时起飞",Takeoff,Succeeded,1,1,1,180,""
46.38999999999934,"INTERCEPT","解除来袭威胁",NeutralizeHostiles,Active,0,0,2,650,""
46.5899999999993,"TAKEOFF","限时起飞",Takeoff,Succeeded,1,1,1,180,""
46.5899999999993,"INTERCEPT","解除来袭威胁",NeutralizeHostiles,Active,0,0,2,650,""
46.78999999999926,"TAKEOFF","限时起飞",Takeoff,Succeeded,1,1,1,180,""
46.78999999999926,"INTERCEPT","解除来袭威胁",NeutralizeHostiles,Active,0,0,2,650,""
46.98999999999922,"TAKEOFF","限时起飞",Takeoff,Succeeded,1,1,1,180,""
46.98999999999922,"INTERCEPT","解除来袭威胁",NeutralizeHostiles,Active,0,0,2,650,""
47.189999999999181,"TAKEOFF","限时起飞",Takeoff,Succeeded,1,1,1,180,""
47.189999999999181,"INTERCEPT","解除来袭威胁",NeutralizeHostiles,Active,0,0,2,650,""
47.389999999999141,"TAKEOFF","限时起飞",Takeoff,Succeeded,1,1,1,180,""
47.389999999999141,"INTERCEPT","解除来袭威胁",NeutralizeHostiles,Active,0,0,2,650,""
47.5899999999991,"TAKEOFF","限时起飞",Takeoff,Succeeded,1,1,1,180,""
47.5899999999991,"INTERCEPT","解除来袭威胁",NeutralizeHostiles,Active,0,0,2,650,""
47.789999999999061,"TAKEOFF","限时起飞",Takeoff,Succeeded,1,1,1,180,""
47.789999999999061,"INTERCEPT","解除来袭威胁",NeutralizeHostiles,Active,0,0,2,650,""
47.989999999999021,"TAKEOFF","限时起飞",Takeoff,Succeeded,1,1,1,180,""
47.989999999999021,"INTERCEPT","解除来袭威胁",NeutralizeHostiles,Active,0,0,2,650,""
48.189999999998982,"TAKEOFF","限时起飞",Takeoff,Succeeded,1,1,1,180,""
48.189999999998982,"INTERCEPT","解除来袭威胁",NeutralizeHostiles,Active,0,0,2,650,""
48.389999999998942,"TAKEOFF","限时起飞",Takeoff,Succeeded,1,1,1,180,""
48.389999999998942,"INTERCEPT","解除来袭威胁",NeutralizeHostiles,Active,0,0,2,650,""
48.5899999999989,"TAKEOFF","限时起飞",Takeoff,Succeeded,1,1,1,180,""
48.5899999999989,"INTERCEPT","解除来袭威胁",NeutralizeHostiles,Active,0,0,2,650,""
48.789999999998862,"TAKEOFF","限时起飞",Takeoff,Succeeded,1,1,1,180,""
48.789999999998862,"INTERCEPT","解除来袭威胁",NeutralizeHostiles,Active,0,0,2,650,""
48.989999999998822,"TAKEOFF","限时起飞",Takeoff,Succeeded,1,1,1,180,""
48.989999999998822,"INTERCEPT","解除来袭威胁",NeutralizeHostiles,Active,0,0,2,650,""
49.189999999998783,"TAKEOFF","限时起飞",Takeoff,Succeeded,1,1,1,180,""
49.189999999998783,"INTERCEPT","解除来袭威胁",NeutralizeHostiles,Active,0,0,2,650,""
49.389999999998743,"TAKEOFF","限时起飞",Takeoff,Succeeded,1,1,1,180,""
49.389999999998743,"INTERCEPT","解除来袭威胁",NeutralizeHostiles,Active,0,0,2,650,""
49.5899999999987,"TAKEOFF","限时起飞",Takeoff,Succeeded,1,1,1,180,""
49.5899999999987,"INTERCEPT","解除来袭威胁",NeutralizeHostiles,Active,0,0,2,650,""
49.789999999998663,"TAKEOFF","限时起飞",Takeoff,Succeeded,1,1,1,180,""
49.789999999998663,"INTERCEPT","解除来袭威胁",NeutralizeHostiles,Active,0,0,2,650,""
49.989999999998624,"TAKEOFF","限时起飞",Takeoff,Succeeded,1,1,1,180,""
49.989999999998624,"INTERCEPT","解除来袭威胁",NeutralizeHostiles,Active,0,0,2,650,""
50.189999999998584,"TAKEOFF","限时起飞",Takeoff,Succeeded,1,1,1,180,""
50.189999999998584,"INTERCEPT","解除来袭威胁",NeutralizeHostiles,Active,0,0,2,650,""
50.389999999998544,"TAKEOFF","限时起飞",Takeoff,Succeeded,1,1,1,180,""
50.389999999998544,"INTERCEPT","解除来袭威胁",NeutralizeHostiles,Active,0,0,2,650,""
50.589999999998504,"TAKEOFF","限时起飞",Takeoff,Succeeded,1,1,1,180,""
50.589999999998504,"INTERCEPT","解除来袭威胁",NeutralizeHostiles,Active,0,0,2,650,""
50.789999999998464,"TAKEOFF","限时起飞",Takeoff,Succeeded,1,1,1,180,""
50.789999999998464,"INTERCEPT","解除来袭威胁",NeutralizeHostiles,Active,0,0,2,650,""
50.989999999998425,"TAKEOFF","限时起飞",Takeoff,Succeeded,1,1,1,180,""
50.989999999998425,"INTERCEPT","解除来袭威胁",NeutralizeHostiles,Active,0,0,2,650,""
51.189999999998385,"TAKEOFF","限时起飞",Takeoff,Succeeded,1,1,1,180,""
51.189999999998385,"INTERCEPT","解除来袭威胁",NeutralizeHostiles,Active,0,0,2,650,""
51.389999999998345,"TAKEOFF","限时起飞",Takeoff,Succeeded,1,1,1,180,""
51.389999999998345,"INTERCEPT","解除来袭威胁",NeutralizeHostiles,Active,0,0,2,650,""
51.589999999998305,"TAKEOFF","限时起飞",Takeoff,Succeeded,1,1,1,180,""
51.589999999998305,"INTERCEPT","解除来袭威胁",NeutralizeHostiles,Active,0,0,2,650,""
51.789999999998265,"TAKEOFF","限时起飞",Takeoff,Succeeded,1,1,1,180,""
51.789999999998265,"INTERCEPT","解除来袭威胁",NeutralizeHostiles,Active,0,0,2,650,""
51.989999999998226,"TAKEOFF","限时起飞",Takeoff,Succeeded,1,1,1,180,""
51.989999999998226,"INTERCEPT","解除来袭威胁",NeutralizeHostiles,Active,0,0,2,650,""
52.189999999998186,"TAKEOFF","限时起飞",Takeoff,Succeeded,1,1,1,180,""
52.189999999998186,"INTERCEPT","解除来袭威胁",NeutralizeHostiles,Active,0,0,2,650,""
52.389999999998146,"TAKEOFF","限时起飞",Takeoff,Succeeded,1,1,1,180,""
52.389999999998146,"INTERCEPT","解除来袭威胁",NeutralizeHostiles,Active,0,0,2,650,""
52.589999999998106,"TAKEOFF","限时起飞",Takeoff,Succeeded,1,1,1,180,""
52.589999999998106,"INTERCEPT","解除来袭威胁",NeutralizeHostiles,Active,0,0,2,650,""
52.789999999998066,"TAKEOFF","限时起飞",Takeoff,Succeeded,1,1,1,180,""
52.789999999998066,"INTERCEPT","解除来袭威胁",NeutralizeHostiles,Active,0,0,2,650,""
52.989999999998027,"TAKEOFF","限时起飞",Takeoff,Succeeded,1,1,1,180,""
52.989999999998027,"INTERCEPT","解除来袭威胁",NeutralizeHostiles,Active,0,0,2,650,""
53.189999999997987,"TAKEOFF","限时起飞",Takeoff,Succeeded,1,1,1,180,""
53.189999999997987,"INTERCEPT","解除来袭威胁",NeutralizeHostiles,Active,0,0,2,650,""
53.389999999997947,"TAKEOFF","限时起飞",Takeoff,Succeeded,1,1,1,180,""
53.389999999997947,"INTERCEPT","解除来袭威胁",NeutralizeHostiles,Active,0,0,2,650,""
53.589999999997907,"TAKEOFF","限时起飞",Takeoff,Succeeded,1,1,1,180,""
53.589999999997907,"INTERCEPT","解除来袭威胁",NeutralizeHostiles,Active,0,0,2,650,""
53.789999999997868,"TAKEOFF","限时起飞",Takeoff,Succeeded,1,1,1,180,""
53.789999999997868,"INTERCEPT","解除来袭威胁",NeutralizeHostiles,Active,0,0,2,650,""
53.989999999997828,"TAKEOFF","限时起飞",Takeoff,Succeeded,1,1,1,180,""
53.989999999997828,"INTERCEPT","解除来袭威胁",NeutralizeHostiles,Active,0,0,2,650,""
54.189999999997788,"TAKEOFF","限时起飞",Takeoff,Succeeded,1,1,1,180,""
54.189999999997788,"INTERCEPT","解除来袭威胁",NeutralizeHostiles,Active,0,0,2,650,""
54.389999999997748,"TAKEOFF","限时起飞",Takeoff,Succeeded,1,1,1,180,""
54.389999999997748,"INTERCEPT","解除来袭威胁",NeutralizeHostiles,Active,0,0,2,650,""
54.589999999997708,"TAKEOFF","限时起飞",Takeoff,Succeeded,1,1,1,180,""
54.589999999997708,"INTERCEPT","解除来袭威胁",NeutralizeHostiles,Active,0,0,2,650,""
54.789999999997669,"TAKEOFF","限时起飞",Takeoff,Succeeded,1,1,1,180,""
54.789999999997669,"INTERCEPT","解除来袭威胁",NeutralizeHostiles,Active,0,0,2,650,""
54.989999999997629,"TAKEOFF","限时起飞",Takeoff,Succeeded,1,1,1,180,""
54.989999999997629,"INTERCEPT","解除来袭威胁",NeutralizeHostiles,Active,0,0,2,650,""
55.189999999997589,"TAKEOFF","限时起飞",Takeoff,Succeeded,1,1,1,180,""
55.189999999997589,"INTERCEPT","解除来袭威胁",NeutralizeHostiles,Active,0,0,2,650,""
55.389999999997549,"TAKEOFF","限时起飞",Takeoff,Succeeded,1,1,1,180,""
55.389999999997549,"INTERCEPT","解除来袭威胁",NeutralizeHostiles,Active,0,0,2,650,""
55.589999999997509,"TAKEOFF","限时起飞",Takeoff,Succeeded,1,1,1,180,""
55.589999999997509,"INTERCEPT","解除来袭威胁",NeutralizeHostiles,Active,0,0,2,650,""
55.78999999999747,"TAKEOFF","限时起飞",Takeoff,Succeeded,1,1,1,180,""
55.78999999999747,"INTERCEPT","解除来袭威胁",NeutralizeHostiles,Active,0,0,2,650,""
55.98999999999743,"TAKEOFF","限时起飞",Takeoff,Succeeded,1,1,1,180,""
55.98999999999743,"INTERCEPT","解除来袭威胁",NeutralizeHostiles,Active,0,0,2,650,""
56.18999999999739,"TAKEOFF","限时起飞",Takeoff,Succeeded,1,1,1,180,""
56.18999999999739,"INTERCEPT","解除来袭威胁",NeutralizeHostiles,Active,0,0,2,650,""
56.38999999999735,"TAKEOFF","限时起飞",Takeoff,Succeeded,1,1,1,180,""
56.38999999999735,"INTERCEPT","解除来袭威胁",NeutralizeHostiles,Active,0,0,2,650,""
56.58999999999731,"TAKEOFF","限时起飞",Takeoff,Succeeded,1,1,1,180,""
56.58999999999731,"INTERCEPT","解除来袭威胁",NeutralizeHostiles,Active,0,0,2,650,""
56.789999999997271,"TAKEOFF","限时起飞",Takeoff,Succeeded,1,1,1,180,""
56.789999999997271,"INTERCEPT","解除来袭威胁",NeutralizeHostiles,Active,0,0,2,650,""
56.989999999997231,"TAKEOFF","限时起飞",Takeoff,Succeeded,1,1,1,180,""
56.989999999997231,"INTERCEPT","解除来袭威胁",NeutralizeHostiles,Active,0,0,2,650,""
57.189999999997191,"TAKEOFF","限时起飞",Takeoff,Succeeded,1,1,1,180,""
57.189999999997191,"INTERCEPT","解除来袭威胁",NeutralizeHostiles,Active,0,0,2,650,""
57.389999999997151,"TAKEOFF","限时起飞",Takeoff,Succeeded,1,1,1,180,""
57.389999999997151,"INTERCEPT","解除来袭威胁",NeutralizeHostiles,Active,0,0,2,650,""
57.589999999997112,"TAKEOFF","限时起飞",Takeoff,Succeeded,1,1,1,180,""
57.589999999997112,"INTERCEPT","解除来袭威胁",NeutralizeHostiles,Active,0,0,2,650,""
57.789999999997072,"TAKEOFF","限时起飞",Takeoff,Succeeded,1,1,1,180,""
57.789999999997072,"INTERCEPT","解除来袭威胁",NeutralizeHostiles,Active,0,0,2,650,""
57.989999999997032,"TAKEOFF","限时起飞",Takeoff,Succeeded,1,1,1,180,""
57.989999999997032,"INTERCEPT","解除来袭威胁",NeutralizeHostiles,Active,0,0,2,650,""
58.189999999996992,"TAKEOFF","限时起飞",Takeoff,Succeeded,1,1,1,180,""
58.189999999996992,"INTERCEPT","解除来袭威胁",NeutralizeHostiles,Active,0,0,2,650,""
58.389999999996952,"TAKEOFF","限时起飞",Takeoff,Succeeded,1,1,1,180,""
58.389999999996952,"INTERCEPT","解除来袭威胁",NeutralizeHostiles,Active,0,0,2,650,""
58.589999999996913,"TAKEOFF","限时起飞",Takeoff,Succeeded,1,1,1,180,""
58.589999999996913,"INTERCEPT","解除来袭威胁",NeutralizeHostiles,Active,0,0,2,650,""
58.789999999996873,"TAKEOFF","限时起飞",Takeoff,Succeeded,1,1,1,180,""
58.789999999996873,"INTERCEPT","解除来袭威胁",NeutralizeHostiles,Active,0,0,2,650,""
58.989999999996833,"TAKEOFF","限时起飞",Takeoff,Succeeded,1,1,1,180,""
58.989999999996833,"INTERCEPT","解除来袭威胁",NeutralizeHostiles,Active,0,0,2,650,""
59.189999999996793,"TAKEOFF","限时起飞",Takeoff,Succeeded,1,1,1,180,""
59.189999999996793,"INTERCEPT","解除来袭威胁",NeutralizeHostiles,Active,0,0,2,650,""
59.389999999996753,"TAKEOFF","限时起飞",Takeoff,Succeeded,1,1,1,180,""
59.389999999996753,"INTERCEPT","解除来袭威胁",NeutralizeHostiles,Active,0,0,2,650,""
59.589999999996714,"TAKEOFF","限时起飞",Takeoff,Succeeded,1,1,1,180,""
59.589999999996714,"INTERCEPT","解除来袭威胁",NeutralizeHostiles,Active,0,0,2,650,""
59.789999999996674,"TAKEOFF","限时起飞",Takeoff,Succeeded,1,1,1,180,""
59.789999999996674,"INTERCEPT","解除来袭威胁",NeutralizeHostiles,Active,0,0,2,650,""
59.989999999996634,"TAKEOFF","限时起飞",Takeoff,Succeeded,1,1,1,180,""
59.989999999996634,"INTERCEPT","解除来袭威胁",NeutralizeHostiles,Active,0,0,2,650,""
60.189999999996594,"TAKEOFF","限时起飞",Takeoff,Succeeded,1,1,1,180,""
60.189999999996594,"INTERCEPT","解除来袭威胁",NeutralizeHostiles,Active,0,0,2,650,""
60.389999999996554,"TAKEOFF","限时起飞",Takeoff,Succeeded,1,1,1,180,""
60.389999999996554,"INTERCEPT","解除来袭威胁",NeutralizeHostiles,Active,0,0,2,650,""
60.589999999996515,"TAKEOFF","限时起飞",Takeoff,Succeeded,1,1,1,180,""
60.589999999996515,"INTERCEPT","解除来袭威胁",NeutralizeHostiles,Active,0,0,2,650,""
60.789999999996475,"TAKEOFF","限时起飞",Takeoff,Succeeded,1,1,1,180,""
60.789999999996475,"INTERCEPT","解除来袭威胁",NeutralizeHostiles,Active,0,0,2,650,""
60.989999999996435,"TAKEOFF","限时起飞",Takeoff,Succeeded,1,1,1,180,""
60.989999999996435,"INTERCEPT","解除来袭威胁",NeutralizeHostiles,Active,0,0,2,650,""
61.189999999996395,"TAKEOFF","限时起飞",Takeoff,Succeeded,1,1,1,180,""
61.189999999996395,"INTERCEPT","解除来袭威胁",NeutralizeHostiles,Active,0,0,2,650,""
61.389999999996355,"TAKEOFF","限时起飞",Takeoff,Succeeded,1,1,1,180,""
61.389999999996355,"INTERCEPT","解除来袭威胁",NeutralizeHostiles,Active,0,0,2,650,""
61.589999999996316,"TAKEOFF","限时起飞",Takeoff,Succeeded,1,1,1,180,""
61.589999999996316,"INTERCEPT","解除来袭威胁",NeutralizeHostiles,Active,0,0,2,650,""
61.789999999996276,"TAKEOFF","限时起飞",Takeoff,Succeeded,1,1,1,180,""
61.789999999996276,"INTERCEPT","解除来袭威胁",NeutralizeHostiles,Active,0,0,2,650,""
61.989999999996236,"TAKEOFF","限时起飞",Takeoff,Succeeded,1,1,1,180,""
61.989999999996236,"INTERCEPT","解除来袭威胁",NeutralizeHostiles,Active,0,0,2,650,""
62.189999999996196,"TAKEOFF","限时起飞",Takeoff,Succeeded,1,1,1,180,""
62.189999999996196,"INTERCEPT","解除来袭威胁",NeutralizeHostiles,Active,0,0,2,650,""
62.389999999996157,"TAKEOFF","限时起飞",Takeoff,Succeeded,1,1,1,180,""
62.389999999996157,"INTERCEPT","解除来袭威胁",NeutralizeHostiles,Active,0,0,2,650,""
62.589999999996117,"TAKEOFF","限时起飞",Takeoff,Succeeded,1,1,1,180,""
62.589999999996117,"INTERCEPT","解除来袭威胁",NeutralizeHostiles,Active,0,0,2,650,""
62.789999999996077,"TAKEOFF","限时起飞",Takeoff,Succeeded,1,1,1,180,""
62.789999999996077,"INTERCEPT","解除来袭威胁",NeutralizeHostiles,Active,0,0,2,650,""
62.989999999996037,"TAKEOFF","限时起飞",Takeoff,Succeeded,1,1,1,180,""
62.989999999996037,"INTERCEPT","解除来袭威胁",NeutralizeHostiles,Active,0,0,2,650,""
63.189999999996,"TAKEOFF","限时起飞",Takeoff,Succeeded,1,1,1,180,""
63.189999999996,"INTERCEPT","解除来袭威胁",NeutralizeHostiles,Active,0,0,2,650,""
63.389999999995958,"TAKEOFF","限时起飞",Takeoff,Succeeded,1,1,1,180,""
63.389999999995958,"INTERCEPT","解除来袭威胁",NeutralizeHostiles,Active,0,0,2,650,""
63.589999999995918,"TAKEOFF","限时起飞",Takeoff,Succeeded,1,1,1,180,""
63.589999999995918,"INTERCEPT","解除来袭威胁",NeutralizeHostiles,Active,0,0,2,650,""
63.789999999995878,"TAKEOFF","限时起飞",Takeoff,Succeeded,1,1,1,180,""
63.789999999995878,"INTERCEPT","解除来袭威胁",NeutralizeHostiles,Active,0,0,2,650,""
63.989999999995838,"TAKEOFF","限时起飞",Takeoff,Succeeded,1,1,1,180,""
63.989999999995838,"INTERCEPT","解除来袭威胁",NeutralizeHostiles,Active,0,0,2,650,""
64.189999999995933,"TAKEOFF","限时起飞",Takeoff,Succeeded,1,1,1,180,""
64.189999999995933,"INTERCEPT","解除来袭威胁",NeutralizeHostiles,Active,0,0,2,650,""
64.389999999996036,"TAKEOFF","限时起飞",Takeoff,Succeeded,1,1,1,180,""
64.389999999996036,"INTERCEPT","解除来袭威胁",NeutralizeHostiles,Active,0,0,2,650,""
64.589999999996138,"TAKEOFF","限时起飞",Takeoff,Succeeded,1,1,1,180,""
64.589999999996138,"INTERCEPT","解除来袭威胁",NeutralizeHostiles,Active,0,0,2,650,""
64.78999999999624,"TAKEOFF","限时起飞",Takeoff,Succeeded,1,1,1,180,""
64.78999999999624,"INTERCEPT","解除来袭威胁",NeutralizeHostiles,Active,0,0,2,650,""
64.989999999996343,"TAKEOFF","限时起飞",Takeoff,Succeeded,1,1,1,180,""
64.989999999996343,"INTERCEPT","解除来袭威胁",NeutralizeHostiles,Active,0,0,2,650,""
65.189999999996445,"TAKEOFF","限时起飞",Takeoff,Succeeded,1,1,1,180,""
65.189999999996445,"INTERCEPT","解除来袭威胁",NeutralizeHostiles,Active,0,0,2,650,""
65.389999999996547,"TAKEOFF","限时起飞",Takeoff,Succeeded,1,1,1,180,""
65.389999999996547,"INTERCEPT","解除来袭威胁",NeutralizeHostiles,Active,0,0,2,650,""
65.58999999999665,"TAKEOFF","限时起飞",Takeoff,Succeeded,1,1,1,180,""
65.58999999999665,"INTERCEPT","解除来袭威胁",NeutralizeHostiles,Active,0,0,2,650,""
65.789999999996752,"TAKEOFF","限时起飞",Takeoff,Succeeded,1,1,1,180,""
65.789999999996752,"INTERCEPT","解除来袭威胁",NeutralizeHostiles,Active,0,0,2,650,""
65.989999999996854,"TAKEOFF","限时起飞",Takeoff,Succeeded,1,1,1,180,""
65.989999999996854,"INTERCEPT","解除来袭威胁",NeutralizeHostiles,Active,0,0,2,650,""
66.189999999996957,"TAKEOFF","限时起飞",Takeoff,Succeeded,1,1,1,180,""
66.189999999996957,"INTERCEPT","解除来袭威胁",NeutralizeHostiles,Active,0,0,2,650,""
66.389999999997059,"TAKEOFF","限时起飞",Takeoff,Succeeded,1,1,1,180,""
66.389999999997059,"INTERCEPT","解除来袭威胁",NeutralizeHostiles,Active,0,0,2,650,""
66.589999999997161,"TAKEOFF","限时起飞",Takeoff,Succeeded,1,1,1,180,""
66.589999999997161,"INTERCEPT","解除来袭威胁",NeutralizeHostiles,Active,0,0,2,650,""
66.789999999997264,"TAKEOFF","限时起飞",Takeoff,Succeeded,1,1,1,180,""
66.789999999997264,"INTERCEPT","解除来袭威胁",NeutralizeHostiles,Active,0,0,2,650,""
66.989999999997366,"TAKEOFF","限时起飞",Takeoff,Succeeded,1,1,1,180,""
66.989999999997366,"INTERCEPT","解除来袭威胁",NeutralizeHostiles,Active,0,0,2,650,""
67.189999999997468,"TAKEOFF","限时起飞",Takeoff,Succeeded,1,1,1,180,""
67.189999999997468,"INTERCEPT","解除来袭威胁",NeutralizeHostiles,Active,0,0,2,650,""
67.389999999997571,"TAKEOFF","限时起飞",Takeoff,Succeeded,1,1,1,180,""
67.389999999997571,"INTERCEPT","解除来袭威胁",NeutralizeHostiles,Active,0,0,2,650,""
67.589999999997673,"TAKEOFF","限时起飞",Takeoff,Succeeded,1,1,1,180,""
67.589999999997673,"INTERCEPT","解除来袭威胁",NeutralizeHostiles,Active,0,0,2,650,""
67.789999999997775,"TAKEOFF","限时起飞",Takeoff,Succeeded,1,1,1,180,""
67.789999999997775,"INTERCEPT","解除来袭威胁",NeutralizeHostiles,Active,0,0,2,650,""
67.989999999997877,"TAKEOFF","限时起飞",Takeoff,Succeeded,1,1,1,180,""
67.989999999997877,"INTERCEPT","解除来袭威胁",NeutralizeHostiles,Active,0,0,2,650,""
68.18999999999798,"TAKEOFF","限时起飞",Takeoff,Succeeded,1,1,1,180,""
68.18999999999798,"INTERCEPT","解除来袭威胁",NeutralizeHostiles,Active,0,0,2,650,""
68.389999999998082,"TAKEOFF","限时起飞",Takeoff,Succeeded,1,1,1,180,""
68.389999999998082,"INTERCEPT","解除来袭威胁",NeutralizeHostiles,Active,0,0,2,650,""
68.589999999998184,"TAKEOFF","限时起飞",Takeoff,Succeeded,1,1,1,180,""
68.589999999998184,"INTERCEPT","解除来袭威胁",NeutralizeHostiles,Active,0,0,2,650,""
68.789999999998287,"TAKEOFF","限时起飞",Takeoff,Succeeded,1,1,1,180,""
68.789999999998287,"INTERCEPT","解除来袭威胁",NeutralizeHostiles,Active,0,0,2,650,""
68.989999999998389,"TAKEOFF","限时起飞",Takeoff,Succeeded,1,1,1,180,""
68.989999999998389,"INTERCEPT","解除来袭威胁",NeutralizeHostiles,Active,0,0,2,650,""
69.189999999998491,"TAKEOFF","限时起飞",Takeoff,Succeeded,1,1,1,180,""
69.189999999998491,"INTERCEPT","解除来袭威胁",NeutralizeHostiles,Active,0,0,2,650,""
69.3899999999986,"TAKEOFF","限时起飞",Takeoff,Succeeded,1,1,1,180,""
69.3899999999986,"INTERCEPT","解除来袭威胁",NeutralizeHostiles,Active,0,0,2,650,""
69.5899999999987,"TAKEOFF","限时起飞",Takeoff,Succeeded,1,1,1,180,""
69.5899999999987,"INTERCEPT","解除来袭威胁",NeutralizeHostiles,Active,0,0,2,650,""
69.7899999999988,"TAKEOFF","限时起飞",Takeoff,Succeeded,1,1,1,180,""
69.7899999999988,"INTERCEPT","解除来袭威胁",NeutralizeHostiles,Active,0,0,2,650,""
69.9899999999989,"TAKEOFF","限时起飞",Takeoff,Succeeded,1,1,1,180,""
69.9899999999989,"INTERCEPT","解除来袭威胁",NeutralizeHostiles,Active,0,0,2,650,""
70.189999999999,"TAKEOFF","限时起飞",Takeoff,Succeeded,1,1,1,180,""
70.189999999999,"INTERCEPT","解除来袭威胁",NeutralizeHostiles,Active,0,0,2,650,""
70.3899999999991,"TAKEOFF","限时起飞",Takeoff,Succeeded,1,1,1,180,""
70.3899999999991,"INTERCEPT","解除来袭威胁",NeutralizeHostiles,Active,0,0,2,650,""
70.589999999999208,"TAKEOFF","限时起飞",Takeoff,Succeeded,1,1,1,180,""
70.589999999999208,"INTERCEPT","解除来袭威胁",NeutralizeHostiles,Active,0,0,2,650,""
70.78999999999931,"TAKEOFF","限时起飞",Takeoff,Succeeded,1,1,1,180,""
70.78999999999931,"INTERCEPT","解除来袭威胁",NeutralizeHostiles,Active,0,0,2,650,""
70.989999999999412,"TAKEOFF","限时起飞",Takeoff,Succeeded,1,1,1,180,""
70.989999999999412,"INTERCEPT","解除来袭威胁",NeutralizeHostiles,Active,0,0,2,650,""
71.189999999999515,"TAKEOFF","限时起飞",Takeoff,Succeeded,1,1,1,180,""
71.189999999999515,"INTERCEPT","解除来袭威胁",NeutralizeHostiles,Active,0,0,2,650,""
71.389999999999617,"TAKEOFF","限时起飞",Takeoff,Succeeded,1,1,1,180,""
71.389999999999617,"INTERCEPT","解除来袭威胁",NeutralizeHostiles,Active,0,0,2,650,""
71.589999999999719,"TAKEOFF","限时起飞",Takeoff,Succeeded,1,1,1,180,""
71.589999999999719,"INTERCEPT","解除来袭威胁",NeutralizeHostiles,Active,0,0,2,650,""
71.789999999999822,"TAKEOFF","限时起飞",Takeoff,Succeeded,1,1,1,180,""
71.789999999999822,"INTERCEPT","解除来袭威胁",NeutralizeHostiles,Active,0,0,2,650,""
71.989999999999924,"TAKEOFF","限时起飞",Takeoff,Succeeded,1,1,1,180,""
71.989999999999924,"INTERCEPT","解除来袭威胁",NeutralizeHostiles,Active,0,0,2,650,""
72.190000000000026,"TAKEOFF","限时起飞",Takeoff,Succeeded,1,1,1,180,""
72.190000000000026,"INTERCEPT","解除来袭威胁",NeutralizeHostiles,Active,0,0,2,650,""
72.390000000000128,"TAKEOFF","限时起飞",Takeoff,Succeeded,1,1,1,180,""
72.390000000000128,"INTERCEPT","解除来袭威胁",NeutralizeHostiles,Active,0,0,2,650,""
72.590000000000231,"TAKEOFF","限时起飞",Takeoff,Succeeded,1,1,1,180,""
72.590000000000231,"INTERCEPT","解除来袭威胁",NeutralizeHostiles,Active,0,0,2,650,""
72.790000000000333,"TAKEOFF","限时起飞",Takeoff,Succeeded,1,1,1,180,""
72.790000000000333,"INTERCEPT","解除来袭威胁",NeutralizeHostiles,Active,0,0,2,650,""
72.990000000000435,"TAKEOFF","限时起飞",Takeoff,Succeeded,1,1,1,180,""
72.990000000000435,"INTERCEPT","解除来袭威胁",NeutralizeHostiles,Active,0,0,2,650,""
73.190000000000538,"TAKEOFF","限时起飞",Takeoff,Succeeded,1,1,1,180,""
73.190000000000538,"INTERCEPT","解除来袭威胁",NeutralizeHostiles,Active,0,0,2,650,""
73.39000000000064,"TAKEOFF","限时起飞",Takeoff,Succeeded,1,1,1,180,""
73.39000000000064,"INTERCEPT","解除来袭威胁",NeutralizeHostiles,Active,0,0,2,650,""
73.590000000000742,"TAKEOFF","限时起飞",Takeoff,Succeeded,1,1,1,180,""
73.590000000000742,"INTERCEPT","解除来袭威胁",NeutralizeHostiles,Active,0,0,2,650,""
73.790000000000845,"TAKEOFF","限时起飞",Takeoff,Succeeded,1,1,1,180,""
73.790000000000845,"INTERCEPT","解除来袭威胁",NeutralizeHostiles,Active,0,0,2,650,""
73.990000000000947,"TAKEOFF","限时起飞",Takeoff,Succeeded,1,1,1,180,""
73.990000000000947,"INTERCEPT","解除来袭威胁",NeutralizeHostiles,Active,0,0,2,650,""
74.190000000001049,"TAKEOFF","限时起飞",Takeoff,Succeeded,1,1,1,180,""
74.190000000001049,"INTERCEPT","解除来袭威胁",NeutralizeHostiles,Active,0,0,2,650,""
74.390000000001152,"TAKEOFF","限时起飞",Takeoff,Succeeded,1,1,1,180,""
74.390000000001152,"INTERCEPT","解除来袭威胁",NeutralizeHostiles,Active,0,0,2,650,""
74.590000000001254,"TAKEOFF","限时起飞",Takeoff,Succeeded,1,1,1,180,""
74.590000000001254,"INTERCEPT","解除来袭威胁",NeutralizeHostiles,Active,0,0,2,650,""
74.790000000001356,"TAKEOFF","限时起飞",Takeoff,Succeeded,1,1,1,180,""
74.790000000001356,"INTERCEPT","解除来袭威胁",NeutralizeHostiles,Active,0,0,2,650,""
74.990000000001459,"TAKEOFF","限时起飞",Takeoff,Succeeded,1,1,1,180,""
74.990000000001459,"INTERCEPT","解除来袭威胁",NeutralizeHostiles,Active,0,0,2,650,""
75.190000000001561,"TAKEOFF","限时起飞",Takeoff,Succeeded,1,1,1,180,""
75.190000000001561,"INTERCEPT","解除来袭威胁",NeutralizeHostiles,Active,0,0,2,650,""
75.390000000001663,"TAKEOFF","限时起飞",Takeoff,Succeeded,1,1,1,180,""
75.390000000001663,"INTERCEPT","解除来袭威胁",NeutralizeHostiles,Active,0,0,2,650,""
75.590000000001766,"TAKEOFF","限时起飞",Takeoff,Succeeded,1,1,1,180,""
75.590000000001766,"INTERCEPT","解除来袭威胁",NeutralizeHostiles,Active,0,0,2,650,""
75.790000000001868,"TAKEOFF","限时起飞",Takeoff,Succeeded,1,1,1,180,""
75.790000000001868,"INTERCEPT","解除来袭威胁",NeutralizeHostiles,Active,0,0,2,650,""
75.99000000000197,"TAKEOFF","限时起飞",Takeoff,Succeeded,1,1,1,180,""
75.99000000000197,"INTERCEPT","解除来袭威胁",NeutralizeHostiles,Active,0,0,2,650,""
76.190000000002073,"TAKEOFF","限时起飞",Takeoff,Succeeded,1,1,1,180,""
76.190000000002073,"INTERCEPT","解除来袭威胁",NeutralizeHostiles,Active,0,0,2,650,""
76.390000000002175,"TAKEOFF","限时起飞",Takeoff,Succeeded,1,1,1,180,""
76.390000000002175,"INTERCEPT","解除来袭威胁",NeutralizeHostiles,Active,0,0,2,650,""
76.590000000002277,"TAKEOFF","限时起飞",Takeoff,Succeeded,1,1,1,180,""
76.590000000002277,"INTERCEPT","解除来袭威胁",NeutralizeHostiles,Active,0,0,2,650,""
76.790000000002379,"TAKEOFF","限时起飞",Takeoff,Succeeded,1,1,1,180,""
76.790000000002379,"INTERCEPT","解除来袭威胁",NeutralizeHostiles,Active,0,0,2,650,""
76.990000000002482,"TAKEOFF","限时起飞",Takeoff,Succeeded,1,1,1,180,""
76.990000000002482,"INTERCEPT","解除来袭威胁",NeutralizeHostiles,Active,0,0,2,650,""
77.190000000002584,"TAKEOFF","限时起飞",Takeoff,Succeeded,1,1,1,180,""
77.190000000002584,"INTERCEPT","解除来袭威胁",NeutralizeHostiles,Active,0,0,2,650,""
77.390000000002686,"TAKEOFF","限时起飞",Takeoff,Succeeded,1,1,1,180,""
77.390000000002686,"INTERCEPT","解除来袭威胁",NeutralizeHostiles,Active,0,0,2,650,""
77.590000000002789,"TAKEOFF","限时起飞",Takeoff,Succeeded,1,1,1,180,""
77.590000000002789,"INTERCEPT","解除来袭威胁",NeutralizeHostiles,Active,0,0,2,650,""
77.790000000002891,"TAKEOFF","限时起飞",Takeoff,Succeeded,1,1,1,180,""
77.790000000002891,"INTERCEPT","解除来袭威胁",NeutralizeHostiles,Active,0,0,2,650,""
77.990000000003,"TAKEOFF","限时起飞",Takeoff,Succeeded,1,1,1,180,""
77.990000000003,"INTERCEPT","解除来袭威胁",NeutralizeHostiles,Active,0,0,2,650,""
78.1900000000031,"TAKEOFF","限时起飞",Takeoff,Succeeded,1,1,1,180,""
78.1900000000031,"INTERCEPT","解除来袭威胁",NeutralizeHostiles,Active,0,0,2,650,""
78.3900000000032,"TAKEOFF","限时起飞",Takeoff,Succeeded,1,1,1,180,""
78.3900000000032,"INTERCEPT","解除来袭威胁",NeutralizeHostiles,Active,0,0,2,650,""
78.5900000000033,"TAKEOFF","限时起飞",Takeoff,Succeeded,1,1,1,180,""
78.5900000000033,"INTERCEPT","解除来袭威胁",NeutralizeHostiles,Active,0,0,2,650,""
78.7900000000034,"TAKEOFF","限时起飞",Takeoff,Succeeded,1,1,1,180,""
78.7900000000034,"INTERCEPT","解除来袭威胁",NeutralizeHostiles,Active,0,0,2,650,""
78.9900000000035,"TAKEOFF","限时起飞",Takeoff,Succeeded,1,1,1,180,""
78.9900000000035,"INTERCEPT","解除来袭威胁",NeutralizeHostiles,Active,0,0,2,650,""
79.190000000003607,"TAKEOFF","限时起飞",Takeoff,Succeeded,1,1,1,180,""
79.190000000003607,"INTERCEPT","解除来袭威胁",NeutralizeHostiles,Active,0,0,2,650,""
79.39000000000371,"TAKEOFF","限时起飞",Takeoff,Succeeded,1,1,1,180,""
79.39000000000371,"INTERCEPT","解除来袭威胁",NeutralizeHostiles,Active,0,0,2,650,""
79.590000000003812,"TAKEOFF","限时起飞",Takeoff,Succeeded,1,1,1,180,""
79.590000000003812,"INTERCEPT","解除来袭威胁",NeutralizeHostiles,Active,0,0,2,650,""
79.790000000003914,"TAKEOFF","限时起飞",Takeoff,Succeeded,1,1,1,180,""
79.790000000003914,"INTERCEPT","解除来袭威胁",NeutralizeHostiles,Active,0,0,2,650,""
79.990000000004017,"TAKEOFF","限时起飞",Takeoff,Succeeded,1,1,1,180,""
79.990000000004017,"INTERCEPT","解除来袭威胁",NeutralizeHostiles,Active,0,0,2,650,""
80.190000000004119,"TAKEOFF","限时起飞",Takeoff,Succeeded,1,1,1,180,""
80.190000000004119,"INTERCEPT","解除来袭威胁",NeutralizeHostiles,Active,0,0,2,650,""
80.390000000004221,"TAKEOFF","限时起飞",Takeoff,Succeeded,1,1,1,180,""
80.390000000004221,"INTERCEPT","解除来袭威胁",NeutralizeHostiles,Active,0,0,2,650,""
80.590000000004324,"TAKEOFF","限时起飞",Takeoff,Succeeded,1,1,1,180,""
80.590000000004324,"INTERCEPT","解除来袭威胁",NeutralizeHostiles,Active,0,0,2,650,""
80.790000000004426,"TAKEOFF","限时起飞",Takeoff,Succeeded,1,1,1,180,""
80.790000000004426,"INTERCEPT","解除来袭威胁",NeutralizeHostiles,Active,0,0,2,650,""
80.990000000004528,"TAKEOFF","限时起飞",Takeoff,Succeeded,1,1,1,180,""
80.990000000004528,"INTERCEPT","解除来袭威胁",NeutralizeHostiles,Active,0,0,2,650,""
81.19000000000463,"TAKEOFF","限时起飞",Takeoff,Succeeded,1,1,1,180,""
81.19000000000463,"INTERCEPT","解除来袭威胁",NeutralizeHostiles,Active,0,0,2,650,""
81.390000000004733,"TAKEOFF","限时起飞",Takeoff,Succeeded,1,1,1,180,""
81.390000000004733,"INTERCEPT","解除来袭威胁",NeutralizeHostiles,Active,0,0,2,650,""
81.590000000004835,"TAKEOFF","限时起飞",Takeoff,Succeeded,1,1,1,180,""
81.590000000004835,"INTERCEPT","解除来袭威胁",NeutralizeHostiles,Active,0,0,2,650,""
81.790000000004937,"TAKEOFF","限时起飞",Takeoff,Succeeded,1,1,1,180,""
81.790000000004937,"INTERCEPT","解除来袭威胁",NeutralizeHostiles,Active,0,0,2,650,""
81.99000000000504,"TAKEOFF","限时起飞",Takeoff,Succeeded,1,1,1,180,""
81.99000000000504,"INTERCEPT","解除来袭威胁",NeutralizeHostiles,Active,0,0,2,650,""
82.190000000005142,"TAKEOFF","限时起飞",Takeoff,Succeeded,1,1,1,180,""
82.190000000005142,"INTERCEPT","解除来袭威胁",NeutralizeHostiles,Active,0,0,2,650,""
82.390000000005244,"TAKEOFF","限时起飞",Takeoff,Succeeded,1,1,1,180,""
82.390000000005244,"INTERCEPT","解除来袭威胁",NeutralizeHostiles,Active,0,0,2,650,""
82.590000000005347,"TAKEOFF","限时起飞",Takeoff,Succeeded,1,1,1,180,""
82.590000000005347,"INTERCEPT","解除来袭威胁",NeutralizeHostiles,Active,0,0,2,650,""
82.790000000005449,"TAKEOFF","限时起飞",Takeoff,Succeeded,1,1,1,180,""
82.790000000005449,"INTERCEPT","解除来袭威胁",NeutralizeHostiles,Active,0,0,2,650,""
82.990000000005551,"TAKEOFF","限时起飞",Takeoff,Succeeded,1,1,1,180,""
82.990000000005551,"INTERCEPT","解除来袭威胁",NeutralizeHostiles,Active,0,0,2,650,""
83.190000000005654,"TAKEOFF","限时起飞",Takeoff,Succeeded,1,1,1,180,""
83.190000000005654,"INTERCEPT","解除来袭威胁",NeutralizeHostiles,Active,0,0,2,650,""
83.390000000005756,"TAKEOFF","限时起飞",Takeoff,Succeeded,1,1,1,180,""
83.390000000005756,"INTERCEPT","解除来袭威胁",NeutralizeHostiles,Active,0,0,2,650,""
83.590000000005858,"TAKEOFF","限时起飞",Takeoff,Succeeded,1,1,1,180,""
83.590000000005858,"INTERCEPT","解除来袭威胁",NeutralizeHostiles,Active,0,0,2,650,""
83.790000000005961,"TAKEOFF","限时起飞",Takeoff,Succeeded,1,1,1,180,""
83.790000000005961,"INTERCEPT","解除来袭威胁",NeutralizeHostiles,Active,0,0,2,650,""
83.990000000006063,"TAKEOFF","限时起飞",Takeoff,Succeeded,1,1,1,180,""
83.990000000006063,"INTERCEPT","解除来袭威胁",NeutralizeHostiles,Active,0,0,2,650,""
84.190000000006165,"TAKEOFF","限时起飞",Takeoff,Succeeded,1,1,1,180,""
84.190000000006165,"INTERCEPT","解除来袭威胁",NeutralizeHostiles,Active,0,0,2,650,""
84.390000000006268,"TAKEOFF","限时起飞",Takeoff,Succeeded,1,1,1,180,""
84.390000000006268,"INTERCEPT","解除来袭威胁",NeutralizeHostiles,Active,0,0,2,650,""
84.59000000000637,"TAKEOFF","限时起飞",Takeoff,Succeeded,1,1,1,180,""
84.59000000000637,"INTERCEPT","解除来袭威胁",NeutralizeHostiles,Active,0,0,2,650,""
84.790000000006472,"TAKEOFF","限时起飞",Takeoff,Succeeded,1,1,1,180,""
84.790000000006472,"INTERCEPT","解除来袭威胁",NeutralizeHostiles,Active,0,0,2,650,""
84.990000000006575,"TAKEOFF","限时起飞",Takeoff,Succeeded,1,1,1,180,""
84.990000000006575,"INTERCEPT","解除来袭威胁",NeutralizeHostiles,Active,0,0,2,650,""
85.190000000006677,"TAKEOFF","限时起飞",Takeoff,Succeeded,1,1,1,180,""
85.190000000006677,"INTERCEPT","解除来袭威胁",NeutralizeHostiles,Active,0,0,2,650,""
85.390000000006779,"TAKEOFF","限时起飞",Takeoff,Succeeded,1,1,1,180,""
85.390000000006779,"INTERCEPT","解除来袭威胁",NeutralizeHostiles,Active,0,0,2,650,""
85.590000000006881,"TAKEOFF","限时起飞",Takeoff,Succeeded,1,1,1,180,""
85.590000000006881,"INTERCEPT","解除来袭威胁",NeutralizeHostiles,Active,0,0,2,650,""
85.790000000006984,"TAKEOFF","限时起飞",Takeoff,Succeeded,1,1,1,180,""
85.790000000006984,"INTERCEPT","解除来袭威胁",NeutralizeHostiles,Active,0,0,2,650,""
85.990000000007086,"TAKEOFF","限时起飞",Takeoff,Succeeded,1,1,1,180,""
85.990000000007086,"INTERCEPT","解除来袭威胁",NeutralizeHostiles,Active,0,0,2,650,""
86.190000000007188,"TAKEOFF","限时起飞",Takeoff,Succeeded,1,1,1,180,""
86.190000000007188,"INTERCEPT","解除来袭威胁",NeutralizeHostiles,Active,0,0,2,650,""
86.390000000007291,"TAKEOFF","限时起飞",Takeoff,Succeeded,1,1,1,180,""
86.390000000007291,"INTERCEPT","解除来袭威胁",NeutralizeHostiles,Active,0,0,2,650,""
86.5900000000074,"TAKEOFF","限时起飞",Takeoff,Succeeded,1,1,1,180,""
86.5900000000074,"INTERCEPT","解除来袭威胁",NeutralizeHostiles,Active,0,0,2,650,""
86.7900000000075,"TAKEOFF","限时起飞",Takeoff,Succeeded,1,1,1,180,""
86.7900000000075,"INTERCEPT","解除来袭威胁",NeutralizeHostiles,Active,0,0,2,650,""
86.9900000000076,"TAKEOFF","限时起飞",Takeoff,Succeeded,1,1,1,180,""
86.9900000000076,"INTERCEPT","解除来袭威胁",NeutralizeHostiles,Active,0,0,2,650,""
87.1900000000077,"TAKEOFF","限时起飞",Takeoff,Succeeded,1,1,1,180,""
87.1900000000077,"INTERCEPT","解除来袭威胁",NeutralizeHostiles,Active,0,0,2,650,""
87.3900000000078,"TAKEOFF","限时起飞",Takeoff,Succeeded,1,1,1,180,""
87.3900000000078,"INTERCEPT","解除来袭威胁",NeutralizeHostiles,Active,0,0,2,650,""
87.5900000000079,"TAKEOFF","限时起飞",Takeoff,Succeeded,1,1,1,180,""
87.5900000000079,"INTERCEPT","解除来袭威胁",NeutralizeHostiles,Active,0,0,2,650,""
87.790000000008,"TAKEOFF","限时起飞",Takeoff,Succeeded,1,1,1,180,""
87.790000000008,"INTERCEPT","解除来袭威胁",NeutralizeHostiles,Active,0,0,2,650,""
87.990000000008109,"TAKEOFF","限时起飞",Takeoff,Succeeded,1,1,1,180,""
87.990000000008109,"INTERCEPT","解除来袭威胁",NeutralizeHostiles,Active,0,0,2,650,""
88.190000000008212,"TAKEOFF","限时起飞",Takeoff,Succeeded,1,1,1,180,""
88.190000000008212,"INTERCEPT","解除来袭威胁",NeutralizeHostiles,Active,0,0,2,650,""
88.390000000008314,"TAKEOFF","限时起飞",Takeoff,Succeeded,1,1,1,180,""
88.390000000008314,"INTERCEPT","解除来袭威胁",NeutralizeHostiles,Active,0,0,2,650,""
88.590000000008416,"TAKEOFF","限时起飞",Takeoff,Succeeded,1,1,1,180,""
88.590000000008416,"INTERCEPT","解除来袭威胁",NeutralizeHostiles,Active,0,0,2,650,""
88.790000000008519,"TAKEOFF","限时起飞",Takeoff,Succeeded,1,1,1,180,""
88.790000000008519,"INTERCEPT","解除来袭威胁",NeutralizeHostiles,Active,0,0,2,650,""
88.990000000008621,"TAKEOFF","限时起飞",Takeoff,Succeeded,1,1,1,180,""
88.990000000008621,"INTERCEPT","解除来袭威胁",NeutralizeHostiles,Active,0,0,2,650,""
89.190000000008723,"TAKEOFF","限时起飞",Takeoff,Succeeded,1,1,1,180,""
89.190000000008723,"INTERCEPT","解除来袭威胁",NeutralizeHostiles,Active,0,0,2,650,""
89.390000000008826,"TAKEOFF","限时起飞",Takeoff,Succeeded,1,1,1,180,""
89.390000000008826,"INTERCEPT","解除来袭威胁",NeutralizeHostiles,Active,0,0,2,650,""
89.590000000008928,"TAKEOFF","限时起飞",Takeoff,Succeeded,1,1,1,180,""
89.590000000008928,"INTERCEPT","解除来袭威胁",NeutralizeHostiles,Active,0,0,2,650,""
89.79000000000903,"TAKEOFF","限时起飞",Takeoff,Succeeded,1,1,1,180,""
89.79000000000903,"INTERCEPT","解除来袭威胁",NeutralizeHostiles,Active,0,0,2,650,""
89.990000000009132,"TAKEOFF","限时起飞",Takeoff,Succeeded,1,1,1,180,""
89.990000000009132,"INTERCEPT","解除来袭威胁",NeutralizeHostiles,Active,0,0,2,650,""
90.190000000009235,"TAKEOFF","限时起飞",Takeoff,Succeeded,1,1,1,180,""
90.190000000009235,"INTERCEPT","解除来袭威胁",NeutralizeHostiles,Active,0,0,2,650,""
90.390000000009337,"TAKEOFF","限时起飞",Takeoff,Succeeded,1,1,1,180,""
90.390000000009337,"INTERCEPT","解除来袭威胁",NeutralizeHostiles,Active,0,0,2,650,""
90.590000000009439,"TAKEOFF","限时起飞",Takeoff,Succeeded,1,1,1,180,""
90.590000000009439,"INTERCEPT","解除来袭威胁",NeutralizeHostiles,Active,0.5,1,2,650,""
90.790000000009542,"TAKEOFF","限时起飞",Takeoff,Succeeded,1,1,1,180,""
90.790000000009542,"INTERCEPT","解除来袭威胁",NeutralizeHostiles,Active,0.5,1,2,650,""
90.990000000009644,"TAKEOFF","限时起飞",Takeoff,Succeeded,1,1,1,180,""
90.990000000009644,"INTERCEPT","解除来袭威胁",NeutralizeHostiles,Active,0.5,1,2,650,""
91.190000000009746,"TAKEOFF","限时起飞",Takeoff,Succeeded,1,1,1,180,""
91.190000000009746,"INTERCEPT","解除来袭威胁",NeutralizeHostiles,Active,0.5,1,2,650,""
91.390000000009849,"TAKEOFF","限时起飞",Takeoff,Succeeded,1,1,1,180,""
91.390000000009849,"INTERCEPT","解除来袭威胁",NeutralizeHostiles,Active,0.5,1,2,650,""
91.590000000009951,"TAKEOFF","限时起飞",Takeoff,Succeeded,1,1,1,180,""
91.590000000009951,"INTERCEPT","解除来袭威胁",NeutralizeHostiles,Active,0.5,1,2,650,""
91.790000000010053,"TAKEOFF","限时起飞",Takeoff,Succeeded,1,1,1,180,""
91.790000000010053,"INTERCEPT","解除来袭威胁",NeutralizeHostiles,Active,0.5,1,2,650,""
91.990000000010156,"TAKEOFF","限时起飞",Takeoff,Succeeded,1,1,1,180,""
91.990000000010156,"INTERCEPT","解除来袭威胁",NeutralizeHostiles,Active,0.5,1,2,650,""
92.190000000010258,"TAKEOFF","限时起飞",Takeoff,Succeeded,1,1,1,180,""
92.190000000010258,"INTERCEPT","解除来袭威胁",NeutralizeHostiles,Active,0.5,1,2,650,""
92.39000000001036,"TAKEOFF","限时起飞",Takeoff,Succeeded,1,1,1,180,""
92.39000000001036,"INTERCEPT","解除来袭威胁",NeutralizeHostiles,Active,0.5,1,2,650,""
92.590000000010463,"TAKEOFF","限时起飞",Takeoff,Succeeded,1,1,1,180,""
92.590000000010463,"INTERCEPT","解除来袭威胁",NeutralizeHostiles,Active,0.5,1,2,650,""
92.790000000010565,"TAKEOFF","限时起飞",Takeoff,Succeeded,1,1,1,180,""
92.790000000010565,"INTERCEPT","解除来袭威胁",NeutralizeHostiles,Active,0.5,1,2,650,""
92.990000000010667,"TAKEOFF","限时起飞",Takeoff,Succeeded,1,1,1,180,""
92.990000000010667,"INTERCEPT","解除来袭威胁",NeutralizeHostiles,Active,0.5,1,2,650,""
93.19000000001077,"TAKEOFF","限时起飞",Takeoff,Succeeded,1,1,1,180,""
93.19000000001077,"INTERCEPT","解除来袭威胁",NeutralizeHostiles,Active,0.5,1,2,650,""
93.390000000010872,"TAKEOFF","限时起飞",Takeoff,Succeeded,1,1,1,180,""
93.390000000010872,"INTERCEPT","解除来袭威胁",NeutralizeHostiles,Active,0.5,1,2,650,""
93.590000000010974,"TAKEOFF","限时起飞",Takeoff,Succeeded,1,1,1,180,""
93.590000000010974,"INTERCEPT","解除来袭威胁",NeutralizeHostiles,Active,0.5,1,2,650,""
93.790000000011077,"TAKEOFF","限时起飞",Takeoff,Succeeded,1,1,1,180,""
93.790000000011077,"INTERCEPT","解除来袭威胁",NeutralizeHostiles,Active,0.5,1,2,650,""
93.990000000011179,"TAKEOFF","限时起飞",Takeoff,Succeeded,1,1,1,180,""
93.990000000011179,"INTERCEPT","解除来袭威胁",NeutralizeHostiles,Active,0.5,1,2,650,""
94.190000000011281,"TAKEOFF","限时起飞",Takeoff,Succeeded,1,1,1,180,""
94.190000000011281,"INTERCEPT","解除来袭威胁",NeutralizeHostiles,Active,0.5,1,2,650,""
94.390000000011383,"TAKEOFF","限时起飞",Takeoff,Succeeded,1,1,1,180,""
94.390000000011383,"INTERCEPT","解除来袭威胁",NeutralizeHostiles,Active,0.5,1,2,650,""
94.590000000011486,"TAKEOFF","限时起飞",Takeoff,Succeeded,1,1,1,180,""
94.590000000011486,"INTERCEPT","解除来袭威胁",NeutralizeHostiles,Active,0.5,1,2,650,""
94.790000000011588,"TAKEOFF","限时起飞",Takeoff,Succeeded,1,1,1,180,""
94.790000000011588,"INTERCEPT","解除来袭威胁",NeutralizeHostiles,Active,0.5,1,2,650,""
94.99000000001169,"TAKEOFF","限时起飞",Takeoff,Succeeded,1,1,1,180,""
94.99000000001169,"INTERCEPT","解除来袭威胁",NeutralizeHostiles,Active,0.5,1,2,650,""
95.190000000011793,"TAKEOFF","限时起飞",Takeoff,Succeeded,1,1,1,180,""
95.190000000011793,"INTERCEPT","解除来袭威胁",NeutralizeHostiles,Active,0.5,1,2,650,""
95.3900000000119,"TAKEOFF","限时起飞",Takeoff,Succeeded,1,1,1,180,""
95.3900000000119,"INTERCEPT","解除来袭威胁",NeutralizeHostiles,Active,0.5,1,2,650,""
95.590000000012,"TAKEOFF","限时起飞",Takeoff,Succeeded,1,1,1,180,""
95.590000000012,"INTERCEPT","解除来袭威胁",NeutralizeHostiles,Active,0.5,1,2,650,""
95.7900000000121,"TAKEOFF","限时起飞",Takeoff,Succeeded,1,1,1,180,""
95.7900000000121,"INTERCEPT","解除来袭威胁",NeutralizeHostiles,Active,0.5,1,2,650,""
95.9900000000122,"TAKEOFF","限时起飞",Takeoff,Succeeded,1,1,1,180,""
95.9900000000122,"INTERCEPT","解除来袭威胁",NeutralizeHostiles,Active,0.5,1,2,650,""
96.1900000000123,"TAKEOFF","限时起飞",Takeoff,Succeeded,1,1,1,180,""
96.1900000000123,"INTERCEPT","解除来袭威胁",NeutralizeHostiles,Active,0.5,1,2,650,""
96.3900000000124,"TAKEOFF","限时起飞",Takeoff,Succeeded,1,1,1,180,""
96.3900000000124,"INTERCEPT","解除来袭威胁",NeutralizeHostiles,Active,0.5,1,2,650,""
96.590000000012509,"TAKEOFF","限时起飞",Takeoff,Succeeded,1,1,1,180,""
96.590000000012509,"INTERCEPT","解除来袭威胁",NeutralizeHostiles,Active,0.5,1,2,650,""
96.790000000012611,"TAKEOFF","限时起飞",Takeoff,Succeeded,1,1,1,180,""
96.790000000012611,"INTERCEPT","解除来袭威胁",NeutralizeHostiles,Active,0.5,1,2,650,""
96.990000000012714,"TAKEOFF","限时起飞",Takeoff,Succeeded,1,1,1,180,""
96.990000000012714,"INTERCEPT","解除来袭威胁",NeutralizeHostiles,Active,0.5,1,2,650,""
97.190000000012816,"TAKEOFF","限时起飞",Takeoff,Succeeded,1,1,1,180,""
97.190000000012816,"INTERCEPT","解除来袭威胁",NeutralizeHostiles,Active,0.5,1,2,650,""
97.390000000012918,"TAKEOFF","限时起飞",Takeoff,Succeeded,1,1,1,180,""
97.390000000012918,"INTERCEPT","解除来袭威胁",NeutralizeHostiles,Active,0.5,1,2,650,""
97.590000000013021,"TAKEOFF","限时起飞",Takeoff,Succeeded,1,1,1,180,""
97.590000000013021,"INTERCEPT","解除来袭威胁",NeutralizeHostiles,Active,0.5,1,2,650,""
97.790000000013123,"TAKEOFF","限时起飞",Takeoff,Succeeded,1,1,1,180,""
97.790000000013123,"INTERCEPT","解除来袭威胁",NeutralizeHostiles,Active,0.5,1,2,650,""
97.990000000013225,"TAKEOFF","限时起飞",Takeoff,Succeeded,1,1,1,180,""
97.990000000013225,"INTERCEPT","解除来袭威胁",NeutralizeHostiles,Active,0.5,1,2,650,""
98.190000000013328,"TAKEOFF","限时起飞",Takeoff,Succeeded,1,1,1,180,""
98.190000000013328,"INTERCEPT","解除来袭威胁",NeutralizeHostiles,Active,0.5,1,2,650,""
98.39000000001343,"TAKEOFF","限时起飞",Takeoff,Succeeded,1,1,1,180,""
98.39000000001343,"INTERCEPT","解除来袭威胁",NeutralizeHostiles,Active,0.5,1,2,650,""
98.590000000013532,"TAKEOFF","限时起飞",Takeoff,Succeeded,1,1,1,180,""
98.590000000013532,"INTERCEPT","解除来袭威胁",NeutralizeHostiles,Active,0.5,1,2,650,""
98.790000000013634,"TAKEOFF","限时起飞",Takeoff,Succeeded,1,1,1,180,""
98.790000000013634,"INTERCEPT","解除来袭威胁",NeutralizeHostiles,Active,0.5,1,2,650,""
98.990000000013737,"TAKEOFF","限时起飞",Takeoff,Succeeded,1,1,1,180,""
98.990000000013737,"INTERCEPT","解除来袭威胁",NeutralizeHostiles,Active,0.5,1,2,650,""
99.190000000013839,"TAKEOFF","限时起飞",Takeoff,Succeeded,1,1,1,180,""
99.190000000013839,"INTERCEPT","解除来袭威胁",NeutralizeHostiles,Active,0.5,1,2,650,""
99.390000000013941,"TAKEOFF","限时起飞",Takeoff,Succeeded,1,1,1,180,""
99.390000000013941,"INTERCEPT","解除来袭威胁",NeutralizeHostiles,Active,0.5,1,2,650,""
99.590000000014044,"TAKEOFF","限时起飞",Takeoff,Succeeded,1,1,1,180,""
99.590000000014044,"INTERCEPT","解除来袭威胁",NeutralizeHostiles,Active,0.5,1,2,650,""
99.790000000014146,"TAKEOFF","限时起飞",Takeoff,Succeeded,1,1,1,180,""
99.790000000014146,"INTERCEPT","解除来袭威胁",NeutralizeHostiles,Active,0.5,1,2,650,""
99.990000000014248,"TAKEOFF","限时起飞",Takeoff,Succeeded,1,1,1,180,""
99.990000000014248,"INTERCEPT","解除来袭威胁",NeutralizeHostiles,Active,0.5,1,2,650,""
100.19000000001435,"TAKEOFF","限时起飞",Takeoff,Succeeded,1,1,1,180,""
100.19000000001435,"INTERCEPT","解除来袭威胁",NeutralizeHostiles,Active,0.5,1,2,650,""
100.39000000001445,"TAKEOFF","限时起飞",Takeoff,Succeeded,1,1,1,180,""
100.39000000001445,"INTERCEPT","解除来袭威胁",NeutralizeHostiles,Active,0.5,1,2,650,""
100.59000000001456,"TAKEOFF","限时起飞",Takeoff,Succeeded,1,1,1,180,""
100.59000000001456,"INTERCEPT","解除来袭威胁",NeutralizeHostiles,Active,0.5,1,2,650,""
100.79000000001466,"TAKEOFF","限时起飞",Takeoff,Succeeded,1,1,1,180,""
100.79000000001466,"INTERCEPT","解除来袭威胁",NeutralizeHostiles,Active,0.5,1,2,650,""
100.99000000001476,"TAKEOFF","限时起飞",Takeoff,Succeeded,1,1,1,180,""
100.99000000001476,"INTERCEPT","解除来袭威胁",NeutralizeHostiles,Active,0.5,1,2,650,""
101.19000000001486,"TAKEOFF","限时起飞",Takeoff,Succeeded,1,1,1,180,""
101.19000000001486,"INTERCEPT","解除来袭威胁",NeutralizeHostiles,Active,0.5,1,2,650,""
101.39000000001496,"TAKEOFF","限时起飞",Takeoff,Succeeded,1,1,1,180,""
101.39000000001496,"INTERCEPT","解除来袭威胁",NeutralizeHostiles,Active,0.5,1,2,650,""
101.59000000001507,"TAKEOFF","限时起飞",Takeoff,Succeeded,1,1,1,180,""
101.59000000001507,"INTERCEPT","解除来袭威胁",NeutralizeHostiles,Active,0.5,1,2,650,""
101.79000000001517,"TAKEOFF","限时起飞",Takeoff,Succeeded,1,1,1,180,""
101.79000000001517,"INTERCEPT","解除来袭威胁",NeutralizeHostiles,Active,0.5,1,2,650,""
101.99000000001527,"TAKEOFF","限时起飞",Takeoff,Succeeded,1,1,1,180,""
101.99000000001527,"INTERCEPT","解除来袭威胁",NeutralizeHostiles,Active,0.5,1,2,650,""
102.19000000001537,"TAKEOFF","限时起飞",Takeoff,Succeeded,1,1,1,180,""
102.19000000001537,"INTERCEPT","解除来袭威胁",NeutralizeHostiles,Active,0.5,1,2,650,""
102.39000000001548,"TAKEOFF","限时起飞",Takeoff,Succeeded,1,1,1,180,""
102.39000000001548,"INTERCEPT","解除来袭威胁",NeutralizeHostiles,Active,0.5,1,2,650,""
102.59000000001558,"TAKEOFF","限时起飞",Takeoff,Succeeded,1,1,1,180,""
102.59000000001558,"INTERCEPT","解除来袭威胁",NeutralizeHostiles,Active,0.5,1,2,650,""
102.79000000001568,"TAKEOFF","限时起飞",Takeoff,Succeeded,1,1,1,180,""
102.79000000001568,"INTERCEPT","解除来袭威胁",NeutralizeHostiles,Active,0.5,1,2,650,""
102.99000000001578,"TAKEOFF","限时起飞",Takeoff,Succeeded,1,1,1,180,""
102.99000000001578,"INTERCEPT","解除来袭威胁",NeutralizeHostiles,Active,0.5,1,2,650,""
103.19000000001589,"TAKEOFF","限时起飞",Takeoff,Succeeded,1,1,1,180,""
103.19000000001589,"INTERCEPT","解除来袭威胁",NeutralizeHostiles,Active,0.5,1,2,650,""
103.39000000001599,"TAKEOFF","限时起飞",Takeoff,Succeeded,1,1,1,180,""
103.39000000001599,"INTERCEPT","解除来袭威胁",NeutralizeHostiles,Active,0.5,1,2,650,""
103.59000000001609,"TAKEOFF","限时起飞",Takeoff,Succeeded,1,1,1,180,""
103.59000000001609,"INTERCEPT","解除来袭威胁",NeutralizeHostiles,Active,0.5,1,2,650,""
103.79000000001619,"TAKEOFF","限时起飞",Takeoff,Succeeded,1,1,1,180,""
103.79000000001619,"INTERCEPT","解除来袭威胁",NeutralizeHostiles,Active,0.5,1,2,650,""
103.99000000001629,"TAKEOFF","限时起飞",Takeoff,Succeeded,1,1,1,180,""
103.99000000001629,"INTERCEPT","解除来袭威胁",NeutralizeHostiles,Active,0.5,1,2,650,""
104.1900000000164,"TAKEOFF","限时起飞",Takeoff,Succeeded,1,1,1,180,""
104.1900000000164,"INTERCEPT","解除来袭威胁",NeutralizeHostiles,Active,0.5,1,2,650,""
104.3900000000165,"TAKEOFF","限时起飞",Takeoff,Succeeded,1,1,1,180,""
104.3900000000165,"INTERCEPT","解除来袭威胁",NeutralizeHostiles,Active,0.5,1,2,650,""
104.5900000000166,"TAKEOFF","限时起飞",Takeoff,Succeeded,1,1,1,180,""
104.5900000000166,"INTERCEPT","解除来袭威胁",NeutralizeHostiles,Active,0.5,1,2,650,""
104.7900000000167,"TAKEOFF","限时起飞",Takeoff,Succeeded,1,1,1,180,""
104.7900000000167,"INTERCEPT","解除来袭威胁",NeutralizeHostiles,Active,0.5,1,2,650,""
104.99000000001681,"TAKEOFF","限时起飞",Takeoff,Succeeded,1,1,1,180,""
104.99000000001681,"INTERCEPT","解除来袭威胁",NeutralizeHostiles,Active,0.5,1,2,650,""
105.19000000001691,"TAKEOFF","限时起飞",Takeoff,Succeeded,1,1,1,180,""
105.19000000001691,"INTERCEPT","解除来袭威胁",NeutralizeHostiles,Active,0.5,1,2,650,""
105.39000000001701,"TAKEOFF","限时起飞",Takeoff,Succeeded,1,1,1,180,""
105.39000000001701,"INTERCEPT","解除来袭威胁",NeutralizeHostiles,Active,0.5,1,2,650,""
105.59000000001711,"TAKEOFF","限时起飞",Takeoff,Succeeded,1,1,1,180,""
105.59000000001711,"INTERCEPT","解除来袭威胁",NeutralizeHostiles,Active,0.5,1,2,650,""
105.79000000001722,"TAKEOFF","限时起飞",Takeoff,Succeeded,1,1,1,180,""
105.79000000001722,"INTERCEPT","解除来袭威胁",NeutralizeHostiles,Active,0.5,1,2,650,""
105.99000000001732,"TAKEOFF","限时起飞",Takeoff,Succeeded,1,1,1,180,""
105.99000000001732,"INTERCEPT","解除来袭威胁",NeutralizeHostiles,Active,0.5,1,2,650,""
106.19000000001742,"TAKEOFF","限时起飞",Takeoff,Succeeded,1,1,1,180,""
106.19000000001742,"INTERCEPT","解除来袭威胁",NeutralizeHostiles,Active,0.5,1,2,650,""
106.39000000001752,"TAKEOFF","限时起飞",Takeoff,Succeeded,1,1,1,180,""
106.39000000001752,"INTERCEPT","解除来袭威胁",NeutralizeHostiles,Active,0.5,1,2,650,""
106.59000000001762,"TAKEOFF","限时起飞",Takeoff,Succeeded,1,1,1,180,""
106.59000000001762,"INTERCEPT","解除来袭威胁",NeutralizeHostiles,Active,0.5,1,2,650,""
106.79000000001773,"TAKEOFF","限时起飞",Takeoff,Succeeded,1,1,1,180,""
106.79000000001773,"INTERCEPT","解除来袭威胁",NeutralizeHostiles,Active,0.5,1,2,650,""
106.99000000001783,"TAKEOFF","限时起飞",Takeoff,Succeeded,1,1,1,180,""
106.99000000001783,"INTERCEPT","解除来袭威胁",NeutralizeHostiles,Active,0.5,1,2,650,""
107.19000000001793,"TAKEOFF","限时起飞",Takeoff,Succeeded,1,1,1,180,""
107.19000000001793,"INTERCEPT","解除来袭威胁",NeutralizeHostiles,Active,0.5,1,2,650,""
107.39000000001803,"TAKEOFF","限时起飞",Takeoff,Succeeded,1,1,1,180,""
107.39000000001803,"INTERCEPT","解除来袭威胁",NeutralizeHostiles,Active,0.5,1,2,650,""
107.43000000001805,"TAKEOFF","限时起飞",Takeoff,Succeeded,1,1,1,180,""
107.43000000001805,"INTERCEPT","解除来袭威胁",NeutralizeHostiles,Succeeded,1,2,2,650,""
