time_s,mission,phase,result,active_objectives,succeeded_objectives,failed_objectives,automation,authority
0.01,"KTEX_ESCORT_01",Running,None,2,0,0,Batch,AutomationPilot
0.21000000000000005,"KTEX_ESCORT_01",Running,None,2,0,0,Batch,AutomationPilot
0.4100000000000002,"KTEX_ESCORT_01",Running,None,2,0,0,Batch,AutomationPilot
0.61000000000000032,"KTEX_ESCORT_01",Running,None,2,0,0,Batch,AutomationPilot
0.8100000000000005,"KTEX_ESCORT_01",Running,None,2,0,0,Batch,AutomationPilot
1.0100000000000007,"KTEX_ESCORT_01",Running,None,2,0,0,Batch,AutomationPilot
1.2100000000000009,"KTEX_ESCORT_01",Running,None,2,0,0,Batch,AutomationPilot
1.410000000000001,"KTEX_ESCORT_01",Running,None,2,0,0,Batch,AutomationPilot
1.6100000000000012,"KTEX_ESCORT_01",Running,None,2,0,0,Batch,AutomationPilot
1.8100000000000014,"KTEX_ESCORT_01",Running,None,2,0,0,Batch,AutomationPilot
2.0100000000000011,"KTEX_ESCORT_01",Running,None,2,0,0,Batch,AutomationPilot
2.2099999999999969,"KTEX_ESCORT_01",Running,None,2,0,0,Batch,AutomationPilot
2.4099999999999926,"KTEX_ESCORT_01",Running,None,2,0,0,Batch,AutomationPilot
2.6099999999999883,"KTEX_ESCORT_01",Running,None,2,0,0,Batch,AutomationPilot
2.8099999999999841,"KTEX_ESCORT_01",Running,None,2,0,0,Batch,AutomationPilot
3.00999999999998,"KTEX_ESCORT_01",Running,None,2,0,0,Batch,AutomationPilot
3.2099999999999755,"KTEX_ESCORT_01",Running,None,2,0,0,Batch,AutomationPilot
3.4099999999999713,"KTEX_ESCORT_01",Running,None,2,0,0,Batch,AutomationPilot
3.609999999999967,"KTEX_ESCORT_01",Running,None,2,0,0,Batch,AutomationPilot
3.8099999999999627,"KTEX_ESCORT_01",Running,None,2,0,0,Batch,AutomationPilot
4.0099999999999589,"KTEX_ESCORT_01",Running,None,2,0,0,Batch,AutomationPilot
4.2099999999999547,"KTEX_ESCORT_01",Running,None,2,0,0,Batch,AutomationPilot
4.40999999999995,"KTEX_ESCORT_01",Running,None,2,0,0,Batch,AutomationPilot
4.6099999999999461,"KTEX_ESCORT_01",Running,None,2,0,0,Batch,AutomationPilot
4.8099999999999419,"KTEX_ESCORT_01",Running,None,2,0,0,Batch,AutomationPilot
5.0099999999999376,"KTEX_ESCORT_01",Running,None,2,0,0,Batch,AutomationPilot
5.2099999999999334,"KTEX_ESCORT_01",Running,None,2,0,0,Batch,AutomationPilot
5.4099999999999291,"KTEX_ESCORT_01",Running,None,2,0,0,Batch,AutomationPilot
5.6099999999999248,"KTEX_ESCORT_01",Running,None,2,0,0,Batch,AutomationPilot
5.8099999999999206,"KTEX_ESCORT_01",Running,None,2,0,0,Batch,AutomationPilot
6.0099999999999163,"KTEX_ESCORT_01",Running,None,2,0,0,Batch,AutomationPilot
6.209999999999912,"KTEX_ESCORT_01",Running,None,2,0,0,Batch,AutomationPilot
6.4099999999999078,"KTEX_ESCORT_01",Running,None,2,0,0,Batch,AutomationPilot
6.6099999999999035,"KTEX_ESCORT_01",Running,None,2,0,0,Batch,AutomationPilot
6.8099999999998992,"KTEX_ESCORT_01",Running,None,2,0,0,Batch,AutomationPilot
7.009999999999895,"KTEX_ESCORT_01",Running,None,2,0,0,Batch,AutomationPilot
7.2099999999998907,"KTEX_ESCORT_01",Running,None,2,0,0,Batch,AutomationPilot
7.4099999999998865,"KTEX_ESCORT_01",Running,None,2,0,0,Batch,AutomationPilot
7.6099999999998822,"KTEX_ESCORT_01",Running,None,2,0,0,Batch,AutomationPilot
7.8099999999998779,"KTEX_ESCORT_01",Running,None,2,0,0,Batch,AutomationPilot
8.0099999999998737,"KTEX_ESCORT_01",Running,None,2,0,0,Batch,AutomationPilot
8.20999999999987,"KTEX_ESCORT_01",Running,None,2,0,0,Batch,AutomationPilot
8.4099999999998651,"KTEX_ESCORT_01",Running,None,2,0,0,Batch,AutomationPilot
8.60999999999986,"KTEX_ESCORT_01",Running,None,2,0,0,Batch,AutomationPilot
8.8099999999998566,"KTEX_ESCORT_01",Running,None,2,0,0,Batch,AutomationPilot
9.0099999999998523,"KTEX_ESCORT_01",Running,None,2,0,0,Batch,AutomationPilot
9.2099999999998481,"KTEX_ESCORT_01",Running,None,2,0,0,Batch,AutomationPilot
9.4099999999998438,"KTEX_ESCORT_01",Running,None,2,0,0,Batch,AutomationPilot
9.60999999999984,"KTEX_ESCORT_01",Running,None,2,0,0,Batch,AutomationPilot
9.8099999999998353,"KTEX_ESCORT_01",Running,None,2,0,0,Batch,AutomationPilot
10.009999999999831,"KTEX_ESCORT_01",Running,None,2,0,0,Batch,AutomationPilot
10.209999999999827,"KTEX_ESCORT_01",Running,None,2,0,0,Batch,AutomationPilot
10.409999999999823,"KTEX_ESCORT_01",Running,None,2,0,0,Batch,AutomationPilot
10.609999999999818,"KTEX_ESCORT_01",Running,None,2,0,0,Batch,AutomationPilot
10.809999999999814,"KTEX_ESCORT_01",Running,None,2,0,0,Batch,AutomationPilot
11.00999999999981,"KTEX_ESCORT_01",Running,None,2,0,0,Batch,AutomationPilot
11.209999999999805,"KTEX_ESCORT_01",Running,None,2,0,0,Batch,AutomationPilot
11.409999999999801,"KTEX_ESCORT_01",Running,None,2,0,0,Batch,AutomationPilot
11.609999999999797,"KTEX_ESCORT_01",Running,None,2,0,0,Batch,AutomationPilot
11.809999999999793,"KTEX_ESCORT_01",Running,None,2,0,0,Batch,AutomationPilot
12.009999999999788,"KTEX_ESCORT_01",Running,None,2,0,0,Batch,AutomationPilot
12.209999999999784,"KTEX_ESCORT_01",Running,None,2,0,0,Batch,AutomationPilot
12.40999999999978,"KTEX_ESCORT_01",Running,None,2,0,0,Batch,AutomationPilot
12.609999999999776,"KTEX_ESCORT_01",Running,None,2,0,0,Batch,AutomationPilot
12.809999999999771,"KTEX_ESCORT_01",Running,None,2,0,0,Batch,AutomationPilot
13.009999999999767,"KTEX_ESCORT_01",Running,None,2,0,0,Batch,AutomationPilot
13.209999999999763,"KTEX_ESCORT_01",Running,None,2,0,0,Batch,AutomationPilot
13.409999999999759,"KTEX_ESCORT_01",Running,None,2,0,0,Batch,AutomationPilot
13.609999999999754,"KTEX_ESCORT_01",Running,None,2,0,0,Batch,AutomationPilot
13.80999999999975,"KTEX_ESCORT_01",Running,None,2,0,0,Batch,AutomationPilot
14.009999999999746,"KTEX_ESCORT_01",Running,None,2,0,0,Batch,AutomationPilot
14.209999999999742,"KTEX_ESCORT_01",Running,None,2,0,0,Batch,AutomationPilot
14.409999999999737,"KTEX_ESCORT_01",Running,None,2,0,0,Batch,AutomationPilot
14.609999999999733,"KTEX_ESCORT_01",Running,None,2,0,0,Batch,AutomationPilot
14.809999999999729,"KTEX_ESCORT_01",Running,None,2,0,0,Batch,AutomationPilot
15.009999999999724,"KTEX_ESCORT_01",Running,None,2,0,0,Batch,AutomationPilot
15.20999999999972,"KTEX_ESCORT_01",Running,None,2,0,0,Batch,AutomationPilot
15.409999999999716,"KTEX_ESCORT_01",Running,None,2,0,0,Batch,AutomationPilot
15.609999999999712,"KTEX_ESCORT_01",Running,None,2,0,0,Batch,AutomationPilot
15.809999999999707,"KTEX_ESCORT_01",Running,None,2,0,0,Batch,AutomationPilot
16.009999999999703,"KTEX_ESCORT_01",Running,None,2,0,0,Batch,AutomationPilot
16.209999999999734,"KTEX_ESCORT_01",Running,None,2,0,0,Batch,AutomationPilot
16.409999999999766,"KTEX_ESCORT_01",Running,None,2,0,0,Batch,AutomationPilot
16.609999999999797,"KTEX_ESCORT_01",Running,None,2,0,0,Batch,AutomationPilot
16.809999999999828,"KTEX_ESCORT_01",Running,None,2,0,0,Batch,AutomationPilot
17.009999999999859,"KTEX_ESCORT_01",Running,None,2,0,0,Batch,AutomationPilot
17.209999999999891,"KTEX_ESCORT_01",Running,None,2,0,0,Batch,AutomationPilot
17.409999999999922,"KTEX_ESCORT_01",Running,None,2,0,0,Batch,AutomationPilot
17.609999999999953,"KTEX_ESCORT_01",Running,None,2,0,0,Batch,AutomationPilot
17.809999999999985,"KTEX_ESCORT_01",Running,None,2,0,0,Batch,AutomationPilot
18.010000000000016,"KTEX_ESCORT_01",Running,None,2,0,0,Batch,AutomationPilot
18.210000000000047,"KTEX_ESCORT_01",Running,None,2,0,0,Batch,AutomationPilot
18.410000000000078,"KTEX_ESCORT_01",Running,None,2,0,0,Batch,AutomationPilot
18.61000000000011,"KTEX_ESCORT_01",Running,None,2,0,0,Batch,AutomationPilot
18.810000000000141,"KTEX_ESCORT_01",Running,None,2,0,0,Batch,AutomationPilot
19.010000000000172,"KTEX_ESCORT_01",Running,None,2,0,0,Batch,AutomationPilot
19.210000000000203,"KTEX_ESCORT_01",Running,None,2,0,0,Batch,AutomationPilot
19.410000000000235,"KTEX_ESCORT_01",Running,None,2,0,0,Batch,AutomationPilot
19.610000000000266,"KTEX_ESCORT_01",Running,None,2,0,0,Batch,AutomationPilot
19.810000000000297,"KTEX_ESCORT_01",Running,None,2,0,0,Batch,AutomationPilot
20.010000000000328,"KTEX_ESCORT_01",Running,None,2,0,0,Batch,AutomationPilot
20.21000000000036,"KTEX_ESCORT_01",Running,None,2,0,0,Batch,AutomationPilot
20.410000000000391,"KTEX_ESCORT_01",Running,None,2,0,0,Batch,AutomationPilot
20.610000000000422,"KTEX_ESCORT_01",Running,None,2,0,0,Batch,AutomationPilot
20.810000000000453,"KTEX_ESCORT_01",Running,None,2,0,0,Batch,AutomationPilot
21.010000000000485,"KTEX_ESCORT_01",Running,None,2,0,0,Batch,AutomationPilot
21.210000000000516,"KTEX_ESCORT_01",Running,None,2,0,0,Batch,AutomationPilot
21.410000000000547,"KTEX_ESCORT_01",Running,None,2,0,0,Batch,AutomationPilot
21.610000000000579,"KTEX_ESCORT_01",Running,None,2,0,0,Batch,AutomationPilot
21.81000000000061,"KTEX_ESCORT_01",Running,None,2,0,0,Batch,AutomationPilot
22.010000000000641,"KTEX_ESCORT_01",Running,None,2,0,0,Batch,AutomationPilot
22.210000000000672,"KTEX_ESCORT_01",Running,None,2,0,0,Batch,AutomationPilot
22.410000000000704,"KTEX_ESCORT_01",Running,None,2,0,0,Batch,AutomationPilot
22.610000000000735,"KTEX_ESCORT_01",Running,None,2,0,0,Batch,AutomationPilot
22.810000000000766,"KTEX_ESCORT_01",Running,None,2,0,0,Batch,AutomationPilot
23.010000000000797,"KTEX_ESCORT_01",Running,None,2,0,0,Batch,AutomationPilot
23.210000000000829,"KTEX_ESCORT_01",Running,None,2,0,0,Batch,AutomationPilot
23.41000000000086,"KTEX_ESCORT_01",Running,None,2,0,0,Batch,AutomationPilot
23.610000000000891,"KTEX_ESCORT_01",Running,None,2,0,0,Batch,AutomationPilot
23.810000000000922,"KTEX_ESCORT_01",Running,None,2,0,0,Batch,AutomationPilot
24.010000000000954,"KTEX_ESCORT_01",Running,None,2,0,0,Batch,AutomationPilot
24.210000000000985,"KTEX_ESCORT_01",Running,None,2,0,0,Batch,AutomationPilot
24.410000000001016,"KTEX_ESCORT_01",Running,None,2,0,0,Batch,AutomationPilot
24.610000000001047,"KTEX_ESCORT_01",Running,None,2,0,0,Batch,AutomationPilot
24.810000000001079,"KTEX_ESCORT_01",Running,None,2,0,0,Batch,AutomationPilot
25.01000000000111,"KTEX_ESCORT_01",Running,None,2,0,0,Batch,AutomationPilot
25.210000000001141,"KTEX_ESCORT_01",Running,None,2,0,0,Batch,AutomationPilot
25.410000000001173,"KTEX_ESCORT_01",Running,None,2,0,0,Batch,AutomationPilot
25.610000000001204,"KTEX_ESCORT_01",Running,None,2,0,0,Batch,AutomationPilot
25.810000000001235,"KTEX_ESCORT_01",Running,None,2,0,0,Batch,AutomationPilot
26.010000000001266,"KTEX_ESCORT_01",Running,None,2,0,0,Batch,AutomationPilot
26.210000000001298,"KTEX_ESCORT_01",Running,None,2,0,0,Batch,AutomationPilot
26.410000000001329,"KTEX_ESCORT_01",Running,None,2,0,0,Batch,AutomationPilot
26.61000000000136,"KTEX_ESCORT_01",Running,None,2,0,0,Batch,AutomationPilot
26.810000000001391,"KTEX_ESCORT_01",Running,None,2,0,0,Batch,AutomationPilot
27.010000000001423,"KTEX_ESCORT_01",Running,None,2,0,0,Batch,AutomationPilot
27.210000000001454,"KTEX_ESCORT_01",Running,None,2,0,0,Batch,AutomationPilot
27.410000000001485,"KTEX_ESCORT_01",Running,None,2,0,0,Batch,AutomationPilot
27.610000000001516,"KTEX_ESCORT_01",Running,None,2,0,0,Batch,AutomationPilot
27.810000000001548,"KTEX_ESCORT_01",Running,None,2,0,0,Batch,AutomationPilot
28.010000000001579,"KTEX_ESCORT_01",Running,None,2,0,0,Batch,AutomationPilot
28.21000000000161,"KTEX_ESCORT_01",Running,None,2,0,0,Batch,AutomationPilot
28.410000000001641,"KTEX_ESCORT_01",Running,None,2,0,0,Batch,AutomationPilot
28.610000000001673,"KTEX_ESCORT_01",Running,None,2,0,0,Batch,AutomationPilot
28.810000000001704,"KTEX_ESCORT_01",Running,None,2,0,0,Batch,AutomationPilot
29.010000000001735,"KTEX_ESCORT_01",Running,None,2,0,0,Batch,AutomationPilot
29.210000000001767,"KTEX_ESCORT_01",Running,None,2,0,0,Batch,AutomationPilot
29.410000000001798,"KTEX_ESCORT_01",Running,None,2,0,0,Batch,AutomationPilot
29.610000000001829,"KTEX_ESCORT_01",Running,None,2,0,0,Batch,AutomationPilot
29.81000000000186,"KTEX_ESCORT_01",Running,None,2,0,0,Batch,AutomationPilot
30.010000000001892,"KTEX_ESCORT_01",Running,None,2,0,0,Batch,AutomationPilot
30.210000000001923,"KTEX_ESCORT_01",Running,None,2,0,0,Batch,AutomationPilot
30.410000000001954,"KTEX_ESCORT_01",Running,None,2,0,0,Batch,AutomationPilot
30.610000000001985,"KTEX_ESCORT_01",Running,None,2,0,0,Batch,AutomationPilot
30.810000000002017,"KTEX_ESCORT_01",Running,None,2,0,0,Batch,AutomationPilot
31.010000000002048,"KTEX_ESCORT_01",Running,None,2,0,0,Batch,AutomationPilot
31.210000000002079,"KTEX_ESCORT_01",Running,None,2,0,0,Batch,AutomationPilot
31.41000000000211,"KTEX_ESCORT_01",Running,None,2,0,0,Batch,AutomationPilot
31.610000000002142,"KTEX_ESCORT_01",Running,None,2,0,0,Batch,AutomationPilot
31.810000000002173,"KTEX_ESCORT_01",Running,None,2,0,0,Batch,AutomationPilot
32.0100000000022,"KTEX_ESCORT_01",Running,None,2,0,0,Batch,AutomationPilot
32.210000000002161,"KTEX_ESCORT_01",Running,None,2,0,0,Batch,AutomationPilot
32.410000000002121,"KTEX_ESCORT_01",Running,None,2,0,0,Batch,AutomationPilot
32.610000000002081,"KTEX_ESCORT_01",Running,None,2,0,0,Batch,AutomationPilot
32.810000000002042,"KTEX_ESCORT_01",Running,None,2,0,0,Batch,AutomationPilot
33.010000000002,"KTEX_ESCORT_01",Running,None,2,0,0,Batch,AutomationPilot
33.210000000001962,"KTEX_ESCORT_01",Running,None,2,0,0,Batch,AutomationPilot
33.410000000001922,"KTEX_ESCORT_01",Running,None,2,0,0,Batch,AutomationPilot
33.610000000001882,"KTEX_ESCORT_01",Running,None,2,0,0,Batch,AutomationPilot
33.810000000001843,"KTEX_ESCORT_01",Running,None,2,0,0,Batch,AutomationPilot
34.0100000000018,"KTEX_ESCORT_01",Running,None,2,0,0,Batch,AutomationPilot
34.210000000001763,"KTEX_ESCORT_01",Running,None,2,0,0,Batch,AutomationPilot
34.410000000001723,"KTEX_ESCORT_01",Running,None,2,0,0,Batch,AutomationPilot
34.610000000001683,"KTEX_ESCORT_01",Running,None,2,0,0,Batch,AutomationPilot
34.810000000001644,"KTEX_ESCORT_01",Running,None,2,0,0,Batch,AutomationPilot
35.010000000001604,"KTEX_ESCORT_01",Running,None,2,0,0,Batch,AutomationPilot
35.210000000001564,"KTEX_ESCORT_01",Running,None,2,0,0,Batch,AutomationPilot
35.410000000001524,"KTEX_ESCORT_01",Running,None,2,0,0,Batch,AutomationPilot
35.610000000001484,"KTEX_ESCORT_01",Running,None,2,0,0,Batch,AutomationPilot
35.810000000001445,"KTEX_ESCORT_01",Running,None,2,0,0,Batch,AutomationPilot
36.010000000001405,"KTEX_ESCORT_01",Running,None,2,0,0,Batch,AutomationPilot
36.210000000001365,"KTEX_ESCORT_01",Running,None,2,0,0,Batch,AutomationPilot
36.410000000001325,"KTEX_ESCORT_01",Running,None,2,0,0,Batch,AutomationPilot
36.610000000001286,"KTEX_ESCORT_01",Running,None,2,0,0,Batch,AutomationPilot
36.810000000001246,"KTEX_ESCORT_01",Running,None,2,0,0,Batch,AutomationPilot
37.010000000001206,"KTEX_ESCORT_01",Running,None,2,0,0,Batch,AutomationPilot
37.210000000001166,"KTEX_ESCORT_01",Running,None,2,0,0,Batch,AutomationPilot
37.410000000001126,"KTEX_ESCORT_01",Running,None,2,0,0,Batch,AutomationPilot
37.610000000001087,"KTEX_ESCORT_01",Running,None,2,0,0,Batch,AutomationPilot
37.810000000001047,"KTEX_ESCORT_01",Running,None,2,0,0,Batch,AutomationPilot
38.010000000001007,"KTEX_ESCORT_01",Running,None,2,0,0,Batch,AutomationPilot
38.210000000000967,"KTEX_ESCORT_01",Running,None,2,0,0,Batch,AutomationPilot
38.410000000000927,"KTEX_ESCORT_01",Running,None,2,0,0,Batch,AutomationPilot
38.610000000000888,"KTEX_ESCORT_01",Running,None,2,0,0,Batch,AutomationPilot
38.810000000000848,"KTEX_ESCORT_01",Running,None,2,0,0,Batch,AutomationPilot
39.010000000000808,"KTEX_ESCORT_01",Running,None,2,0,0,Batch,AutomationPilot
39.210000000000768,"KTEX_ESCORT_01",Running,None,2,0,0,Batch,AutomationPilot
39.410000000000728,"KTEX_ESCORT_01",Running,None,2,0,0,Batch,AutomationPilot
39.610000000000689,"KTEX_ESCORT_01",Running,None,2,0,0,Batch,AutomationPilot
39.810000000000649,"KTEX_ESCORT_01",Running,None,2,0,0,Batch,AutomationPilot
40.010000000000609,"KTEX_ESCORT_01",Running,None,2,0,0,Batch,AutomationPilot
40.210000000000569,"KTEX_ESCORT_01",Running,None,2,0,0,Batch,AutomationPilot
40.410000000000529,"KTEX_ESCORT_01",Running,None,2,0,0,Batch,AutomationPilot
40.61000000000049,"KTEX_ESCORT_01",Running,None,2,0,0,Batch,AutomationPilot
40.81000000000045,"KTEX_ESCORT_01",Running,None,2,0,0,Batch,AutomationPilot
41.01000000000041,"KTEX_ESCORT_01",Running,None,2,0,0,Batch,AutomationPilot
41.21000000000037,"KTEX_ESCORT_01",Running,None,2,0,0,Batch,AutomationPilot
41.410000000000331,"KTEX_ESCORT_01",Running,None,2,0,0,Batch,AutomationPilot
41.610000000000291,"KTEX_ESCORT_01",Running,None,2,0,0,Batch,AutomationPilot
41.810000000000251,"KTEX_ESCORT_01",Running,None,2,0,0,Batch,AutomationPilot
42.010000000000211,"KTEX_ESCORT_01",Running,None,2,0,0,Batch,AutomationPilot
42.210000000000171,"KTEX_ESCORT_01",Running,None,2,0,0,Batch,AutomationPilot
42.410000000000132,"KTEX_ESCORT_01",Running,None,2,0,0,Batch,AutomationPilot
42.610000000000092,"KTEX_ESCORT_01",Running,None,2,0,0,Batch,AutomationPilot
42.810000000000052,"KTEX_ESCORT_01",Running,None,2,0,0,Batch,AutomationPilot
43.010000000000012,"KTEX_ESCORT_01",Running,None,2,0,0,Batch,AutomationPilot
43.209999999999972,"KTEX_ESCORT_01",Running,None,2,0,0,Batch,AutomationPilot
43.409999999999933,"KTEX_ESCORT_01",Running,None,2,0,0,Batch,AutomationPilot
43.609999999999893,"KTEX_ESCORT_01",Running,None,2,0,0,Batch,AutomationPilot
43.809999999999853,"KTEX_ESCORT_01",Running,None,2,0,0,Batch,AutomationPilot
44.009999999999813,"KTEX_ESCORT_01",Running,None,2,0,0,Batch,AutomationPilot
44.209999999999773,"KTEX_ESCORT_01",Running,None,2,0,0,Batch,AutomationPilot
44.409999999999734,"KTEX_ESCORT_01",Running,None,2,0,0,Batch,AutomationPilot
44.609999999999694,"KTEX_ESCORT_01",Running,None,2,0,0,Batch,AutomationPilot
44.809999999999654,"KTEX_ESCORT_01",Running,None,2,0,0,Batch,AutomationPilot
45.009999999999614,"KTEX_ESCORT_01",Running,None,2,0,0,Batch,AutomationPilot
45.209999999999575,"KTEX_ESCORT_01",Running,None,2,0,0,Batch,AutomationPilot
45.409999999999535,"KTEX_ESCORT_01",Running,None,2,0,0,Batch,AutomationPilot
45.609999999999495,"KTEX_ESCORT_01",Running,None,2,0,0,Batch,AutomationPilot
45.809999999999455,"KTEX_ESCORT_01",Running,None,2,0,0,Batch,AutomationPilot
46.009999999999415,"KTEX_ESCORT_01",Running,None,2,0,0,Batch,AutomationPilot
46.209999999999376,"KTEX_ESCORT_01",Running,None,2,0,0,Batch,AutomationPilot
46.409999999999336,"KTEX_ESCORT_01",Running,None,2,0,0,Batch,AutomationPilot
46.609999999999296,"KTEX_ESCORT_01",Running,None,2,0,0,Batch,AutomationPilot
46.809999999999256,"KTEX_ESCORT_01",Running,None,2,0,0,Batch,AutomationPilot
47.009999999999216,"KTEX_ESCORT_01",Running,None,2,0,0,Batch,AutomationPilot
47.209999999999177,"KTEX_ESCORT_01",Running,None,2,0,0,Batch,AutomationPilot
47.409999999999137,"KTEX_ESCORT_01",Running,None,2,0,0,Batch,AutomationPilot
47.6099999999991,"KTEX_ESCORT_01",Running,None,2,0,0,Batch,AutomationPilot
47.809999999999057,"KTEX_ESCORT_01",Running,None,2,0,0,Batch,AutomationPilot
48.009999999999017,"KTEX_ESCORT_01",Running,None,2,0,0,Batch,AutomationPilot
48.209999999998978,"KTEX_ESCORT_01",Running,None,2,0,0,Batch,AutomationPilot
48.409999999998938,"KTEX_ESCORT_01",Running,None,2,0,0,Batch,AutomationPilot
48.6099999999989,"KTEX_ESCORT_01",Running,None,2,0,0,Batch,AutomationPilot
48.809999999998858,"KTEX_ESCORT_01",Running,None,2,0,0,Batch,AutomationPilot
49.009999999998819,"KTEX_ESCORT_01",Running,None,2,0,0,Batch,AutomationPilot
49.209999999998779,"KTEX_ESCORT_01",Running,None,2,0,0,Batch,AutomationPilot
49.409999999998739,"KTEX_ESCORT_01",Running,None,2,0,0,Batch,AutomationPilot
49.6099999999987,"KTEX_ESCORT_01",Running,None,2,0,0,Batch,AutomationPilot
49.809999999998659,"KTEX_ESCORT_01",Running,None,2,0,0,Batch,AutomationPilot
50.00999999999862,"KTEX_ESCORT_01",Running,None,2,0,0,Batch,AutomationPilot
50.20999999999858,"KTEX_ESCORT_01",Running,None,2,0,0,Batch,AutomationPilot
50.40999999999854,"KTEX_ESCORT_01",Running,None,2,0,0,Batch,AutomationPilot
50.6099999999985,"KTEX_ESCORT_01",Running,None,2,0,0,Batch,AutomationPilot
50.80999999999846,"KTEX_ESCORT_01",Running,None,2,0,0,Batch,AutomationPilot
51.009999999998421,"KTEX_ESCORT_01",Running,None,2,0,0,Batch,AutomationPilot
51.209999999998381,"KTEX_ESCORT_01",Running,None,2,0,0,Batch,AutomationPilot
51.409999999998341,"KTEX_ESCORT_01",Running,None,2,0,0,Batch,AutomationPilot
51.6099999999983,"KTEX_ESCORT_01",Running,None,2,0,0,Batch,AutomationPilot
51.809999999998261,"KTEX_ESCORT_01",Running,None,2,0,0,Batch,AutomationPilot
52.009999999998222,"KTEX_ESCORT_01",Running,None,2,0,0,Batch,AutomationPilot
52.209999999998182,"KTEX_ESCORT_01",Running,None,2,0,0,Batch,AutomationPilot
52.409999999998142,"KTEX_ESCORT_01",Running,None,2,0,0,Batch,AutomationPilot
52.6099999999981,"KTEX_ESCORT_01",Running,None,2,0,0,Batch,AutomationPilot
52.809999999998062,"KTEX_ESCORT_01",Running,None,2,0,0,Batch,AutomationPilot
53.009999999998023,"KTEX_ESCORT_01",Running,None,2,0,0,Batch,AutomationPilot
53.209999999997983,"KTEX_ESCORT_01",Running,None,2,0,0,Batch,AutomationPilot
53.409999999997943,"KTEX_ESCORT_01",Running,None,2,0,0,Batch,AutomationPilot
53.6099999999979,"KTEX_ESCORT_01",Running,None,2,0,0,Batch,AutomationPilot
53.809999999997864,"KTEX_ESCORT_01",Running,None,2,0,0,Batch,AutomationPilot
54.009999999997824,"KTEX_ESCORT_01",Running,None,2,0,0,Batch,AutomationPilot
54.209999999997784,"KTEX_ESCORT_01",Running,None,2,0,0,Batch,AutomationPilot
54.409999999997744,"KTEX_ESCORT_01",Running,None,2,0,0,Batch,AutomationPilot
54.609999999997704,"KTEX_ESCORT_01",Running,None,2,0,0,Batch,AutomationPilot
54.809999999997665,"KTEX_ESCORT_01",Running,None,2,0,0,Batch,AutomationPilot
55.009999999997625,"KTEX_ESCORT_01",Running,None,2,0,0,Batch,AutomationPilot
55.209999999997585,"KTEX_ESCORT_01",Running,None,2,0,0,Batch,AutomationPilot
55.409999999997545,"KTEX_ESCORT_01",Running,None,2,0,0,Batch,AutomationPilot
55.609999999997505,"KTEX_ESCORT_01",Running,None,2,0,0,Batch,AutomationPilot
55.809999999997466,"KTEX_ESCORT_01",Running,None,2,0,0,Batch,AutomationPilot
56.009999999997426,"KTEX_ESCORT_01",Running,None,2,0,0,Batch,AutomationPilot
56.209999999997386,"KTEX_ESCORT_01",Running,None,2,0,0,Batch,AutomationPilot
56.409999999997346,"KTEX_ESCORT_01",Running,None,2,0,0,Batch,AutomationPilot
56.609999999997306,"KTEX_ESCORT_01",Running,None,2,0,0,Batch,AutomationPilot
56.809999999997267,"KTEX_ESCORT_01",Running,None,2,0,0,Batch,AutomationPilot
57.009999999997227,"KTEX_ESCORT_01",Running,None,2,0,0,Batch,AutomationPilot
57.209999999997187,"KTEX_ESCORT_01",Running,None,2,0,0,Batch,AutomationPilot
57.409999999997147,"KTEX_ESCORT_01",Running,None,2,0,0,Batch,AutomationPilot
57.609999999997108,"KTEX_ESCORT_01",Running,None,2,0,0,Batch,AutomationPilot
57.809999999997068,"KTEX_ESCORT_01",Running,None,2,0,0,Batch,AutomationPilot
58.009999999997028,"KTEX_ESCORT_01",Running,None,2,0,0,Batch,AutomationPilot
58.209999999996988,"KTEX_ESCORT_01",Running,None,2,0,0,Batch,AutomationPilot
58.409999999996948,"KTEX_ESCORT_01",Running,None,2,0,0,Batch,AutomationPilot
58.609999999996909,"KTEX_ESCORT_01",Running,None,2,0,0,Batch,AutomationPilot
58.809999999996869,"KTEX_ESCORT_01",Running,None,2,0,0,Batch,AutomationPilot
59.009999999996829,"KTEX_ESCORT_01",Running,None,2,0,0,Batch,AutomationPilot
59.209999999996789,"KTEX_ESCORT_01",Running,None,2,0,0,Batch,AutomationPilot
59.409999999996749,"KTEX_ESCORT_01",Running,None,2,0,0,Batch,AutomationPilot
59.60999999999671,"KTEX_ESCORT_01",Running,None,2,0,0,Batch,AutomationPilot
59.80999999999667,"KTEX_ESCORT_01",Running,None,2,0,0,Batch,AutomationPilot
60.00999999999663,"KTEX_ESCORT_01",Running,None,2,0,0,Batch,AutomationPilot
60.20999999999659,"KTEX_ESCORT_01",Running,None,2,0,0,Batch,AutomationPilot
60.40999999999655,"KTEX_ESCORT_01",Running,None,2,0,0,Batch,AutomationPilot
60.609999999996511,"KTEX_ESCORT_01",Running,None,2,0,0,Batch,AutomationPilot
60.809999999996471,"KTEX_ESCORT_01",Running,None,2,0,0,Batch,AutomationPilot
61.009999999996431,"KTEX_ESCORT_01",Running,None,2,0,0,Batch,AutomationPilot
61.209999999996391,"KTEX_ESCORT_01",Running,None,2,0,0,Batch,AutomationPilot
61.409999999996352,"KTEX_ESCORT_01",Running,None,2,0,0,Batch,AutomationPilot
61.609999999996312,"KTEX_ESCORT_01",Running,None,2,0,0,Batch,AutomationPilot
61.809999999996272,"KTEX_ESCORT_01",Running,None,2,0,0,Batch,AutomationPilot
62.009999999996232,"KTEX_ESCORT_01",Running,None,2,0,0,Batch,AutomationPilot
62.209999999996192,"KTEX_ESCORT_01",Running,None,2,0,0,Batch,AutomationPilot
62.409999999996153,"KTEX_ESCORT_01",Running,None,2,0,0,Batch,AutomationPilot
62.609999999996113,"KTEX_ESCORT_01",Running,None,2,0,0,Batch,AutomationPilot
62.809999999996073,"KTEX_ESCORT_01",Running,None,2,0,0,Batch,AutomationPilot
63.009999999996033,"KTEX_ESCORT_01",Running,None,2,0,0,Batch,AutomationPilot
63.209999999995993,"KTEX_ESCORT_01",Running,None,2,0,0,Batch,AutomationPilot
63.409999999995954,"KTEX_ESCORT_01",Running,None,2,0,0,Batch,AutomationPilot
63.609999999995914,"KTEX_ESCORT_01",Running,None,2,0,0,Batch,AutomationPilot
63.809999999995874,"KTEX_ESCORT_01",Running,None,2,0,0,Batch,AutomationPilot
64.009999999995841,"KTEX_ESCORT_01",Running,None,2,0,0,Batch,AutomationPilot
64.209999999995944,"KTEX_ESCORT_01",Running,None,2,0,0,Batch,AutomationPilot
64.409999999996046,"KTEX_ESCORT_01",Running,None,2,0,0,Batch,AutomationPilot
64.609999999996148,"KTEX_ESCORT_01",Running,None,2,0,0,Batch,AutomationPilot
64.809999999996251,"KTEX_ESCORT_01",Running,None,2,0,0,Batch,AutomationPilot
65.009999999996353,"KTEX_ESCORT_01",Running,None,2,0,0,Batch,AutomationPilot
65.209999999996455,"KTEX_ESCORT_01",Running,None,2,0,0,Batch,AutomationPilot
65.409999999996558,"KTEX_ESCORT_01",Running,None,2,0,0,Batch,AutomationPilot
65.60999999999666,"KTEX_ESCORT_01",Running,None,2,0,0,Batch,AutomationPilot
65.809999999996762,"KTEX_ESCORT_01",Running,None,2,0,0,Batch,AutomationPilot
66.009999999996865,"KTEX_ESCORT_01",Running,None,2,0,0,Batch,AutomationPilot
66.209999999996967,"KTEX_ESCORT_01",Running,None,2,0,0,Batch,AutomationPilot
66.409999999997069,"KTEX_ESCORT_01",Running,None,2,0,0,Batch,AutomationPilot
66.609999999997171,"KTEX_ESCORT_01",Running,None,2,0,0,Batch,AutomationPilot
66.809999999997274,"KTEX_ESCORT_01",Running,None,2,0,0,Batch,AutomationPilot
67.009999999997376,"KTEX_ESCORT_01",Running,None,2,0,0,Batch,AutomationPilot
67.209999999997478,"KTEX_ESCORT_01",Running,None,2,0,0,Batch,AutomationPilot
67.409999999997581,"KTEX_ESCORT_01",Running,None,2,0,0,Batch,AutomationPilot
67.609999999997683,"KTEX_ESCORT_01",Running,None,2,0,0,Batch,AutomationPilot
67.809999999997785,"KTEX_ESCORT_01",Running,None,2,0,0,Batch,AutomationPilot
68.009999999997888,"KTEX_ESCORT_01",Running,None,2,0,0,Batch,AutomationPilot
68.20999999999799,"KTEX_ESCORT_01",Running,None,2,0,0,Batch,AutomationPilot
68.409999999998092,"KTEX_ESCORT_01",Running,None,2,0,0,Batch,AutomationPilot
68.6099999999982,"KTEX_ESCORT_01",Running,None,2,0,0,Batch,AutomationPilot
68.8099999999983,"KTEX_ESCORT_01",Running,None,2,0,0,Batch,AutomationPilot
69.0099999999984,"KTEX_ESCORT_01",Running,None,2,0,0,Batch,AutomationPilot
69.2099999999985,"KTEX_ESCORT_01",Running,None,2,0,0,Batch,AutomationPilot
69.4099999999986,"KTEX_ESCORT_01",Running,None,2,0,0,Batch,AutomationPilot
69.6099999999987,"KTEX_ESCORT_01",Running,None,2,0,0,Batch,AutomationPilot
69.809999999998809,"KTEX_ESCORT_01",Running,None,2,0,0,Batch,AutomationPilot
70.009999999998911,"KTEX_ESCORT_01",Running,None,2,0,0,Batch,AutomationPilot
70.209999999999013,"KTEX_ESCORT_01",Running,None,2,0,0,Batch,AutomationPilot
70.409999999999116,"KTEX_ESCORT_01",Running,None,2,0,0,Batch,AutomationPilot
70.609999999999218,"KTEX_ESCORT_01",Running,None,2,0,0,Batch,AutomationPilot
70.80999999999932,"KTEX_ESCORT_01",Running,None,2,0,0,Batch,AutomationPilot
71.009999999999422,"KTEX_ESCORT_01",Running,None,2,0,0,Batch,AutomationPilot
71.209999999999525,"KTEX_ESCORT_01",Running,None,2,0,0,Batch,AutomationPilot
71.409999999999627,"KTEX_ESCORT_01",Running,None,2,0,0,Batch,AutomationPilot
71.609999999999729,"KTEX_ESCORT_01",Running,None,2,0,0,Batch,AutomationPilot
71.809999999999832,"KTEX_ESCORT_01",Running,None,2,0,0,Batch,AutomationPilot
72.009999999999934,"KTEX_ESCORT_01",Running,None,2,0,0,Batch,AutomationPilot
72.210000000000036,"KTEX_ESCORT_01",Running,None,2,0,0,Batch,AutomationPilot
72.410000000000139,"KTEX_ESCORT_01",Running,None,2,0,0,Batch,AutomationPilot
72.610000000000241,"KTEX_ESCORT_01",Running,None,2,0,0,Batch,AutomationPilot
72.810000000000343,"KTEX_ESCORT_01",Running,None,2,0,0,Batch,AutomationPilot
73.010000000000446,"KTEX_ESCORT_01",Running,None,2,0,0,Batch,AutomationPilot
73.210000000000548,"KTEX_ESCORT_01",Running,None,2,0,0,Batch,AutomationPilot
73.41000000000065,"KTEX_ESCORT_01",Running,None,2,0,0,Batch,AutomationPilot
73.610000000000753,"KTEX_ESCORT_01",Running,None,2,0,0,Batch,AutomationPilot
73.810000000000855,"KTEX_ESCORT_01",Running,None,2,0,0,Batch,AutomationPilot
74.010000000000957,"KTEX_ESCORT_01",Running,None,2,0,0,Batch,AutomationPilot
74.21000000000106,"KTEX_ESCORT_01",Running,None,2,0,0,Batch,AutomationPilot
74.410000000001162,"KTEX_ESCORT_01",Running,None,2,0,0,Batch,AutomationPilot
74.610000000001264,"KTEX_ESCORT_01",Running,None,2,0,0,Batch,AutomationPilot
74.810000000001367,"KTEX_ESCORT_01",Running,None,2,0,0,Batch,AutomationPilot
75.010000000001469,"KTEX_ESCORT_01",Running,None,2,0,0,Batch,AutomationPilot
75.210000000001571,"KTEX_ESCORT_01",Running,None,2,0,0,Batch,AutomationPilot
75.410000000001673,"KTEX_ESCORT_01",Running,None,2,0,0,Batch,AutomationPilot
75.610000000001776,"KTEX_ESCORT_01",Running,None,2,0,0,Batch,AutomationPilot
75.810000000001878,"KTEX_ESCORT_01",Running,None,2,0,0,Batch,AutomationPilot
76.01000000000198,"KTEX_ESCORT_01",Running,None,2,0,0,Batch,AutomationPilot
76.210000000002083,"KTEX_ESCORT_01",Running,None,2,0,0,Batch,AutomationPilot
76.410000000002185,"KTEX_ESCORT_01",Running,None,2,0,0,Batch,AutomationPilot
76.610000000002287,"KTEX_ESCORT_01",Running,None,2,0,0,Batch,AutomationPilot
76.81000000000239,"KTEX_ESCORT_01",Running,None,2,0,0,Batch,AutomationPilot
77.010000000002492,"KTEX_ESCORT_01",Running,None,2,0,0,Batch,AutomationPilot
77.2100000000026,"KTEX_ESCORT_01",Running,None,2,0,0,Batch,AutomationPilot
77.4100000000027,"KTEX_ESCORT_01",Running,None,2,0,0,Batch,AutomationPilot
77.6100000000028,"KTEX_ESCORT_01",Running,None,2,0,0,Batch,AutomationPilot
77.8100000000029,"KTEX_ESCORT_01",Running,None,2,0,0,Batch,AutomationPilot
78.010000000003,"KTEX_ESCORT_01",Running,None,2,0,0,Batch,AutomationPilot
78.2100000000031,"KTEX_ESCORT_01",Running,None,2,0,0,Batch,AutomationPilot
78.410000000003208,"KTEX_ESCORT_01",Running,None,2,0,0,Batch,AutomationPilot
78.610000000003311,"KTEX_ESCORT_01",Running,None,2,0,0,Batch,AutomationPilot
78.810000000003413,"KTEX_ESCORT_01",Running,None,2,0,0,Batch,AutomationPilot
79.010000000003515,"KTEX_ESCORT_01",Running,None,2,0,0,Batch,AutomationPilot
79.210000000003618,"KTEX_ESCORT_01",Running,None,2,0,0,Batch,AutomationPilot
79.41000000000372,"KTEX_ESCORT_01",Running,None,2,0,0,Batch,AutomationPilot
79.610000000003822,"KTEX_ESCORT_01",Running,None,2,0,0,Batch,AutomationPilot
79.810000000003924,"KTEX_ESCORT_01",Running,None,2,0,0,Batch,AutomationPilot
80.010000000004027,"KTEX_ESCORT_01",Running,None,2,0,0,Batch,AutomationPilot
80.210000000004129,"KTEX_ESCORT_01",Running,None,2,0,0,Batch,AutomationPilot
80.410000000004231,"KTEX_ESCORT_01",Running,None,2,0,0,Batch,AutomationPilot
80.610000000004334,"KTEX_ESCORT_01",Running,None,2,0,0,Batch,AutomationPilot
80.810000000004436,"KTEX_ESCORT_01",Running,None,2,0,0,Batch,AutomationPilot
81.010000000004538,"KTEX_ESCORT_01",Running,None,2,0,0,Batch,AutomationPilot
81.210000000004641,"KTEX_ESCORT_01",Running,None,2,0,0,Batch,AutomationPilot
81.410000000004743,"KTEX_ESCORT_01",Running,None,2,0,0,Batch,AutomationPilot
81.610000000004845,"KTEX_ESCORT_01",Running,None,2,0,0,Batch,AutomationPilot
81.810000000004948,"KTEX_ESCORT_01",Running,None,2,0,0,Batch,AutomationPilot
82.01000000000505,"KTEX_ESCORT_01",Running,None,2,0,0,Batch,AutomationPilot
82.210000000005152,"KTEX_ESCORT_01",Running,None,2,0,0,Batch,AutomationPilot
82.410000000005255,"KTEX_ESCORT_01",Running,None,2,0,0,Batch,AutomationPilot
82.610000000005357,"KTEX_ESCORT_01",Running,None,2,0,0,Batch,AutomationPilot
82.810000000005459,"KTEX_ESCORT_01",Running,None,2,0,0,Batch,AutomationPilot
83.010000000005562,"KTEX_ESCORT_01",Running,None,2,0,0,Batch,AutomationPilot
83.210000000005664,"KTEX_ESCORT_01",Running,None,2,0,0,Batch,AutomationPilot
83.410000000005766,"KTEX_ESCORT_01",Running,None,2,0,0,Batch,AutomationPilot
83.610000000005869,"KTEX_ESCORT_01",Running,None,2,0,0,Batch,AutomationPilot
83.810000000005971,"KTEX_ESCORT_01",Running,None,2,0,0,Batch,AutomationPilot
84.010000000006073,"KTEX_ESCORT_01",Running,None,2,0,0,Batch,AutomationPilot
84.210000000006175,"KTEX_ESCORT_01",Running,None,2,0,0,Batch,AutomationPilot
84.410000000006278,"KTEX_ESCORT_01",Running,None,2,0,0,Batch,AutomationPilot
84.61000000000638,"KTEX_ESCORT_01",Running,None,2,0,0,Batch,AutomationPilot
84.810000000006482,"KTEX_ESCORT_01",Running,None,2,0,0,Batch,AutomationPilot
85.010000000006585,"KTEX_ESCORT_01",Running,None,2,0,0,Batch,AutomationPilot
85.210000000006687,"KTEX_ESCORT_01",Running,None,2,0,0,Batch,AutomationPilot
85.410000000006789,"KTEX_ESCORT_01",Running,None,2,0,0,Batch,AutomationPilot
85.610000000006892,"KTEX_ESCORT_01",Running,None,2,0,0,Batch,AutomationPilot
85.810000000007,"KTEX_ESCORT_01",Running,None,2,0,0,Batch,AutomationPilot
86.0100000000071,"KTEX_ESCORT_01",Running,None,2,0,0,Batch,AutomationPilot
86.2100000000072,"KTEX_ESCORT_01",Running,None,2,0,0,Batch,AutomationPilot
86.4100000000073,"KTEX_ESCORT_01",Running,None,2,0,0,Batch,AutomationPilot
86.6100000000074,"KTEX_ESCORT_01",Running,None,2,0,0,Batch,AutomationPilot
86.8100000000075,"KTEX_ESCORT_01",Running,None,2,0,0,Batch,AutomationPilot
87.010000000007608,"KTEX_ESCORT_01",Running,None,2,0,0,Batch,AutomationPilot
87.21000000000771,"KTEX_ESCORT_01",Running,None,2,0,0,Batch,AutomationPilot
87.410000000007813,"KTEX_ESCORT_01",Running,None,2,0,0,Batch,AutomationPilot
87.610000000007915,"KTEX_ESCORT_01",Running,None,2,0,0,Batch,AutomationPilot
87.810000000008017,"KTEX_ESCORT_01",Running,None,2,0,0,Batch,AutomationPilot
88.01000000000812,"KTEX_ESCORT_01",Running,None,2,0,0,Batch,AutomationPilot
88.210000000008222,"KTEX_ESCORT_01",Running,None,2,0,0,Batch,AutomationPilot
88.410000000008324,"KTEX_ESCORT_01",Running,None,2,0,0,Batch,AutomationPilot
88.610000000008426,"KTEX_ESCORT_01",Running,None,2,0,0,Batch,AutomationPilot
88.810000000008529,"KTEX_ESCORT_01",Running,None,2,0,0,Batch,AutomationPilot
89.010000000008631,"KTEX_ESCORT_01",Running,None,2,0,0,Batch,AutomationPilot
89.210000000008733,"KTEX_ESCORT_01",Running,None,2,0,0,Batch,AutomationPilot
89.410000000008836,"KTEX_ESCORT_01",Running,None,2,0,0,Batch,AutomationPilot
89.610000000008938,"KTEX_ESCORT_01",Running,None,2,0,0,Batch,AutomationPilot
89.81000000000904,"KTEX_ESCORT_01",Running,None,2,0,0,Batch,AutomationPilot
90.010000000009143,"KTEX_ESCORT_01",Running,None,2,0,0,Batch,AutomationPilot
90.210000000009245,"KTEX_ESCORT_01",Running,None,2,0,0,Batch,AutomationPilot
90.410000000009347,"KTEX_ESCORT_01",Running,None,2,0,0,Batch,AutomationPilot
90.61000000000945,"KTEX_ESCORT_01",Running,None,2,0,0,Batch,AutomationPilot
90.810000000009552,"KTEX_ESCORT_01",Running,None,2,0,0,Batch,AutomationPilot
91.010000000009654,"KTEX_ESCORT_01",Running,None,2,0,0,Batch,AutomationPilot
91.210000000009757,"KTEX_ESCORT_01",Running,None,2,0,0,Batch,AutomationPilot
91.410000000009859,"KTEX_ESCORT_01",Running,None,2,0,0,Batch,AutomationPilot
91.610000000009961,"KTEX_ESCORT_01",Running,None,2,0,0,Batch,AutomationPilot
91.810000000010064,"KTEX_ESCORT_01",Running,None,2,0,0,Batch,AutomationPilot
92.010000000010166,"KTEX_ESCORT_01",Running,None,2,0,0,Batch,AutomationPilot
92.210000000010268,"KTEX_ESCORT_01",Running,None,2,0,0,Batch,AutomationPilot
92.410000000010371,"KTEX_ESCORT_01",Running,None,2,0,0,Batch,AutomationPilot
92.610000000010473,"KTEX_ESCORT_01",Running,None,2,0,0,Batch,AutomationPilot
92.810000000010575,"KTEX_ESCORT_01",Running,None,2,0,0,Batch,AutomationPilot
93.010000000010677,"KTEX_ESCORT_01",Running,None,2,0,0,Batch,AutomationPilot
93.21000000001078,"KTEX_ESCORT_01",Running,None,2,0,0,Batch,AutomationPilot
93.410000000010882,"KTEX_ESCORT_01",Running,None,2,0,0,Batch,AutomationPilot
93.610000000010984,"KTEX_ESCORT_01",Running,None,2,0,0,Batch,AutomationPilot
93.810000000011087,"KTEX_ESCORT_01",Running,None,2,0,0,Batch,AutomationPilot
94.010000000011189,"KTEX_ESCORT_01",Running,None,2,0,0,Batch,AutomationPilot
94.210000000011291,"KTEX_ESCORT_01",Running,None,2,0,0,Batch,AutomationPilot
94.4100000000114,"KTEX_ESCORT_01",Running,None,2,0,0,Batch,AutomationPilot
94.6100000000115,"KTEX_ESCORT_01",Running,None,2,0,0,Batch,AutomationPilot
94.8100000000116,"KTEX_ESCORT_01",Running,None,2,0,0,Batch,AutomationPilot
95.0100000000117,"KTEX_ESCORT_01",Running,None,2,0,0,Batch,AutomationPilot
95.2100000000118,"KTEX_ESCORT_01",Running,None,2,0,0,Batch,AutomationPilot
95.4100000000119,"KTEX_ESCORT_01",Running,None,2,0,0,Batch,AutomationPilot
95.610000000012008,"KTEX_ESCORT_01",Running,None,2,0,0,Batch,AutomationPilot
95.81000000001211,"KTEX_ESCORT_01",Running,None,2,0,0,Batch,AutomationPilot
96.010000000012212,"KTEX_ESCORT_01",Running,None,2,0,0,Batch,AutomationPilot
96.210000000012315,"KTEX_ESCORT_01",Running,None,2,0,0,Batch,AutomationPilot
96.410000000012417,"KTEX_ESCORT_01",Running,None,2,0,0,Batch,AutomationPilot
96.610000000012519,"KTEX_ESCORT_01",Running,None,2,0,0,Batch,AutomationPilot
96.810000000012622,"KTEX_ESCORT_01",Running,None,2,0,0,Batch,AutomationPilot
97.010000000012724,"KTEX_ESCORT_01",Running,None,2,0,0,Batch,AutomationPilot
97.210000000012826,"KTEX_ESCORT_01",Running,None,2,0,0,Batch,AutomationPilot
97.410000000012928,"KTEX_ESCORT_01",Running,None,2,0,0,Batch,AutomationPilot
97.610000000013031,"KTEX_ESCORT_01",Running,None,2,0,0,Batch,AutomationPilot
97.810000000013133,"KTEX_ESCORT_01",Running,None,2,0,0,Batch,AutomationPilot
98.010000000013235,"KTEX_ESCORT_01",Running,None,2,0,0,Batch,AutomationPilot
98.210000000013338,"KTEX_ESCORT_01",Running,None,2,0,0,Batch,AutomationPilot
98.41000000001344,"KTEX_ESCORT_01",Running,None,2,0,0,Batch,AutomationPilot
98.610000000013542,"KTEX_ESCORT_01",Running,None,2,0,0,Batch,AutomationPilot
98.810000000013645,"KTEX_ESCORT_01",Running,None,2,0,0,Batch,AutomationPilot
99.010000000013747,"KTEX_ESCORT_01",Running,None,2,0,0,Batch,AutomationPilot
99.210000000013849,"KTEX_ESCORT_01",Running,None,2,0,0,Batch,AutomationPilot
99.410000000013952,"KTEX_ESCORT_01",Running,None,2,0,0,Batch,AutomationPilot
99.610000000014054,"KTEX_ESCORT_01",Running,None,2,0,0,Batch,AutomationPilot
99.810000000014156,"KTEX_ESCORT_01",Running,None,2,0,0,Batch,AutomationPilot
100.01000000001426,"KTEX_ESCORT_01",Running,None,2,0,0,Batch,AutomationPilot
100.21000000001436,"KTEX_ESCORT_01",Running,None,2,0,0,Batch,AutomationPilot
100.41000000001446,"KTEX_ESCORT_01",Running,None,2,0,0,Batch,AutomationPilot
100.61000000001457,"KTEX_ESCORT_01",Running,None,2,0,0,Batch,AutomationPilot
100.81000000001467,"KTEX_ESCORT_01",Running,None,2,0,0,Batch,AutomationPilot
101.01000000001477,"KTEX_ESCORT_01",Running,None,2,0,0,Batch,AutomationPilot
101.21000000001487,"KTEX_ESCORT_01",Running,None,2,0,0,Batch,AutomationPilot
101.41000000001497,"KTEX_ESCORT_01",Running,None,2,0,0,Batch,AutomationPilot
101.61000000001508,"KTEX_ESCORT_01",Running,None,2,0,0,Batch,AutomationPilot
101.81000000001518,"KTEX_ESCORT_01",Running,None,2,0,0,Batch,AutomationPilot
102.01000000001528,"KTEX_ESCORT_01",Running,None,2,0,0,Batch,AutomationPilot
102.21000000001538,"KTEX_ESCORT_01",Running,None,2,0,0,Batch,AutomationPilot
102.41000000001549,"KTEX_ESCORT_01",Running,None,2,0,0,Batch,AutomationPilot
102.61000000001559,"KTEX_ESCORT_01",Running,None,2,0,0,Batch,AutomationPilot
102.81000000001569,"KTEX_ESCORT_01",Running,None,2,0,0,Batch,AutomationPilot
103.01000000001579,"KTEX_ESCORT_01",Running,None,2,0,0,Batch,AutomationPilot
103.2100000000159,"KTEX_ESCORT_01",Running,None,2,0,0,Batch,AutomationPilot
103.410000000016,"KTEX_ESCORT_01",Running,None,2,0,0,Batch,AutomationPilot
103.6100000000161,"KTEX_ESCORT_01",Running,None,2,0,0,Batch,AutomationPilot
103.8100000000162,"KTEX_ESCORT_01",Running,None,2,0,0,Batch,AutomationPilot
104.0100000000163,"KTEX_ESCORT_01",Running,None,2,0,0,Batch,AutomationPilot
104.21000000001641,"KTEX_ESCORT_01",Running,None,2,0,0,Batch,AutomationPilot
104.41000000001651,"KTEX_ESCORT_01",Running,None,2,0,0,Batch,AutomationPilot
104.61000000001661,"KTEX_ESCORT_01",Running,None,2,0,0,Batch,AutomationPilot
104.81000000001671,"KTEX_ESCORT_01",Running,None,2,0,0,Batch,AutomationPilot
105.01000000001682,"KTEX_ESCORT_01",Running,None,2,0,0,Batch,AutomationPilot
105.21000000001692,"KTEX_ESCORT_01",Running,None,2,0,0,Batch,AutomationPilot
105.41000000001702,"KTEX_ESCORT_01",Running,None,2,0,0,Batch,AutomationPilot
105.61000000001712,"KTEX_ESCORT_01",Running,None,2,0,0,Batch,AutomationPilot
105.81000000001723,"KTEX_ESCORT_01",Running,None,2,0,0,Batch,AutomationPilot
106.01000000001733,"KTEX_ESCORT_01",Running,None,2,0,0,Batch,AutomationPilot
106.21000000001743,"KTEX_ESCORT_01",Running,None,2,0,0,Batch,AutomationPilot
106.41000000001753,"KTEX_ESCORT_01",Running,None,2,0,0,Batch,AutomationPilot
106.61000000001764,"KTEX_ESCORT_01",Running,None,2,0,0,Batch,AutomationPilot
106.81000000001774,"KTEX_ESCORT_01",Running,None,2,0,0,Batch,AutomationPilot
107.01000000001784,"KTEX_ESCORT_01",Running,None,2,0,0,Batch,AutomationPilot
107.21000000001794,"KTEX_ESCORT_01",Running,None,2,0,0,Batch,AutomationPilot
107.41000000001804,"KTEX_ESCORT_01",Running,None,2,0,0,Batch,AutomationPilot
107.61000000001815,"KTEX_ESCORT_01",Running,None,2,0,0,Batch,AutomationPilot
107.81000000001825,"KTEX_ESCORT_01",Running,None,2,0,0,Batch,AutomationPilot
108.01000000001835,"KTEX_ESCORT_01",Running,None,2,0,0,Batch,AutomationPilot
108.21000000001845,"KTEX_ESCORT_01",Running,None,2,0,0,Batch,AutomationPilot
108.41000000001856,"KTEX_ESCORT_01",Running,None,2,0,0,Batch,AutomationPilot
108.61000000001866,"KTEX_ESCORT_01",Running,None,2,0,0,Batch,AutomationPilot
108.81000000001876,"KTEX_ESCORT_01",Running,None,2,0,0,Batch,AutomationPilot
109.01000000001886,"KTEX_ESCORT_01",Running,None,2,0,0,Batch,AutomationPilot
109.21000000001897,"KTEX_ESCORT_01",Running,None,2,0,0,Batch,AutomationPilot
109.41000000001907,"KTEX_ESCORT_01",Running,None,2,0,0,Batch,AutomationPilot
109.61000000001917,"KTEX_ESCORT_01",Running,None,2,0,0,Batch,AutomationPilot
109.81000000001927,"KTEX_ESCORT_01",Running,None,2,0,0,Batch,AutomationPilot
110.01000000001937,"KTEX_ESCORT_01",Running,None,2,0,0,Batch,AutomationPilot
110.21000000001948,"KTEX_ESCORT_01",Running,None,2,0,0,Batch,AutomationPilot
110.41000000001958,"KTEX_ESCORT_01",Running,None,2,0,0,Batch,AutomationPilot
110.61000000001968,"KTEX_ESCORT_01",Running,None,2,0,0,Batch,AutomationPilot
110.81000000001978,"KTEX_ESCORT_01",Running,None,2,0,0,Batch,AutomationPilot
111.01000000001989,"KTEX_ESCORT_01",Running,None,2,0,0,Batch,AutomationPilot
111.21000000001999,"KTEX_ESCORT_01",Running,None,2,0,0,Batch,AutomationPilot
111.41000000002009,"KTEX_ESCORT_01",Running,None,2,0,0,Batch,AutomationPilot
111.61000000002019,"KTEX_ESCORT_01",Running,None,2,0,0,Batch,AutomationPilot
111.8100000000203,"KTEX_ESCORT_01",Running,None,2,0,0,Batch,AutomationPilot
112.0100000000204,"KTEX_ESCORT_01",Running,None,2,0,0,Batch,AutomationPilot
112.2100000000205,"KTEX_ESCORT_01",Running,None,2,0,0,Batch,AutomationPilot
112.4100000000206,"KTEX_ESCORT_01",Running,None,2,0,0,Batch,AutomationPilot
112.6100000000207,"KTEX_ESCORT_01",Running,None,2,0,0,Batch,AutomationPilot
112.81000000002081,"KTEX_ESCORT_01",Running,None,2,0,0,Batch,AutomationPilot
113.01000000002091,"KTEX_ESCORT_01",Running,None,2,0,0,Batch,AutomationPilot
113.21000000002101,"KTEX_ESCORT_01",Running,None,2,0,0,Batch,AutomationPilot
113.41000000002111,"KTEX_ESCORT_01",Running,None,2,0,0,Batch,AutomationPilot
113.61000000002122,"KTEX_ESCORT_01",Running,None,2,0,0,Batch,AutomationPilot
113.81000000002132,"KTEX_ESCORT_01",Running,None,2,0,0,Batch,AutomationPilot
114.01000000002142,"KTEX_ESCORT_01",Running,None,2,0,0,Batch,AutomationPilot
114.21000000002152,"KTEX_ESCORT_01",Running,None,2,0,0,Batch,AutomationPilot
114.41000000002163,"KTEX_ESCORT_01",Running,None,2,0,0,Batch,AutomationPilot
114.61000000002173,"KTEX_ESCORT_01",Running,None,2,0,0,Batch,AutomationPilot
114.81000000002183,"KTEX_ESCORT_01",Running,None,2,0,0,Batch,AutomationPilot
115.01000000002193,"KTEX_ESCORT_01",Running,None,2,0,0,Batch,AutomationPilot
115.21000000002203,"KTEX_ESCORT_01",Running,None,2,0,0,Batch,AutomationPilot
115.41000000002214,"KTEX_ESCORT_01",Running,None,2,0,0,Batch,AutomationPilot
115.61000000002224,"KTEX_ESCORT_01",Running,None,2,0,0,Batch,AutomationPilot
115.81000000002234,"KTEX_ESCORT_01",Running,None,2,0,0,Batch,AutomationPilot
116.01000000002244,"KTEX_ESCORT_01",Running,None,2,0,0,Batch,AutomationPilot
116.21000000002255,"KTEX_ESCORT_01",Running,None,2,0,0,Batch,AutomationPilot
116.41000000002265,"KTEX_ESCORT_01",Running,None,2,0,0,Batch,AutomationPilot
116.61000000002275,"KTEX_ESCORT_01",Running,None,2,0,0,Batch,AutomationPilot
116.81000000002285,"KTEX_ESCORT_01",Running,None,2,0,0,Batch,AutomationPilot
117.01000000002296,"KTEX_ESCORT_01",Running,None,2,0,0,Batch,AutomationPilot
117.21000000002306,"KTEX_ESCORT_01",Running,None,2,0,0,Batch,AutomationPilot
117.41000000002316,"KTEX_ESCORT_01",Running,None,2,0,0,Batch,AutomationPilot
117.61000000002326,"KTEX_ESCORT_01",Running,None,2,0,0,Batch,AutomationPilot
117.81000000002336,"KTEX_ESCORT_01",Running,None,2,0,0,Batch,AutomationPilot
118.01000000002347,"KTEX_ESCORT_01",Running,None,2,0,0,Batch,AutomationPilot
118.21000000002357,"KTEX_ESCORT_01",Running,None,2,0,0,Batch,AutomationPilot
118.41000000002367,"KTEX_ESCORT_01",Running,None,2,0,0,Batch,AutomationPilot
118.61000000002377,"KTEX_ESCORT_01",Running,None,2,0,0,Batch,AutomationPilot
118.81000000002388,"KTEX_ESCORT_01",Running,None,2,0,0,Batch,AutomationPilot
119.01000000002398,"KTEX_ESCORT_01",Running,None,2,0,0,Batch,AutomationPilot
119.21000000002408,"KTEX_ESCORT_01",Running,None,2,0,0,Batch,AutomationPilot
119.41000000002418,"KTEX_ESCORT_01",Running,None,2,0,0,Batch,AutomationPilot
119.61000000002429,"KTEX_ESCORT_01",Running,None,2,0,0,Batch,AutomationPilot
119.81000000002439,"KTEX_ESCORT_01",Running,None,2,0,0,Batch,AutomationPilot
120.01000000002449,"KTEX_ESCORT_01",Running,None,2,0,0,Batch,AutomationPilot
120.21000000002459,"KTEX_ESCORT_01",Running,None,2,0,0,Batch,AutomationPilot
120.4100000000247,"KTEX_ESCORT_01",Running,None,2,0,0,Batch,AutomationPilot
120.6100000000248,"KTEX_ESCORT_01",Running,None,2,0,0,Batch,AutomationPilot
120.8100000000249,"KTEX_ESCORT_01",Running,None,2,0,0,Batch,AutomationPilot
121.010000000025,"KTEX_ESCORT_01",Running,None,2,0,0,Batch,AutomationPilot
121.2100000000251,"KTEX_ESCORT_01",Running,None,2,0,0,Batch,AutomationPilot
121.41000000002521,"KTEX_ESCORT_01",Running,None,2,0,0,Batch,AutomationPilot
121.61000000002531,"KTEX_ESCORT_01",Running,None,2,0,0,Batch,AutomationPilot
121.81000000002541,"KTEX_ESCORT_01",Running,None,2,0,0,Batch,AutomationPilot
122.01000000002551,"KTEX_ESCORT_01",Running,None,2,0,0,Batch,AutomationPilot
122.21000000002562,"KTEX_ESCORT_01",Running,None,2,0,0,Batch,AutomationPilot
122.41000000002572,"KTEX_ESCORT_01",Running,None,2,0,0,Batch,AutomationPilot
122.61000000002582,"KTEX_ESCORT_01",Running,None,2,0,0,Batch,AutomationPilot
122.81000000002592,"KTEX_ESCORT_01",Running,None,2,0,0,Batch,AutomationPilot
123.01000000002603,"KTEX_ESCORT_01",Running,None,2,0,0,Batch,AutomationPilot
123.21000000002613,"KTEX_ESCORT_01",Running,None,2,0,0,Batch,AutomationPilot
123.41000000002623,"KTEX_ESCORT_01",Running,None,2,0,0,Batch,AutomationPilot
123.61000000002633,"KTEX_ESCORT_01",Running,None,2,0,0,Batch,AutomationPilot
123.81000000002643,"KTEX_ESCORT_01",Running,None,2,0,0,Batch,AutomationPilot
124.01000000002654,"KTEX_ESCORT_01",Running,None,2,0,0,Batch,AutomationPilot
124.21000000002664,"KTEX_ESCORT_01",Running,None,2,0,0,Batch,AutomationPilot
124.41000000002674,"KTEX_ESCORT_01",Running,None,2,0,0,Batch,AutomationPilot
124.61000000002684,"KTEX_ESCORT_01",Running,None,2,0,0,Batch,AutomationPilot
124.81000000002695,"KTEX_ESCORT_01",Running,None,2,0,0,Batch,AutomationPilot
125.01000000002705,"KTEX_ESCORT_01",Running,None,2,0,0,Batch,AutomationPilot
125.21000000002715,"KTEX_ESCORT_01",Running,None,2,0,0,Batch,AutomationPilot
125.41000000002725,"KTEX_ESCORT_01",Running,None,2,0,0,Batch,AutomationPilot
125.61000000002736,"KTEX_ESCORT_01",Running,None,2,0,0,Batch,AutomationPilot
125.81000000002746,"KTEX_ESCORT_01",Running,None,2,0,0,Batch,AutomationPilot
126.01000000002756,"KTEX_ESCORT_01",Running,None,2,0,0,Batch,AutomationPilot
126.21000000002766,"KTEX_ESCORT_01",Running,None,2,0,0,Batch,AutomationPilot
126.41000000002776,"KTEX_ESCORT_01",Running,None,2,0,0,Batch,AutomationPilot
126.61000000002787,"KTEX_ESCORT_01",Running,None,2,0,0,Batch,AutomationPilot
126.81000000002797,"KTEX_ESCORT_01",Running,None,2,0,0,Batch,AutomationPilot
127.01000000002807,"KTEX_ESCORT_01",Running,None,2,0,0,Batch,AutomationPilot
127.21000000002817,"KTEX_ESCORT_01",Running,None,2,0,0,Batch,AutomationPilot
127.41000000002828,"KTEX_ESCORT_01",Running,None,2,0,0,Batch,AutomationPilot
127.61000000002838,"KTEX_ESCORT_01",Running,None,2,0,0,Batch,AutomationPilot
127.81000000002848,"KTEX_ESCORT_01",Running,None,2,0,0,Batch,AutomationPilot
128.01000000002855,"KTEX_ESCORT_01",Running,None,2,0,0,Batch,AutomationPilot
128.21000000002837,"KTEX_ESCORT_01",Running,None,2,0,0,Batch,AutomationPilot
128.41000000002819,"KTEX_ESCORT_01",Running,None,2,0,0,Batch,AutomationPilot
128.610000000028,"KTEX_ESCORT_01",Running,None,2,0,0,Batch,AutomationPilot
128.81000000002783,"KTEX_ESCORT_01",Running,None,2,0,0,Batch,AutomationPilot
129.01000000002765,"KTEX_ESCORT_01",Running,None,2,0,0,Batch,AutomationPilot
129.21000000002746,"KTEX_ESCORT_01",Running,None,2,0,0,Batch,AutomationPilot
129.41000000002728,"KTEX_ESCORT_01",Running,None,2,0,0,Batch,AutomationPilot
129.6100000000271,"KTEX_ESCORT_01",Running,None,2,0,0,Batch,AutomationPilot
129.81000000002692,"KTEX_ESCORT_01",Running,None,2,0,0,Batch,AutomationPilot
130.01000000002674,"KTEX_ESCORT_01",Running,None,2,0,0,Batch,AutomationPilot
130.21000000002655,"KTEX_ESCORT_01",Running,None,2,0,0,Batch,AutomationPilot
130.41000000002637,"KTEX_ESCORT_01",Running,None,2,0,0,Batch,AutomationPilot
130.61000000002619,"KTEX_ESCORT_01",Running,None,2,0,0,Batch,AutomationPilot
130.810000000026,"KTEX_ESCORT_01",Running,None,2,0,0,Batch,AutomationPilot
131.01000000002583,"KTEX_ESCORT_01",Running,None,2,0,0,Batch,AutomationPilot
131.21000000002564,"KTEX_ESCORT_01",Running,None,2,0,0,Batch,AutomationPilot
131.41000000002546,"KTEX_ESCORT_01",Running,None,1,1,0,Batch,AutomationPilot
131.61000000002528,"KTEX_ESCORT_01",Running,None,1,1,0,Batch,AutomationPilot
131.8100000000251,"KTEX_ESCORT_01",Running,None,1,1,0,Batch,AutomationPilot
132.01000000002492,"KTEX_ESCORT_01",Running,None,1,1,0,Batch,AutomationPilot
132.21000000002473,"KTEX_ESCORT_01",Running,None,1,1,0,Batch,AutomationPilot
132.41000000002455,"KTEX_ESCORT_01",Running,None,1,1,0,Batch,AutomationPilot
132.61000000002437,"KTEX_ESCORT_01",Running,None,1,1,0,Batch,AutomationPilot
132.81000000002419,"KTEX_ESCORT_01",Running,None,1,1,0,Batch,AutomationPilot
133.010000000024,"KTEX_ESCORT_01",Running,None,1,1,0,Batch,AutomationPilot
133.21000000002383,"KTEX_ESCORT_01",Running,None,1,1,0,Batch,AutomationPilot
133.41000000002364,"KTEX_ESCORT_01",Running,None,1,1,0,Batch,AutomationPilot
133.61000000002346,"KTEX_ESCORT_01",Running,None,1,1,0,Batch,AutomationPilot
133.81000000002328,"KTEX_ESCORT_01",Running,None,1,1,0,Batch,AutomationPilot
134.0100000000231,"KTEX_ESCORT_01",Running,None,1,1,0,Batch,AutomationPilot
134.21000000002292,"KTEX_ESCORT_01",Running,None,1,1,0,Batch,AutomationPilot
134.41000000002273,"KTEX_ESCORT_01",Running,None,1,1,0,Batch,AutomationPilot
134.61000000002255,"KTEX_ESCORT_01",Running,None,1,1,0,Batch,AutomationPilot
134.81000000002237,"KTEX_ESCORT_01",Running,None,1,1,0,Batch,AutomationPilot
135.01000000002219,"KTEX_ESCORT_01",Running,None,1,1,0,Batch,AutomationPilot
135.210000000022,"KTEX_ESCORT_01",Running,None,1,1,0,Batch,AutomationPilot
135.41000000002182,"KTEX_ESCORT_01",Running,None,1,1,0,Batch,AutomationPilot
135.61000000002164,"KTEX_ESCORT_01",Running,None,1,1,0,Batch,AutomationPilot
135.81000000002146,"KTEX_ESCORT_01",Running,None,1,1,0,Batch,AutomationPilot
136.01000000002128,"KTEX_ESCORT_01",Running,None,1,1,0,Batch,AutomationPilot
136.2100000000211,"KTEX_ESCORT_01",Running,None,1,1,0,Batch,AutomationPilot
136.41000000002091,"KTEX_ESCORT_01",Running,None,1,1,0,Batch,AutomationPilot
136.61000000002073,"KTEX_ESCORT_01",Running,None,1,1,0,Batch,AutomationPilot
136.81000000002055,"KTEX_ESCORT_01",Running,None,1,1,0,Batch,AutomationPilot
137.01000000002037,"KTEX_ESCORT_01",Running,None,1,1,0,Batch,AutomationPilot
137.21000000002019,"KTEX_ESCORT_01",Running,None,1,1,0,Batch,AutomationPilot
137.41000000002,"KTEX_ESCORT_01",Running,None,1,1,0,Batch,AutomationPilot
137.61000000001982,"KTEX_ESCORT_01",Running,None,1,1,0,Batch,AutomationPilot
137.81000000001964,"KTEX_ESCORT_01",Running,None,1,1,0,Batch,AutomationPilot
138.01000000001946,"KTEX_ESCORT_01",Running,None,1,1,0,Batch,AutomationPilot
138.21000000001928,"KTEX_ESCORT_01",Running,None,1,1,0,Batch,AutomationPilot
138.4100000000191,"KTEX_ESCORT_01",Running,None,1,1,0,Batch,AutomationPilot
138.61000000001891,"KTEX_ESCORT_01",Running,None,1,1,0,Batch,AutomationPilot
138.81000000001873,"KTEX_ESCORT_01",Running,None,1,1,0,Batch,AutomationPilot
139.01000000001855,"KTEX_ESCORT_01",Running,None,1,1,0,Batch,AutomationPilot
139.21000000001837,"KTEX_ESCORT_01",Running,None,1,1,0,Batch,AutomationPilot
139.41000000001819,"KTEX_ESCORT_01",Running,None,1,1,0,Batch,AutomationPilot
139.610000000018,"KTEX_ESCORT_01",Running,None,1,1,0,Batch,AutomationPilot
139.81000000001782,"KTEX_ESCORT_01",Running,None,1,1,0,Batch,AutomationPilot
140.01000000001764,"KTEX_ESCORT_01",Running,None,1,1,0,Batch,AutomationPilot
140.21000000001746,"KTEX_ESCORT_01",Running,None,1,1,0,Batch,AutomationPilot
140.41000000001728,"KTEX_ESCORT_01",Running,None,1,1,0,Batch,AutomationPilot
140.6100000000171,"KTEX_ESCORT_01",Running,None,1,1,0,Batch,AutomationPilot
140.81000000001691,"KTEX_ESCORT_01",Running,None,1,1,0,Batch,AutomationPilot
141.01000000001673,"KTEX_ESCORT_01",Running,None,1,1,0,Batch,AutomationPilot
141.21000000001655,"KTEX_ESCORT_01",Running,None,1,1,0,Batch,AutomationPilot
141.41000000001637,"KTEX_ESCORT_01",Running,None,1,1,0,Batch,AutomationPilot
141.61000000001619,"KTEX_ESCORT_01",Running,None,1,1,0,Batch,AutomationPilot
141.810000000016,"KTEX_ESCORT_01",Running,None,1,1,0,Batch,AutomationPilot
142.01000000001582,"KTEX_ESCORT_01",Running,None,1,1,0,Batch,AutomationPilot
142.21000000001564,"KTEX_ESCORT_01",Running,None,1,1,0,Batch,AutomationPilot
142.41000000001546,"KTEX_ESCORT_01",Running,None,1,1,0,Batch,AutomationPilot
142.61000000001528,"KTEX_ESCORT_01",Running,None,1,1,0,Batch,AutomationPilot
142.81000000001509,"KTEX_ESCORT_01",Running,None,1,1,0,Batch,AutomationPilot
143.01000000001491,"KTEX_ESCORT_01",Running,None,1,1,0,Batch,AutomationPilot
143.21000000001473,"KTEX_ESCORT_01",Running,None,1,1,0,Batch,AutomationPilot
143.41000000001455,"KTEX_ESCORT_01",Running,None,1,1,0,Batch,AutomationPilot
143.61000000001437,"KTEX_ESCORT_01",Running,None,1,1,0,Batch,AutomationPilot
143.81000000001418,"KTEX_ESCORT_01",Running,None,1,1,0,Batch,AutomationPilot
144.010000000014,"KTEX_ESCORT_01",Running,None,1,1,0,Batch,AutomationPilot
144.21000000001382,"KTEX_ESCORT_01",Running,None,1,1,0,Batch,AutomationPilot
144.41000000001364,"KTEX_ESCORT_01",Running,None,1,1,0,Batch,AutomationPilot
144.61000000001346,"KTEX_ESCORT_01",Running,None,1,1,0,Batch,AutomationPilot
144.81000000001328,"KTEX_ESCORT_01",Running,None,1,1,0,Batch,AutomationPilot
145.01000000001309,"KTEX_ESCORT_01",Running,None,1,1,0,Batch,AutomationPilot
145.21000000001291,"KTEX_ESCORT_01",Running,None,1,1,0,Batch,AutomationPilot
145.41000000001273,"KTEX_ESCORT_01",Running,None,1,1,0,Batch,AutomationPilot
145.61000000001255,"KTEX_ESCORT_01",Running,None,1,1,0,Batch,AutomationPilot
145.81000000001237,"KTEX_ESCORT_01",Running,None,1,1,0,Batch,AutomationPilot
146.01000000001218,"KTEX_ESCORT_01",Running,None,1,1,0,Batch,AutomationPilot
146.210000000012,"KTEX_ESCORT_01",Running,None,1,1,0,Batch,AutomationPilot
146.41000000001182,"KTEX_ESCORT_01",Running,None,1,1,0,Batch,AutomationPilot
146.61000000001164,"KTEX_ESCORT_01",Running,None,1,1,0,Batch,AutomationPilot
146.81000000001146,"KTEX_ESCORT_01",Running,None,1,1,0,Batch,AutomationPilot
147.01000000001127,"KTEX_ESCORT_01",Running,None,1,1,0,Batch,AutomationPilot
147.21000000001109,"KTEX_ESCORT_01",Running,None,1,1,0,Batch,AutomationPilot
147.41000000001091,"KTEX_ESCORT_01",Running,None,1,1,0,Batch,AutomationPilot
147.61000000001073,"KTEX_ESCORT_01",Running,None,1,1,0,Batch,AutomationPilot
147.81000000001055,"KTEX_ESCORT_01",Running,None,1,1,0,Batch,AutomationPilot
148.01000000001036,"KTEX_ESCORT_01",Running,None,1,1,0,Batch,AutomationPilot
148.21000000001018,"KTEX_ESCORT_01",Running,None,1,1,0,Batch,AutomationPilot
148.41000000001,"KTEX_ESCORT_01",Running,None,1,1,0,Batch,AutomationPilot
148.61000000000982,"KTEX_ESCORT_01",Running,None,1,1,0,Batch,AutomationPilot
148.81000000000964,"KTEX_ESCORT_01",Running,None,1,1,0,Batch,AutomationPilot
149.01000000000946,"KTEX_ESCORT_01",Running,None,1,1,0,Batch,AutomationPilot
149.21000000000927,"KTEX_ESCORT_01",Running,None,1,1,0,Batch,AutomationPilot
149.41000000000909,"KTEX_ESCORT_01",Running,None,1,1,0,Batch,AutomationPilot
149.61000000000891,"KTEX_ESCORT_01",Running,None,1,1,0,Batch,AutomationPilot
149.81000000000873,"KTEX_ESCORT_01",Running,None,1,1,0,Batch,AutomationPilot
150.01000000000855,"KTEX_ESCORT_01",Running,None,1,1,0,Batch,AutomationPilot
150.21000000000836,"KTEX_ESCORT_01",Running,None,1,1,0,Batch,AutomationPilot
150.41000000000818,"KTEX_ESCORT_01",Running,None,1,1,0,Batch,AutomationPilot
150.610000000008,"KTEX_ESCORT_01",Running,None,1,1,0,Batch,AutomationPilot
150.81000000000782,"KTEX_ESCORT_01",Running,None,1,1,0,Batch,AutomationPilot
151.01000000000764,"KTEX_ESCORT_01",Running,None,1,1,0,Batch,AutomationPilot
151.21000000000745,"KTEX_ESCORT_01",Running,None,1,1,0,Batch,AutomationPilot
151.41000000000727,"KTEX_ESCORT_01",Running,None,1,1,0,Batch,AutomationPilot
151.61000000000709,"KTEX_ESCORT_01",Running,None,1,1,0,Batch,AutomationPilot
151.81000000000691,"KTEX_ESCORT_01",Running,None,1,1,0,Batch,AutomationPilot
152.01000000000673,"KTEX_ESCORT_01",Running,None,1,1,0,Batch,AutomationPilot
152.21000000000654,"KTEX_ESCORT_01",Running,None,1,1,0,Batch,AutomationPilot
152.41000000000636,"KTEX_ESCORT_01",Running,None,1,1,0,Batch,AutomationPilot
152.61000000000618,"KTEX_ESCORT_01",Running,None,1,1,0,Batch,AutomationPilot
152.810000000006,"KTEX_ESCORT_01",Running,None,1,1,0,Batch,AutomationPilot
153.01000000000582,"KTEX_ESCORT_01",Running,None,1,1,0,Batch,AutomationPilot
153.21000000000564,"KTEX_ESCORT_01",Running,None,1,1,0,Batch,AutomationPilot
153.41000000000545,"KTEX_ESCORT_01",Running,None,1,1,0,Batch,AutomationPilot
153.61000000000527,"KTEX_ESCORT_01",Running,None,1,1,0,Batch,AutomationPilot
153.81000000000509,"KTEX_ESCORT_01",Running,None,1,1,0,Batch,AutomationPilot
154.01000000000491,"KTEX_ESCORT_01",Running,None,1,1,0,Batch,AutomationPilot
154.21000000000473,"KTEX_ESCORT_01",Running,None,1,1,0,Batch,AutomationPilot
154.41000000000454,"KTEX_ESCORT_01",Running,None,1,1,0,Batch,AutomationPilot
154.61000000000436,"KTEX_ESCORT_01",Running,None,1,1,0,Batch,AutomationPilot
154.81000000000418,"KTEX_ESCORT_01",Running,None,1,1,0,Batch,AutomationPilot
155.010000000004,"KTEX_ESCORT_01",Running,None,1,1,0,Batch,AutomationPilot
155.21000000000382,"KTEX_ESCORT_01",Running,None,1,1,0,Batch,AutomationPilot
155.41000000000363,"KTEX_ESCORT_01",Running,None,1,1,0,Batch,AutomationPilot
155.61000000000345,"KTEX_ESCORT_01",Running,None,1,1,0,Batch,AutomationPilot
155.81000000000327,"KTEX_ESCORT_01",Running,None,1,1,0,Batch,AutomationPilot
156.01000000000309,"KTEX_ESCORT_01",Running,None,1,1,0,Batch,AutomationPilot
156.21000000000291,"KTEX_ESCORT_01",Running,None,1,1,0,Batch,AutomationPilot
156.41000000000273,"KTEX_ESCORT_01",Running,None,1,1,0,Batch,AutomationPilot
156.61000000000254,"KTEX_ESCORT_01",Running,None,1,1,0,Batch,AutomationPilot
156.81000000000236,"KTEX_ESCORT_01",Running,None,1,1,0,Batch,AutomationPilot
157.01000000000218,"KTEX_ESCORT_01",Running,None,1,1,0,Batch,AutomationPilot
157.210000000002,"KTEX_ESCORT_01",Running,None,1,1,0,Batch,AutomationPilot
157.41000000000182,"KTEX_ESCORT_01",Running,None,1,1,0,Batch,AutomationPilot
157.61000000000163,"KTEX_ESCORT_01",Running,None,1,1,0,Batch,AutomationPilot
157.81000000000145,"KTEX_ESCORT_01",Running,None,1,1,0,Batch,AutomationPilot
158.01000000000127,"KTEX_ESCORT_01",Running,None,1,1,0,Batch,AutomationPilot
158.21000000000109,"KTEX_ESCORT_01",Running,None,1,1,0,Batch,AutomationPilot
158.41000000000091,"KTEX_ESCORT_01",Running,None,1,1,0,Batch,AutomationPilot
158.61000000000072,"KTEX_ESCORT_01",Running,None,1,1,0,Batch,AutomationPilot
158.81000000000054,"KTEX_ESCORT_01",Running,None,1,1,0,Batch,AutomationPilot
159.01000000000036,"KTEX_ESCORT_01",Running,None,1,1,0,Batch,AutomationPilot
159.21000000000018,"KTEX_ESCORT_01",Running,None,1,1,0,Batch,AutomationPilot
159.41,"KTEX_ESCORT_01",Running,None,1,1,0,Batch,AutomationPilot
159.60999999999981,"KTEX_ESCORT_01",Running,None,1,1,0,Batch,AutomationPilot
159.80999999999963,"KTEX_ESCORT_01",Running,None,1,1,0,Batch,AutomationPilot
160.00999999999945,"KTEX_ESCORT_01",Running,None,1,1,0,Batch,AutomationPilot
160.20999999999927,"KTEX_ESCORT_01",Running,None,1,1,0,Batch,AutomationPilot
160.40999999999909,"KTEX_ESCORT_01",Running,None,1,1,0,Batch,AutomationPilot
160.60999999999891,"KTEX_ESCORT_01",Running,None,1,1,0,Batch,AutomationPilot
160.80999999999872,"KTEX_ESCORT_01",Running,None,1,1,0,Batch,AutomationPilot
161.00999999999854,"KTEX_ESCORT_01",Running,None,1,1,0,Batch,AutomationPilot
161.20999999999836,"KTEX_ESCORT_01",Running,None,1,1,0,Batch,AutomationPilot
161.40999999999818,"KTEX_ESCORT_01",Running,None,1,1,0,Batch,AutomationPilot
161.609999999998,"KTEX_ESCORT_01",Running,None,1,1,0,Batch,AutomationPilot
161.80999999999781,"KTEX_ESCORT_01",Running,None,1,1,0,Batch,AutomationPilot
162.00999999999763,"KTEX_ESCORT_01",Running,None,1,1,0,Batch,AutomationPilot
162.20999999999745,"KTEX_ESCORT_01",Running,None,1,1,0,Batch,AutomationPilot
162.40999999999727,"KTEX_ESCORT_01",Running,None,1,1,0,Batch,AutomationPilot
162.60999999999709,"KTEX_ESCORT_01",Running,None,1,1,0,Batch,AutomationPilot
162.8099999999969,"KTEX_ESCORT_01",Running,None,1,1,0,Batch,AutomationPilot
163.00999999999672,"KTEX_ESCORT_01",Running,None,1,1,0,Batch,AutomationPilot
163.20999999999654,"KTEX_ESCORT_01",Running,None,1,1,0,Batch,AutomationPilot
163.40999999999636,"KTEX_ESCORT_01",Running,None,1,1,0,Batch,AutomationPilot
163.60999999999618,"KTEX_ESCORT_01",Running,None,1,1,0,Batch,AutomationPilot
163.809999999996,"KTEX_ESCORT_01",Running,None,1,1,0,Batch,AutomationPilot
164.00999999999581,"KTEX_ESCORT_01",Running,None,1,1,0,Batch,AutomationPilot
164.20999999999563,"KTEX_ESCORT_01",Running,None,1,1,0,Batch,AutomationPilot
164.40999999999545,"KTEX_ESCORT_01",Running,None,1,1,0,Batch,AutomationPilot
164.60999999999527,"KTEX_ESCORT_01",Running,None,1,1,0,Batch,AutomationPilot
164.80999999999509,"KTEX_ESCORT_01",Running,None,1,1,0,Batch,AutomationPilot
165.0099999999949,"KTEX_ESCORT_01",Running,None,1,1,0,Batch,AutomationPilot
165.20999999999472,"KTEX_ESCORT_01",Running,None,1,1,0,Batch,AutomationPilot
165.40999999999454,"KTEX_ESCORT_01",Running,None,1,1,0,Batch,AutomationPilot
165.60999999999436,"KTEX_ESCORT_01",Running,None,1,1,0,Batch,AutomationPilot
165.80999999999418,"KTEX_ESCORT_01",Running,None,1,1,0,Batch,AutomationPilot
166.009999999994,"KTEX_ESCORT_01",Running,None,1,1,0,Batch,AutomationPilot
166.20999999999381,"KTEX_ESCORT_01",Running,None,1,1,0,Batch,AutomationPilot
166.40999999999363,"KTEX_ESCORT_01",Running,None,1,1,0,Batch,AutomationPilot
166.60999999999345,"KTEX_ESCORT_01",Running,None,1,1,0,Batch,AutomationPilot
166.80999999999327,"KTEX_ESCORT_01",Running,None,1,1,0,Batch,AutomationPilot
167.00999999999308,"KTEX_ESCORT_01",Running,None,1,1,0,Batch,AutomationPilot
167.2099999999929,"KTEX_ESCORT_01",Running,None,1,1,0,Batch,AutomationPilot
167.40999999999272,"KTEX_ESCORT_01",Running,None,1,1,0,Batch,AutomationPilot
167.60999999999254,"KTEX_ESCORT_01",Running,None,1,1,0,Batch,AutomationPilot
167.80999999999236,"KTEX_ESCORT_01",Running,None,1,1,0,Batch,AutomationPilot
168.00999999999217,"KTEX_ESCORT_01",Running,None,1,1,0,Batch,AutomationPilot
168.209999999992,"KTEX_ESCORT_01",Running,None,1,1,0,Batch,AutomationPilot
168.40999999999181,"KTEX_ESCORT_01",Running,None,1,1,0,Batch,AutomationPilot
168.60999999999163,"KTEX_ESCORT_01",Running,None,1,1,0,Batch,AutomationPilot
168.80999999999145,"KTEX_ESCORT_01",Running,None,1,1,0,Batch,AutomationPilot
169.00999999999127,"KTEX_ESCORT_01",Running,None,1,1,0,Batch,AutomationPilot
169.20999999999108,"KTEX_ESCORT_01",Running,None,1,1,0,Batch,AutomationPilot
169.4099999999909,"KTEX_ESCORT_01",Running,None,1,1,0,Batch,AutomationPilot
169.60999999999072,"KTEX_ESCORT_01",Running,None,1,1,0,Batch,AutomationPilot
169.80999999999054,"KTEX_ESCORT_01",Running,None,1,1,0,Batch,AutomationPilot
170.00999999999036,"KTEX_ESCORT_01",Running,None,1,1,0,Batch,AutomationPilot
170.20999999999017,"KTEX_ESCORT_01",Running,None,1,1,0,Batch,AutomationPilot
170.40999999999,"KTEX_ESCORT_01",Running,None,1,1,0,Batch,AutomationPilot
170.60999999998981,"KTEX_ESCORT_01",Running,None,1,1,0,Batch,AutomationPilot
170.80999999998963,"KTEX_ESCORT_01",Running,None,1,1,0,Batch,AutomationPilot
171.00999999998945,"KTEX_ESCORT_01",Running,None,1,1,0,Batch,AutomationPilot
171.20999999998926,"KTEX_ESCORT_01",Running,None,1,1,0,Batch,AutomationPilot
171.40999999998908,"KTEX_ESCORT_01",Running,None,1,1,0,Batch,AutomationPilot
171.6099999999889,"KTEX_ESCORT_01",Running,None,1,1,0,Batch,AutomationPilot
171.80999999998872,"KTEX_ESCORT_01",Running,None,1,1,0,Batch,AutomationPilot
172.00999999998854,"KTEX_ESCORT_01",Running,None,1,1,0,Batch,AutomationPilot
172.20999999998836,"KTEX_ESCORT_01",Running,None,1,1,0,Batch,AutomationPilot
172.40999999998817,"KTEX_ESCORT_01",Running,None,1,1,0,Batch,AutomationPilot
172.609999999988,"KTEX_ESCORT_01",Running,None,1,1,0,Batch,AutomationPilot
172.80999999998781,"KTEX_ESCORT_01",Running,None,1,1,0,Batch,AutomationPilot
173.00999999998763,"KTEX_ESCORT_01",Running,None,1,1,0,Batch,AutomationPilot
173.20999999998745,"KTEX_ESCORT_01",Running,None,1,1,0,Batch,AutomationPilot
173.40999999998726,"KTEX_ESCORT_01",Running,None,1,1,0,Batch,AutomationPilot
173.60999999998708,"KTEX_ESCORT_01",Running,None,1,1,0,Batch,AutomationPilot
173.8099999999869,"KTEX_ESCORT_01",Running,None,1,1,0,Batch,AutomationPilot
174.00999999998672,"KTEX_ESCORT_01",Running,None,1,1,0,Batch,AutomationPilot
174.20999999998654,"KTEX_ESCORT_01",Running,None,1,1,0,Batch,AutomationPilot
174.40999999998635,"KTEX_ESCORT_01",Running,None,1,1,0,Batch,AutomationPilot
174.60999999998617,"KTEX_ESCORT_01",Running,None,1,1,0,Batch,AutomationPilot
174.809999999986,"KTEX_ESCORT_01",Running,None,1,1,0,Batch,AutomationPilot
175.00999999998581,"KTEX_ESCORT_01",Running,None,1,1,0,Batch,AutomationPilot
175.20999999998563,"KTEX_ESCORT_01",Running,None,1,1,0,Batch,AutomationPilot
175.40999999998544,"KTEX_ESCORT_01",Running,None,1,1,0,Batch,AutomationPilot
175.60999999998526,"KTEX_ESCORT_01",Running,None,1,1,0,Batch,AutomationPilot
175.80999999998508,"KTEX_ESCORT_01",Running,None,1,1,0,Batch,AutomationPilot
176.0099999999849,"KTEX_ESCORT_01",Running,None,1,1,0,Batch,AutomationPilot
176.20999999998472,"KTEX_ESCORT_01",Running,None,1,1,0,Batch,AutomationPilot
176.40999999998454,"KTEX_ESCORT_01",Running,None,1,1,0,Batch,AutomationPilot
176.60999999998435,"KTEX_ESCORT_01",Running,None,1,1,0,Batch,AutomationPilot
176.80999999998417,"KTEX_ESCORT_01",Running,None,1,1,0,Batch,AutomationPilot
177.009999999984,"KTEX_ESCORT_01",Running,None,1,1,0,Batch,AutomationPilot
177.20999999998381,"KTEX_ESCORT_01",Running,None,1,1,0,Batch,AutomationPilot
177.40999999998363,"KTEX_ESCORT_01",Running,None,1,1,0,Batch,AutomationPilot
177.60999999998344,"KTEX_ESCORT_01",Running,None,1,1,0,Batch,AutomationPilot
177.80999999998326,"KTEX_ESCORT_01",Running,None,1,1,0,Batch,AutomationPilot
178.00999999998308,"KTEX_ESCORT_01",Running,None,1,1,0,Batch,AutomationPilot
178.2099999999829,"KTEX_ESCORT_01",Running,None,1,1,0,Batch,AutomationPilot
178.40999999998272,"KTEX_ESCORT_01",Running,None,1,1,0,Batch,AutomationPilot
178.60999999998253,"KTEX_ESCORT_01",Running,None,1,1,0,Batch,AutomationPilot
178.80999999998235,"KTEX_ESCORT_01",Running,None,1,1,0,Batch,AutomationPilot
179.00999999998217,"KTEX_ESCORT_01",Running,None,1,1,0,Batch,AutomationPilot
179.209999999982,"KTEX_ESCORT_01",Running,None,1,1,0,Batch,AutomationPilot
179.40999999998181,"KTEX_ESCORT_01",Running,None,1,1,0,Batch,AutomationPilot
179.60999999998162,"KTEX_ESCORT_01",Running,None,1,1,0,Batch,AutomationPilot
179.80999999998144,"KTEX_ESCORT_01",Running,None,1,1,0,Batch,AutomationPilot
180.00999999998126,"KTEX_ESCORT_01",Running,None,1,1,0,Batch,AutomationPilot
180.20999999998108,"KTEX_ESCORT_01",Running,None,1,1,0,Batch,AutomationPilot
180.4099999999809,"KTEX_ESCORT_01",Running,None,1,1,0,Batch,AutomationPilot
180.60999999998072,"KTEX_ESCORT_01",Running,None,1,1,0,Batch,AutomationPilot
180.80999999998053,"KTEX_ESCORT_01",Running,None,1,1,0,Batch,AutomationPilot
181.00999999998035,"KTEX_ESCORT_01",Running,None,1,1,0,Batch,AutomationPilot
181.20999999998017,"KTEX_ESCORT_01",Running,None,1,1,0,Batch,AutomationPilot
181.40999999998,"KTEX_ESCORT_01",Running,None,1,1,0,Batch,AutomationPilot
181.60999999997981,"KTEX_ESCORT_01",Running,None,1,1,0,Batch,AutomationPilot
181.80999999997962,"KTEX_ESCORT_01",Running,None,1,1,0,Batch,AutomationPilot
182.00999999997944,"KTEX_ESCORT_01",Running,None,1,1,0,Batch,AutomationPilot
182.20999999997926,"KTEX_ESCORT_01",Running,None,1,1,0,Batch,AutomationPilot
182.40999999997908,"KTEX_ESCORT_01",Running,None,1,1,0,Batch,AutomationPilot
182.6099999999789,"KTEX_ESCORT_01",Running,None,1,1,0,Batch,AutomationPilot
182.80999999997871,"KTEX_ESCORT_01",Running,None,1,1,0,Batch,AutomationPilot
183.00999999997853,"KTEX_ESCORT_01",Running,None,1,1,0,Batch,AutomationPilot
183.20999999997835,"KTEX_ESCORT_01",Running,None,1,1,0,Batch,AutomationPilot
183.40999999997817,"KTEX_ESCORT_01",Running,None,1,1,0,Batch,AutomationPilot
183.609999999978,"KTEX_ESCORT_01",Running,None,1,1,0,Batch,AutomationPilot
183.8099999999778,"KTEX_ESCORT_01",Running,None,1,1,0,Batch,AutomationPilot
184.00999999997762,"KTEX_ESCORT_01",Running,None,1,1,0,Batch,AutomationPilot
184.20999999997744,"KTEX_ESCORT_01",Running,None,1,1,0,Batch,AutomationPilot
184.40999999997726,"KTEX_ESCORT_01",Running,None,1,1,0,Batch,AutomationPilot
184.60999999997708,"KTEX_ESCORT_01",Running,None,1,1,0,Batch,AutomationPilot
184.8099999999769,"KTEX_ESCORT_01",Running,None,1,1,0,Batch,AutomationPilot
185.00999999997671,"KTEX_ESCORT_01",Running,None,1,1,0,Batch,AutomationPilot
185.20999999997653,"KTEX_ESCORT_01",Running,None,1,1,0,Batch,AutomationPilot
185.40999999997635,"KTEX_ESCORT_01",Running,None,1,1,0,Batch,AutomationPilot
185.60999999997617,"KTEX_ESCORT_01",Running,None,1,1,0,Batch,AutomationPilot
185.809999999976,"KTEX_ESCORT_01",Running,None,1,1,0,Batch,AutomationPilot
186.0099999999758,"KTEX_ESCORT_01",Running,None,1,1,0,Batch,AutomationPilot
186.20999999997562,"KTEX_ESCORT_01",Running,None,1,1,0,Batch,AutomationPilot
186.40999999997544,"KTEX_ESCORT_01",Running,None,1,1,0,Batch,AutomationPilot
186.60999999997526,"KTEX_ESCORT_01",Running,None,1,1,0,Batch,AutomationPilot
186.80999999997508,"KTEX_ESCORT_01",Running,None,1,1,0,Batch,AutomationPilot
187.00999999997489,"KTEX_ESCORT_01",Running,None,1,1,0,Batch,AutomationPilot
187.20999999997471,"KTEX_ESCORT_01",Running,None,1,1,0,Batch,AutomationPilot
187.40999999997453,"KTEX_ESCORT_01",Running,None,1,1,0,Batch,AutomationPilot
187.60999999997435,"KTEX_ESCORT_01",Running,None,1,1,0,Batch,AutomationPilot
187.80999999997417,"KTEX_ESCORT_01",Running,None,1,1,0,Batch,AutomationPilot
188.00999999997399,"KTEX_ESCORT_01",Running,None,1,1,0,Batch,AutomationPilot
188.2099999999738,"KTEX_ESCORT_01",Running,None,1,1,0,Batch,AutomationPilot
188.40999999997362,"KTEX_ESCORT_01",Running,None,1,1,0,Batch,AutomationPilot
188.60999999997344,"KTEX_ESCORT_01",Running,None,1,1,0,Batch,AutomationPilot
188.80999999997326,"KTEX_ESCORT_01",Running,None,1,1,0,Batch,AutomationPilot
189.00999999997308,"KTEX_ESCORT_01",Running,None,1,1,0,Batch,AutomationPilot
189.20999999997289,"KTEX_ESCORT_01",Running,None,1,1,0,Batch,AutomationPilot
189.40999999997271,"KTEX_ESCORT_01",Running,None,1,1,0,Batch,AutomationPilot
189.60999999997253,"KTEX_ESCORT_01",Running,None,1,1,0,Batch,AutomationPilot
189.80999999997235,"KTEX_ESCORT_01",Running,None,1,1,0,Batch,AutomationPilot
190.00999999997217,"KTEX_ESCORT_01",Running,None,1,1,0,Batch,AutomationPilot
190.20999999997198,"KTEX_ESCORT_01",Running,None,1,1,0,Batch,AutomationPilot
190.4099999999718,"KTEX_ESCORT_01",Running,None,1,1,0,Batch,AutomationPilot
190.60999999997162,"KTEX_ESCORT_01",Running,None,1,1,0,Batch,AutomationPilot
190.80999999997144,"KTEX_ESCORT_01",Running,None,1,1,0,Batch,AutomationPilot
191.00999999997126,"KTEX_ESCORT_01",Running,None,1,1,0,Batch,AutomationPilot
191.20999999997107,"KTEX_ESCORT_01",Running,None,1,1,0,Batch,AutomationPilot
191.40999999997089,"KTEX_ESCORT_01",Running,None,1,1,0,Batch,AutomationPilot
191.60999999997071,"KTEX_ESCORT_01",Running,None,1,1,0,Batch,AutomationPilot
191.80999999997053,"KTEX_ESCORT_01",Running,None,1,1,0,Batch,AutomationPilot
192.00999999997035,"KTEX_ESCORT_01",Running,None,1,1,0,Batch,AutomationPilot
192.20999999997017,"KTEX_ESCORT_01",Running,None,1,1,0,Batch,AutomationPilot
192.40999999996998,"KTEX_ESCORT_01",Running,None,1,1,0,Batch,AutomationPilot
192.6099999999698,"KTEX_ESCORT_01",Running,None,1,1,0,Batch,AutomationPilot
192.80999999996962,"KTEX_ESCORT_01",Running,None,1,1,0,Batch,AutomationPilot
193.00999999996944,"KTEX_ESCORT_01",Running,None,1,1,0,Batch,AutomationPilot
193.20999999996926,"KTEX_ESCORT_01",Running,None,1,1,0,Batch,AutomationPilot
193.40999999996907,"KTEX_ESCORT_01",Running,None,1,1,0,Batch,AutomationPilot
193.60999999996889,"KTEX_ESCORT_01",Running,None,1,1,0,Batch,AutomationPilot
193.80999999996871,"KTEX_ESCORT_01",Running,None,1,1,0,Batch,AutomationPilot
194.00999999996853,"KTEX_ESCORT_01",Running,None,1,1,0,Batch,AutomationPilot
194.20999999996835,"KTEX_ESCORT_01",Running,None,1,1,0,Batch,AutomationPilot
194.40999999996816,"KTEX_ESCORT_01",Running,None,1,1,0,Batch,AutomationPilot
194.60999999996798,"KTEX_ESCORT_01",Running,None,1,1,0,Batch,AutomationPilot
194.8099999999678,"KTEX_ESCORT_01",Running,None,1,1,0,Batch,AutomationPilot
195.00999999996762,"KTEX_ESCORT_01",Running,None,1,1,0,Batch,AutomationPilot
195.20999999996744,"KTEX_ESCORT_01",Running,None,1,1,0,Batch,AutomationPilot
195.40999999996725,"KTEX_ESCORT_01",Running,None,1,1,0,Batch,AutomationPilot
195.60999999996707,"KTEX_ESCORT_01",Running,None,1,1,0,Batch,AutomationPilot
195.80999999996689,"KTEX_ESCORT_01",Running,None,1,1,0,Batch,AutomationPilot
196.00999999996671,"KTEX_ESCORT_01",Running,None,1,1,0,Batch,AutomationPilot
196.20999999996653,"KTEX_ESCORT_01",Running,None,1,1,0,Batch,AutomationPilot
196.40999999996635,"KTEX_ESCORT_01",Running,None,1,1,0,Batch,AutomationPilot
196.60999999996616,"KTEX_ESCORT_01",Running,None,1,1,0,Batch,AutomationPilot
196.80999999996598,"KTEX_ESCORT_01",Running,None,1,1,0,Batch,AutomationPilot
197.0099999999658,"KTEX_ESCORT_01",Running,None,1,1,0,Batch,AutomationPilot
197.20999999996562,"KTEX_ESCORT_01",Running,None,1,1,0,Batch,AutomationPilot
197.40999999996544,"KTEX_ESCORT_01",Running,None,1,1,0,Batch,AutomationPilot
197.60999999996525,"KTEX_ESCORT_01",Running,None,1,1,0,Batch,AutomationPilot
197.80999999996507,"KTEX_ESCORT_01",Running,None,1,1,0,Batch,AutomationPilot
198.00999999996489,"KTEX_ESCORT_01",Running,None,1,1,0,Batch,AutomationPilot
198.20999999996471,"KTEX_ESCORT_01",Running,None,1,1,0,Batch,AutomationPilot
198.40999999996453,"KTEX_ESCORT_01",Running,None,1,1,0,Batch,AutomationPilot
198.60999999996434,"KTEX_ESCORT_01",Running,None,1,1,0,Batch,AutomationPilot
198.80999999996416,"KTEX_ESCORT_01",Running,None,1,1,0,Batch,AutomationPilot
199.00999999996398,"KTEX_ESCORT_01",Running,None,1,1,0,Batch,AutomationPilot
199.2099999999638,"KTEX_ESCORT_01",Running,None,1,1,0,Batch,AutomationPilot
199.40999999996362,"KTEX_ESCORT_01",Running,None,1,1,0,Batch,AutomationPilot
199.60999999996343,"KTEX_ESCORT_01",Running,None,1,1,0,Batch,AutomationPilot
199.80999999996325,"KTEX_ESCORT_01",Running,None,1,1,0,Batch,AutomationPilot
200.00999999996307,"KTEX_ESCORT_01",Running,None,1,1,0,Batch,AutomationPilot
200.20999999996289,"KTEX_ESCORT_01",Running,None,1,1,0,Batch,AutomationPilot
200.40999999996271,"KTEX_ESCORT_01",Running,None,1,1,0,Batch,AutomationPilot
200.60999999996253,"KTEX_ESCORT_01",Running,None,1,1,0,Batch,AutomationPilot
200.80999999996234,"KTEX_ESCORT_01",Running,None,1,1,0,Batch,AutomationPilot
201.00999999996216,"KTEX_ESCORT_01",Running,None,1,1,0,Batch,AutomationPilot
201.20999999996198,"KTEX_ESCORT_01",Running,None,1,1,0,Batch,AutomationPilot
201.4099999999618,"KTEX_ESCORT_01",Running,None,1,1,0,Batch,AutomationPilot
201.60999999996162,"KTEX_ESCORT_01",Running,None,1,1,0,Batch,AutomationPilot
201.80999999996143,"KTEX_ESCORT_01",Running,None,1,1,0,Batch,AutomationPilot
202.00999999996125,"KTEX_ESCORT_01",Running,None,1,1,0,Batch,AutomationPilot
202.20999999996107,"KTEX_ESCORT_01",Running,None,1,1,0,Batch,AutomationPilot
202.40999999996089,"KTEX_ESCORT_01",Running,None,1,1,0,Batch,AutomationPilot
202.60999999996071,"KTEX_ESCORT_01",Running,None,1,1,0,Batch,AutomationPilot
202.80999999996052,"KTEX_ESCORT_01",Running,None,1,1,0,Batch,AutomationPilot
203.00999999996034,"KTEX_ESCORT_01",Running,None,1,1,0,Batch,AutomationPilot
203.20999999996016,"KTEX_ESCORT_01",Running,None,1,1,0,Batch,AutomationPilot
203.40999999995998,"KTEX_ESCORT_01",Running,None,1,1,0,Batch,AutomationPilot
203.6099999999598,"KTEX_ESCORT_01",Running,None,1,1,0,Batch,AutomationPilot
203.80999999995962,"KTEX_ESCORT_01",Running,None,1,1,0,Batch,AutomationPilot
204.00999999995943,"KTEX_ESCORT_01",Running,None,1,1,0,Batch,AutomationPilot
204.20999999995925,"KTEX_ESCORT_01",Running,None,1,1,0,Batch,AutomationPilot
204.40999999995907,"KTEX_ESCORT_01",Running,None,1,1,0,Batch,AutomationPilot
204.60999999995889,"KTEX_ESCORT_01",Running,None,1,1,0,Batch,AutomationPilot
204.80999999995871,"KTEX_ESCORT_01",Running,None,1,1,0,Batch,AutomationPilot
205.00999999995852,"KTEX_ESCORT_01",Running,None,1,1,0,Batch,AutomationPilot
205.20999999995834,"KTEX_ESCORT_01",Running,None,1,1,0,Batch,AutomationPilot
205.40999999995816,"KTEX_ESCORT_01",Running,None,1,1,0,Batch,AutomationPilot
205.60999999995798,"KTEX_ESCORT_01",Running,None,1,1,0,Batch,AutomationPilot
205.8099999999578,"KTEX_ESCORT_01",Running,None,1,1,0,Batch,AutomationPilot
206.00999999995761,"KTEX_ESCORT_01",Running,None,1,1,0,Batch,AutomationPilot
206.20999999995743,"KTEX_ESCORT_01",Running,None,1,1,0,Batch,AutomationPilot
206.40999999995725,"KTEX_ESCORT_01",Running,None,1,1,0,Batch,AutomationPilot
206.60999999995707,"KTEX_ESCORT_01",Running,None,1,1,0,Batch,AutomationPilot
206.80999999995689,"KTEX_ESCORT_01",Running,None,1,1,0,Batch,AutomationPilot
207.0099999999567,"KTEX_ESCORT_01",Running,None,1,1,0,Batch,AutomationPilot
207.20999999995652,"KTEX_ESCORT_01",Running,None,1,1,0,Batch,AutomationPilot
207.40999999995634,"KTEX_ESCORT_01",Running,None,1,1,0,Batch,AutomationPilot
207.60999999995616,"KTEX_ESCORT_01",Running,None,1,1,0,Batch,AutomationPilot
207.80999999995598,"KTEX_ESCORT_01",Running,None,1,1,0,Batch,AutomationPilot
208.0099999999558,"KTEX_ESCORT_01",Running,None,1,1,0,Batch,AutomationPilot
208.20999999995561,"KTEX_ESCORT_01",Running,None,1,1,0,Batch,AutomationPilot
208.40999999995543,"KTEX_ESCORT_01",Running,None,1,1,0,Batch,AutomationPilot
208.60999999995525,"KTEX_ESCORT_01",Running,None,1,1,0,Batch,AutomationPilot
208.80999999995507,"KTEX_ESCORT_01",Running,None,1,1,0,Batch,AutomationPilot
209.00999999995489,"KTEX_ESCORT_01",Running,None,1,1,0,Batch,AutomationPilot
209.2099999999547,"KTEX_ESCORT_01",Running,None,1,1,0,Batch,AutomationPilot
209.40999999995452,"KTEX_ESCORT_01",Running,None,1,1,0,Batch,AutomationPilot
209.60999999995434,"KTEX_ESCORT_01",Running,None,1,1,0,Batch,AutomationPilot
209.80999999995416,"KTEX_ESCORT_01",Running,None,1,1,0,Batch,AutomationPilot
210.00999999995398,"KTEX_ESCORT_01",Running,None,1,1,0,Batch,AutomationPilot
210.20999999995379,"KTEX_ESCORT_01",Running,None,1,1,0,Batch,AutomationPilot
210.40999999995361,"KTEX_ESCORT_01",Running,None,1,1,0,Batch,AutomationPilot
210.60999999995343,"KTEX_ESCORT_01",Running,None,1,1,0,Batch,AutomationPilot
210.80999999995325,"KTEX_ESCORT_01",Running,None,1,1,0,Batch,AutomationPilot
211.00999999995307,"KTEX_ESCORT_01",Running,None,1,1,0,Batch,AutomationPilot
211.20999999995288,"KTEX_ESCORT_01",Running,None,1,1,0,Batch,AutomationPilot
211.4099999999527,"KTEX_ESCORT_01",Running,None,1,1,0,Batch,AutomationPilot
211.60999999995252,"KTEX_ESCORT_01",Running,None,1,1,0,Batch,AutomationPilot
211.80999999995234,"KTEX_ESCORT_01",Running,None,1,1,0,Batch,AutomationPilot
212.00999999995216,"KTEX_ESCORT_01",Running,None,1,1,0,Batch,AutomationPilot
212.20999999995198,"KTEX_ESCORT_01",Running,None,1,1,0,Batch,AutomationPilot
212.40999999995179,"KTEX_ESCORT_01",Running,None,1,1,0,Batch,AutomationPilot
212.60999999995161,"KTEX_ESCORT_01",Running,None,1,1,0,Batch,AutomationPilot
212.80999999995143,"KTEX_ESCORT_01",Running,None,1,1,0,Batch,AutomationPilot
213.00999999995125,"KTEX_ESCORT_01",Running,None,1,1,0,Batch,AutomationPilot
213.20999999995107,"KTEX_ESCORT_01",Running,None,1,1,0,Batch,AutomationPilot
213.40999999995088,"KTEX_ESCORT_01",Running,None,1,1,0,Batch,AutomationPilot
213.6099999999507,"KTEX_ESCORT_01",Running,None,1,1,0,Batch,AutomationPilot
213.80999999995052,"KTEX_ESCORT_01",Running,None,1,1,0,Batch,AutomationPilot
214.00999999995034,"KTEX_ESCORT_01",Running,None,1,1,0,Batch,AutomationPilot
214.20999999995016,"KTEX_ESCORT_01",Running,None,1,1,0,Batch,AutomationPilot
214.40999999994997,"KTEX_ESCORT_01",Running,None,1,1,0,Batch,AutomationPilot
214.60999999994979,"KTEX_ESCORT_01",Running,None,1,1,0,Batch,AutomationPilot
214.80999999994961,"KTEX_ESCORT_01",Running,None,1,1,0,Batch,AutomationPilot
215.00999999994943,"KTEX_ESCORT_01",Running,None,1,1,0,Batch,AutomationPilot
215.20999999994925,"KTEX_ESCORT_01",Running,None,1,1,0,Batch,AutomationPilot
215.40999999994906,"KTEX_ESCORT_01",Running,None,1,1,0,Batch,AutomationPilot
215.60999999994888,"KTEX_ESCORT_01",Running,None,1,1,0,Batch,AutomationPilot
215.8099999999487,"KTEX_ESCORT_01",Running,None,1,1,0,Batch,AutomationPilot
216.00999999994852,"KTEX_ESCORT_01",Running,None,1,1,0,Batch,AutomationPilot
216.20999999994834,"KTEX_ESCORT_01",Running,None,1,1,0,Batch,AutomationPilot
216.40999999994816,"KTEX_ESCORT_01",Running,None,1,1,0,Batch,AutomationPilot
216.60999999994797,"KTEX_ESCORT_01",Running,None,1,1,0,Batch,AutomationPilot
216.80999999994779,"KTEX_ESCORT_01",Running,None,1,1,0,Batch,AutomationPilot
217.00999999994761,"KTEX_ESCORT_01",Running,None,1,1,0,Batch,AutomationPilot
217.20999999994743,"KTEX_ESCORT_01",Running,None,1,1,0,Batch,AutomationPilot
217.40999999994725,"KTEX_ESCORT_01",Running,None,1,1,0,Batch,AutomationPilot
217.60999999994706,"KTEX_ESCORT_01",Running,None,1,1,0,Batch,AutomationPilot
217.80999999994688,"KTEX_ESCORT_01",Running,None,1,1,0,Batch,AutomationPilot
218.0099999999467,"KTEX_ESCORT_01",Running,None,1,1,0,Batch,AutomationPilot
218.20999999994652,"KTEX_ESCORT_01",Running,None,1,1,0,Batch,AutomationPilot
218.40999999994634,"KTEX_ESCORT_01",Running,None,1,1,0,Batch,AutomationPilot
218.60999999994615,"KTEX_ESCORT_01",Running,None,1,1,0,Batch,AutomationPilot
218.80999999994597,"KTEX_ESCORT_01",Running,None,1,1,0,Batch,AutomationPilot
219.00999999994579,"KTEX_ESCORT_01",Running,None,1,1,0,Batch,AutomationPilot
219.20999999994561,"KTEX_ESCORT_01",Running,None,1,1,0,Batch,AutomationPilot
219.40999999994543,"KTEX_ESCORT_01",Running,None,1,1,0,Batch,AutomationPilot
219.60999999994525,"KTEX_ESCORT_01",Running,None,1,1,0,Batch,AutomationPilot
219.80999999994506,"KTEX_ESCORT_01",Running,None,1,1,0,Batch,AutomationPilot
220.00999999994488,"KTEX_ESCORT_01",Running,None,1,1,0,Batch,AutomationPilot
220.2099999999447,"KTEX_ESCORT_01",Running,None,1,1,0,Batch,AutomationPilot
220.40999999994452,"KTEX_ESCORT_01",Running,None,1,1,0,Batch,AutomationPilot
220.60999999994434,"KTEX_ESCORT_01",Running,None,1,1,0,Batch,AutomationPilot
220.80999999994415,"KTEX_ESCORT_01",Running,None,1,1,0,Batch,AutomationPilot
221.00999999994397,"KTEX_ESCORT_01",Running,None,1,1,0,Batch,AutomationPilot
221.20999999994379,"KTEX_ESCORT_01",Running,None,1,1,0,Batch,AutomationPilot
221.40999999994361,"KTEX_ESCORT_01",Running,None,1,1,0,Batch,AutomationPilot
221.60999999994343,"KTEX_ESCORT_01",Running,None,1,1,0,Batch,AutomationPilot
221.80999999994324,"KTEX_ESCORT_01",Running,None,1,1,0,Batch,AutomationPilot
222.00999999994306,"KTEX_ESCORT_01",Running,None,1,1,0,Batch,AutomationPilot
222.20999999994288,"KTEX_ESCORT_01",Running,None,1,1,0,Batch,AutomationPilot
222.4099999999427,"KTEX_ESCORT_01",Running,None,1,1,0,Batch,AutomationPilot
222.60999999994252,"KTEX_ESCORT_01",Running,None,1,1,0,Batch,AutomationPilot
222.80999999994233,"KTEX_ESCORT_01",Running,None,1,1,0,Batch,AutomationPilot
223.00999999994215,"KTEX_ESCORT_01",Running,None,1,1,0,Batch,AutomationPilot
223.20999999994197,"KTEX_ESCORT_01",Running,None,1,1,0,Batch,AutomationPilot
223.40999999994179,"KTEX_ESCORT_01",Running,None,1,1,0,Batch,AutomationPilot
223.60999999994161,"KTEX_ESCORT_01",Running,None,1,1,0,Batch,AutomationPilot
223.80999999994143,"KTEX_ESCORT_01",Running,None,1,1,0,Batch,AutomationPilot
224.00999999994124,"KTEX_ESCORT_01",Running,None,1,1,0,Batch,AutomationPilot
224.20999999994106,"KTEX_ESCORT_01",Running,None,1,1,0,Batch,AutomationPilot
224.40999999994088,"KTEX_ESCORT_01",Running,None,1,1,0,Batch,AutomationPilot
224.6099999999407,"KTEX_ESCORT_01",Running,None,1,1,0,Batch,AutomationPilot
224.80999999994052,"KTEX_ESCORT_01",Running,None,1,1,0,Batch,AutomationPilot
225.00999999994033,"KTEX_ESCORT_01",Running,None,1,1,0,Batch,AutomationPilot
225.20999999994015,"KTEX_ESCORT_01",Running,None,1,1,0,Batch,AutomationPilot
225.40999999993997,"KTEX_ESCORT_01",Running,None,1,1,0,Batch,AutomationPilot
225.60999999993979,"KTEX_ESCORT_01",Running,None,1,1,0,Batch,AutomationPilot
225.80999999993961,"KTEX_ESCORT_01",Running,None,1,1,0,Batch,AutomationPilot
226.00999999993942,"KTEX_ESCORT_01",Running,None,1,1,0,Batch,AutomationPilot
226.20999999993924,"KTEX_ESCORT_01",Running,None,1,1,0,Batch,AutomationPilot
226.40999999993906,"KTEX_ESCORT_01",Running,None,1,1,0,Batch,AutomationPilot
226.60999999993888,"KTEX_ESCORT_01",Running,None,1,1,0,Batch,AutomationPilot
226.8099999999387,"KTEX_ESCORT_01",Running,None,1,1,0,Batch,AutomationPilot
227.00999999993851,"KTEX_ESCORT_01",Running,None,1,1,0,Batch,AutomationPilot
227.20999999993833,"KTEX_ESCORT_01",Running,None,1,1,0,Batch,AutomationPilot
227.40999999993815,"KTEX_ESCORT_01",Running,None,1,1,0,Batch,AutomationPilot
227.60999999993797,"KTEX_ESCORT_01",Running,None,1,1,0,Batch,AutomationPilot
227.80999999993779,"KTEX_ESCORT_01",Running,None,1,1,0,Batch,AutomationPilot
228.00999999993761,"KTEX_ESCORT_01",Running,None,1,1,0,Batch,AutomationPilot
228.20999999993742,"KTEX_ESCORT_01",Running,None,1,1,0,Batch,AutomationPilot
228.40999999993724,"KTEX_ESCORT_01",Running,None,1,1,0,Batch,AutomationPilot
228.60999999993706,"KTEX_ESCORT_01",Running,None,1,1,0,Batch,AutomationPilot
228.80999999993688,"KTEX_ESCORT_01",Running,None,1,1,0,Batch,AutomationPilot
229.0099999999367,"KTEX_ESCORT_01",Running,None,1,1,0,Batch,AutomationPilot
229.20999999993651,"KTEX_ESCORT_01",Running,None,1,1,0,Batch,AutomationPilot
229.40999999993633,"KTEX_ESCORT_01",Running,None,1,1,0,Batch,AutomationPilot
229.60999999993615,"KTEX_ESCORT_01",Running,None,1,1,0,Batch,AutomationPilot
229.80999999993597,"KTEX_ESCORT_01",Running,None,1,1,0,Batch,AutomationPilot
230.00999999993579,"KTEX_ESCORT_01",Running,None,1,1,0,Batch,AutomationPilot
230.2099999999356,"KTEX_ESCORT_01",Running,None,1,1,0,Batch,AutomationPilot
230.40999999993542,"KTEX_ESCORT_01",Running,None,1,1,0,Batch,AutomationPilot
230.60999999993524,"KTEX_ESCORT_01",Running,None,1,1,0,Batch,AutomationPilot
230.80999999993506,"KTEX_ESCORT_01",Running,None,1,1,0,Batch,AutomationPilot
231.00999999993488,"KTEX_ESCORT_01",Running,None,1,1,0,Batch,AutomationPilot
231.20999999993469,"KTEX_ESCORT_01",Running,None,1,1,0,Batch,AutomationPilot
231.40999999993451,"KTEX_ESCORT_01",Running,None,1,1,0,Batch,AutomationPilot
231.60999999993433,"KTEX_ESCORT_01",Running,None,1,1,0,Batch,AutomationPilot
231.80999999993415,"KTEX_ESCORT_01",Running,None,1,1,0,Batch,AutomationPilot
232.00999999993397,"KTEX_ESCORT_01",Running,None,1,1,0,Batch,AutomationPilot
232.20999999993379,"KTEX_ESCORT_01",Running,None,1,1,0,Batch,AutomationPilot
232.4099999999336,"KTEX_ESCORT_01",Running,None,1,1,0,Batch,AutomationPilot
232.60999999993342,"KTEX_ESCORT_01",Running,None,1,1,0,Batch,AutomationPilot
232.80999999993324,"KTEX_ESCORT_01",Running,None,1,1,0,Batch,AutomationPilot
233.00999999993306,"KTEX_ESCORT_01",Running,None,1,1,0,Batch,AutomationPilot
233.20999999993288,"KTEX_ESCORT_01",Running,None,1,1,0,Batch,AutomationPilot
233.40999999993269,"KTEX_ESCORT_01",Running,None,1,1,0,Batch,AutomationPilot
233.60999999993251,"KTEX_ESCORT_01",Running,None,1,1,0,Batch,AutomationPilot
233.80999999993233,"KTEX_ESCORT_01",Running,None,1,1,0,Batch,AutomationPilot
234.00999999993215,"KTEX_ESCORT_01",Running,None,1,1,0,Batch,AutomationPilot
234.20999999993197,"KTEX_ESCORT_01",Running,None,1,1,0,Batch,AutomationPilot
234.40999999993178,"KTEX_ESCORT_01",Running,None,1,1,0,Batch,AutomationPilot
234.6099999999316,"KTEX_ESCORT_01",Running,None,1,1,0,Batch,AutomationPilot
234.80999999993142,"KTEX_ESCORT_01",Running,None,1,1,0,Batch,AutomationPilot
235.00999999993124,"KTEX_ESCORT_01",Running,None,1,1,0,Batch,AutomationPilot
235.20999999993106,"KTEX_ESCORT_01",Running,None,1,1,0,Batch,AutomationPilot
235.40999999993087,"KTEX_ESCORT_01",Running,None,1,1,0,Batch,AutomationPilot
235.60999999993069,"KTEX_ESCORT_01",Running,None,1,1,0,Batch,AutomationPilot
235.80999999993051,"KTEX_ESCORT_01",Running,None,1,1,0,Batch,AutomationPilot
