time_s,aircraft,target,track_state,range_m,closure_mps,lock_quality,in_launch_zone,shoot_cue,weapon,quantity,master_arm
0.02,"TRAINER-01","",None,0,0,0,False,False,"",0,Arm
0.11999999999999998,"TRAINER-01","",None,0,0,0,False,False,"",0,Arm
0.22000000000000006,"TRAINER-01","",None,0,0,0,False,False,"",0,Arm
0.32000000000000012,"TRAINER-01","",None,0,0,0,False,False,"",0,Arm
0.42000000000000021,"TRAINER-01","",None,0,0,0,False,False,"",0,Arm
0.52000000000000024,"TRAINER-01","",None,0,0,0,False,False,"",0,Arm
0.62000000000000033,"TRAINER-01","",None,0,0,0,False,False,"",0,Arm
0.72000000000000042,"TRAINER-01","",None,0,0,0,False,False,"",0,Arm
0.82000000000000051,"TRAINER-01","",None,0,0,0,False,False,"",0,Arm
0.9200000000000006,"TRAINER-01","",None,0,0,0,False,False,"",0,Arm
1.0200000000000007,"TRAINER-01","",None,0,0,0,False,False,"",0,Arm
1.1200000000000008,"TRAINER-01","",None,0,0,0,False,False,"",0,Arm
1.2200000000000009,"TRAINER-01","",None,0,0,0,False,False,"",0,Arm
1.320000000000001,"TRAINER-01","",None,0,0,0,False,False,"",0,Arm
1.420000000000001,"TRAINER-01","",None,0,0,0,False,False,"",0,Arm
1.5200000000000011,"TRAINER-01","",None,0,0,0,False,False,"",0,Arm
1.6200000000000012,"TRAINER-01","",None,0,0,0,False,False,"",0,Arm
1.7200000000000013,"TRAINER-01","",None,0,0,0,False,False,"",0,Arm
1.8200000000000014,"TRAINER-01","",None,0,0,0,False,False,"",0,Arm
1.9200000000000015,"TRAINER-01","",None,0,0,0,False,False,"",0,Arm
2.0200000000000009,"TRAINER-01","",None,0,0,0,False,False,"",0,Arm
2.1199999999999988,"TRAINER-01","",None,0,0,0,False,False,"",0,Arm
2.2199999999999966,"TRAINER-01","",None,0,0,0,False,False,"",0,Arm
2.3199999999999945,"TRAINER-01","",None,0,0,0,False,False,"",0,Arm
2.4199999999999924,"TRAINER-01","",None,0,0,0,False,False,"",0,Arm
2.5199999999999902,"TRAINER-01","",None,0,0,0,False,False,"",0,Arm
2.6199999999999881,"TRAINER-01","",None,0,0,0,False,False,"",0,Arm
2.719999999999986,"TRAINER-01","",None,0,0,0,False,False,"",0,Arm
2.8199999999999839,"TRAINER-01","",None,0,0,0,False,False,"",0,Arm
2.9199999999999817,"TRAINER-01","",None,0,0,0,False,False,"",0,Arm
3.0199999999999796,"TRAINER-01","",None,0,0,0,False,False,"",0,Arm
3.1199999999999775,"TRAINER-01","",None,0,0,0,False,False,"",0,Arm
3.2199999999999753,"TRAINER-01","",None,0,0,0,False,False,"",0,Arm
3.3199999999999732,"TRAINER-01","",None,0,0,0,False,False,"",0,Arm
3.4199999999999711,"TRAINER-01","",None,0,0,0,False,False,"",0,Arm
3.5199999999999689,"TRAINER-01","",None,0,0,0,False,False,"",0,Arm
3.6199999999999668,"TRAINER-01","",None,0,0,0,False,False,"",0,Arm
3.7199999999999647,"TRAINER-01","",None,0,0,0,False,False,"",0,Arm
3.8199999999999625,"TRAINER-01","",None,0,0,0,False,False,"",0,Arm
3.9199999999999604,"TRAINER-01","",None,0,0,0,False,False,"",0,Arm
4.0199999999999587,"TRAINER-01","",None,0,0,0,False,False,"",0,Arm
4.1199999999999566,"TRAINER-01","",None,0,0,0,False,False,"",0,Arm
4.2199999999999545,"TRAINER-01","",None,0,0,0,False,False,"",0,Arm
4.3199999999999523,"TRAINER-01","",None,0,0,0,False,False,"",0,Arm
4.41999999999995,"TRAINER-01","",None,0,0,0,False,False,"",0,Arm
4.5199999999999481,"TRAINER-01","",None,0,0,0,False,False,"",0,Arm
4.6199999999999459,"TRAINER-01","",None,0,0,0,False,False,"",0,Arm
4.7199999999999438,"TRAINER-01","",None,0,0,0,False,False,"",0,Arm
4.8199999999999417,"TRAINER-01","",None,0,0,0,False,False,"",0,Arm
4.9199999999999395,"TRAINER-01","",None,0,0,0,False,False,"",0,Arm
5.0199999999999374,"TRAINER-01","",None,0,0,0,False,False,"",0,Arm
5.1199999999999353,"TRAINER-01","",None,0,0,0,False,False,"",0,Arm
5.2199999999999331,"TRAINER-01","",None,0,0,0,False,False,"",0,Arm
5.319999999999931,"TRAINER-01","",None,0,0,0,False,False,"",0,Arm
5.4199999999999289,"TRAINER-01","",None,0,0,0,False,False,"",0,Arm
5.5199999999999267,"TRAINER-01","",None,0,0,0,False,False,"",0,Arm
5.6199999999999246,"TRAINER-01","",None,0,0,0,False,False,"",0,Arm
5.7199999999999225,"TRAINER-01","",None,0,0,0,False,False,"",0,Arm
5.81999999999992,"TRAINER-01","",None,0,0,0,False,False,"",0,Arm
5.9199999999999182,"TRAINER-01","",None,0,0,0,False,False,"",0,Arm
6.0199999999999161,"TRAINER-01","",None,0,0,0,False,False,"",0,Arm
6.119999999999914,"TRAINER-01","",None,0,0,0,False,False,"",0,Arm
6.2199999999999118,"TRAINER-01","",None,0,0,0,False,False,"",0,Arm
6.31999999999991,"TRAINER-01","",None,0,0,0,False,False,"",0,Arm
6.4199999999999076,"TRAINER-01","",None,0,0,0,False,False,"",0,Arm
6.5199999999999054,"TRAINER-01","",None,0,0,0,False,False,"",0,Arm
6.6199999999999033,"TRAINER-01","",None,0,0,0,False,False,"",0,Arm
6.7199999999999012,"TRAINER-01","",None,0,0,0,False,False,"",0,Arm
6.819999999999899,"TRAINER-01","",None,0,0,0,False,False,"",0,Arm
6.9199999999998969,"TRAINER-01","",None,0,0,0,False,False,"",0,Arm
7.0199999999998948,"TRAINER-01","",None,0,0,0,False,False,"",0,Arm
7.1199999999998926,"TRAINER-01","",None,0,0,0,False,False,"",0,Arm
7.2199999999998905,"TRAINER-01","",None,0,0,0,False,False,"",0,Arm
7.3199999999998884,"TRAINER-01","",None,0,0,0,False,False,"",0,Arm
7.4199999999998862,"TRAINER-01","",None,0,0,0,False,False,"",0,Arm
7.5199999999998841,"TRAINER-01","",None,0,0,0,False,False,"",0,Arm
7.619999999999882,"TRAINER-01","",None,0,0,0,False,False,"",0,Arm
7.71999999999988,"TRAINER-01","",None,0,0,0,False,False,"",0,Arm
7.8199999999998777,"TRAINER-01","",None,0,0,0,False,False,"",0,Arm
7.9199999999998756,"TRAINER-01","",None,0,0,0,False,False,"",0,Arm
8.0199999999998735,"TRAINER-01","",None,0,0,0,False,False,"",0,Arm
8.1199999999998713,"TRAINER-01","",None,0,0,0,False,False,"",0,Arm
8.21999999999987,"TRAINER-01","",None,0,0,0,False,False,"",0,Arm
8.3199999999998671,"TRAINER-01","",None,0,0,0,False,False,"",0,Arm
8.4199999999998649,"TRAINER-01","",None,0,0,0,False,False,"",0,Arm
8.5199999999998628,"TRAINER-01","",None,0,0,0,False,False,"",0,Arm
8.61999999999986,"TRAINER-01","",None,0,0,0,False,False,"",0,Arm
8.7199999999998585,"TRAINER-01","",None,0,0,0,False,False,"",0,Arm
8.8199999999998564,"TRAINER-01","",None,0,0,0,False,False,"",0,Arm
8.9199999999998543,"TRAINER-01","",None,0,0,0,False,False,"",0,Arm
9.0199999999998521,"TRAINER-01","",None,0,0,0,False,False,"",0,Arm
9.11999999999985,"TRAINER-01","",None,0,0,0,False,False,"",0,Arm
9.2199999999998479,"TRAINER-01","",None,0,0,0,False,False,"",0,Arm
9.3199999999998457,"TRAINER-01","",None,0,0,0,False,False,"",0,Arm
9.4199999999998436,"TRAINER-01","",None,0,0,0,False,False,"",0,Arm
9.5199999999998415,"TRAINER-01","",None,0,0,0,False,False,"",0,Arm
9.61999999999984,"TRAINER-01","",None,0,0,0,False,False,"",0,Arm
9.7199999999998372,"TRAINER-01","",None,0,0,0,False,False,"",0,Arm
9.8199999999998351,"TRAINER-01","",None,0,0,0,False,False,"",0,Arm
9.919999999999833,"TRAINER-01","",None,0,0,0,False,False,"",0,Arm
10.019999999999831,"TRAINER-01","",None,0,0,0,False,False,"",0,Arm
10.119999999999829,"TRAINER-01","",None,0,0,0,False,False,"",0,Arm
10.219999999999827,"TRAINER-01","",None,0,0,0,False,False,"",0,Arm
10.319999999999824,"TRAINER-01","",None,0,0,0,False,False,"",0,Arm
10.419999999999822,"TRAINER-01","",None,0,0,0,False,False,"",0,Arm
10.51999999999982,"TRAINER-01","",None,0,0,0,False,False,"",0,Arm
10.619999999999818,"TRAINER-01","",None,0,0,0,False,False,"",0,Arm
10.719999999999816,"TRAINER-01","",None,0,0,0,False,False,"",0,Arm
10.819999999999814,"TRAINER-01","",None,0,0,0,False,False,"",0,Arm
10.919999999999812,"TRAINER-01","",None,0,0,0,False,False,"",0,Arm
11.01999999999981,"TRAINER-01","",None,0,0,0,False,False,"",0,Arm
11.119999999999807,"TRAINER-01","",None,0,0,0,False,False,"",0,Arm
11.219999999999805,"TRAINER-01","",None,0,0,0,False,False,"",0,Arm
11.319999999999803,"TRAINER-01","",None,0,0,0,False,False,"",0,Arm
11.419999999999801,"TRAINER-01","",None,0,0,0,False,False,"",0,Arm
11.519999999999799,"TRAINER-01","",None,0,0,0,False,False,"",0,Arm
11.619999999999797,"TRAINER-01","",None,0,0,0,False,False,"",0,Arm
11.719999999999795,"TRAINER-01","",None,0,0,0,False,False,"",0,Arm
11.819999999999792,"TRAINER-01","",None,0,0,0,False,False,"",0,Arm
11.91999999999979,"TRAINER-01","",None,0,0,0,False,False,"",0,Arm
12.019999999999788,"TRAINER-01","",None,0,0,0,False,False,"",0,Arm
12.119999999999786,"TRAINER-01","",None,0,0,0,False,False,"",0,Arm
12.219999999999784,"TRAINER-01","",None,0,0,0,False,False,"",0,Arm
12.319999999999782,"TRAINER-01","",None,0,0,0,False,False,"",0,Arm
12.41999999999978,"TRAINER-01","",None,0,0,0,False,False,"",0,Arm
12.519999999999778,"TRAINER-01","",None,0,0,0,False,False,"",0,Arm
12.619999999999775,"TRAINER-01","",None,0,0,0,False,False,"",0,Arm
12.719999999999773,"TRAINER-01","",None,0,0,0,False,False,"",0,Arm
12.819999999999771,"TRAINER-01","",None,0,0,0,False,False,"",0,Arm
12.919999999999769,"TRAINER-01","",None,0,0,0,False,False,"",0,Arm
13.019999999999767,"TRAINER-01","",None,0,0,0,False,False,"",0,Arm
13.119999999999765,"TRAINER-01","",None,0,0,0,False,False,"",0,Arm
13.219999999999763,"TRAINER-01","",None,0,0,0,False,False,"",0,Arm
13.31999999999976,"TRAINER-01","",None,0,0,0,False,False,"",0,Arm
13.419999999999758,"TRAINER-01","",None,0,0,0,False,False,"",0,Arm
13.519999999999756,"TRAINER-01","",None,0,0,0,False,False,"",0,Arm
13.619999999999754,"TRAINER-01","",None,0,0,0,False,False,"",0,Arm
13.719999999999752,"TRAINER-01","",None,0,0,0,False,False,"",0,Arm
13.81999999999975,"TRAINER-01","",None,0,0,0,False,False,"",0,Arm
13.919999999999748,"TRAINER-01","",None,0,0,0,False,False,"",0,Arm
14.019999999999746,"TRAINER-01","",None,0,0,0,False,False,"",0,Arm
14.119999999999743,"TRAINER-01","",None,0,0,0,False,False,"",0,Arm
14.219999999999741,"TRAINER-01","",None,0,0,0,False,False,"",0,Arm
14.319999999999739,"TRAINER-01","",None,0,0,0,False,False,"",0,Arm
14.419999999999737,"TRAINER-01","",None,0,0,0,False,False,"",0,Arm
14.519999999999735,"TRAINER-01","",None,0,0,0,False,False,"",0,Arm
14.619999999999733,"TRAINER-01","",None,0,0,0,False,False,"",0,Arm
14.719999999999731,"TRAINER-01","",None,0,0,0,False,False,"",0,Arm
14.819999999999729,"TRAINER-01","",None,0,0,0,False,False,"",0,Arm
14.919999999999726,"TRAINER-01","",None,0,0,0,False,False,"",0,Arm
15.019999999999724,"TRAINER-01","",None,0,0,0,False,False,"",0,Arm
15.119999999999722,"TRAINER-01","",None,0,0,0,False,False,"",0,Arm
15.21999999999972,"TRAINER-01","",None,0,0,0,False,False,"",0,Arm
15.319999999999718,"TRAINER-01","",None,0,0,0,False,False,"",0,Arm
15.419999999999716,"TRAINER-01","",None,0,0,0,False,False,"",0,Arm
15.519999999999714,"TRAINER-01","",None,0,0,0,False,False,"",0,Arm
15.619999999999711,"TRAINER-01","",None,0,0,0,False,False,"",0,Arm
15.719999999999709,"TRAINER-01","",None,0,0,0,False,False,"",0,Arm
15.819999999999707,"TRAINER-01","",None,0,0,0,False,False,"",0,Arm
15.919999999999705,"TRAINER-01","",None,0,0,0,False,False,"",0,Arm
16.019999999999705,"TRAINER-01","",None,0,0,0,False,False,"",0,Arm
16.11999999999972,"TRAINER-01","",None,0,0,0,False,False,"",0,Arm
16.219999999999736,"TRAINER-01","",None,0,0,0,False,False,"",0,Arm
16.319999999999752,"TRAINER-01","",None,0,0,0,False,False,"",0,Arm
16.419999999999767,"TRAINER-01","",None,0,0,0,False,False,"",0,Arm
16.519999999999783,"TRAINER-01","",None,0,0,0,False,False,"",0,Arm
16.6199999999998,"TRAINER-01","",None,0,0,0,False,False,"",0,Arm
16.719999999999814,"TRAINER-01","",None,0,0,0,False,False,"",0,Arm
16.81999999999983,"TRAINER-01","",None,0,0,0,False,False,"",0,Arm
16.919999999999845,"TRAINER-01","",None,0,0,0,False,False,"",0,Arm
17.019999999999861,"TRAINER-01","",None,0,0,0,False,False,"",0,Arm
17.119999999999877,"TRAINER-01","",None,0,0,0,False,False,"",0,Arm
17.219999999999892,"TRAINER-01","",None,0,0,0,False,False,"",0,Arm
17.319999999999908,"TRAINER-01","",None,0,0,0,False,False,"",0,Arm
17.419999999999924,"TRAINER-01","",None,0,0,0,False,False,"",0,Arm
17.519999999999939,"TRAINER-01","",None,0,0,0,False,False,"",0,Arm
17.619999999999955,"TRAINER-01","",None,0,0,0,False,False,"",0,Arm
17.71999999999997,"TRAINER-01","",None,0,0,0,False,False,"",0,Arm
17.819999999999986,"TRAINER-01","",None,0,0,0,False,False,"",0,Arm
17.92,"TRAINER-01","",None,0,0,0,False,False,"",0,Arm
18.020000000000017,"TRAINER-01","",None,0,0,0,False,False,"",0,Arm
18.120000000000033,"TRAINER-01","",None,0,0,0,False,False,"",0,Arm
18.220000000000049,"TRAINER-01","",None,0,0,0,False,False,"",0,Arm
18.320000000000064,"TRAINER-01","",None,0,0,0,False,False,"",0,Arm
18.42000000000008,"TRAINER-01","",None,0,0,0,False,False,"",0,Arm
18.520000000000095,"TRAINER-01","",None,0,0,0,False,False,"",0,Arm
18.620000000000111,"TRAINER-01","",None,0,0,0,False,False,"",0,Arm
18.720000000000127,"TRAINER-01","",None,0,0,0,False,False,"",0,Arm
18.820000000000142,"TRAINER-01","",None,0,0,0,False,False,"",0,Arm
18.920000000000158,"TRAINER-01","",None,0,0,0,False,False,"",0,Arm
19.020000000000174,"TRAINER-01","",None,0,0,0,False,False,"",0,Arm
19.120000000000189,"TRAINER-01","",None,0,0,0,False,False,"",0,Arm
19.220000000000205,"TRAINER-01","",None,0,0,0,False,False,"",0,Arm
19.320000000000221,"TRAINER-01","",None,0,0,0,False,False,"",0,Arm
19.420000000000236,"TRAINER-01","",None,0,0,0,False,False,"",0,Arm
19.520000000000252,"TRAINER-01","",None,0,0,0,False,False,"",0,Arm
19.620000000000267,"TRAINER-01","",None,0,0,0,False,False,"",0,Arm
19.720000000000283,"TRAINER-01","",None,0,0,0,False,False,"",0,Arm
19.8200000000003,"TRAINER-01","",None,0,0,0,False,False,"",0,Arm
19.920000000000314,"TRAINER-01","",None,0,0,0,False,False,"",0,Arm
20.02000000000033,"TRAINER-01","",None,0,0,0,False,False,"",0,Arm
20.120000000000346,"TRAINER-01","",None,0,0,0,False,False,"",0,Arm
20.220000000000361,"TRAINER-01","",None,0,0,0,False,False,"",0,Arm
20.320000000000377,"TRAINER-01","",None,0,0,0,False,False,"",0,Arm
20.420000000000393,"TRAINER-01","",None,0,0,0,False,False,"",0,Arm
20.520000000000408,"TRAINER-01","",None,0,0,0,False,False,"",0,Arm
20.620000000000424,"TRAINER-01","",None,0,0,0,False,False,"",0,Arm
20.720000000000439,"TRAINER-01","",None,0,0,0,False,False,"",0,Arm
20.820000000000455,"TRAINER-01","",None,0,0,0,False,False,"",0,Arm
20.920000000000471,"TRAINER-01","",None,0,0,0,False,False,"",0,Arm
21.020000000000486,"TRAINER-01","",None,0,0,0,False,False,"",0,Arm
21.120000000000502,"TRAINER-01","",None,0,0,0,False,False,"",0,Arm
21.220000000000518,"TRAINER-01","",None,0,0,0,False,False,"",0,Arm
21.320000000000533,"TRAINER-01","",None,0,0,0,False,False,"",0,Arm
21.420000000000549,"TRAINER-01","",None,0,0,0,False,False,"",0,Arm
21.520000000000564,"TRAINER-01","",None,0,0,0,False,False,"",0,Arm
21.62000000000058,"TRAINER-01","",None,0,0,0,False,False,"",0,Arm
21.720000000000596,"TRAINER-01","",None,0,0,0,False,False,"",0,Arm
21.820000000000611,"TRAINER-01","",None,0,0,0,False,False,"",0,Arm
21.920000000000627,"TRAINER-01","",None,0,0,0,False,False,"",0,Arm
22.020000000000643,"TRAINER-01","",None,0,0,0,False,False,"",0,Arm
22.120000000000658,"TRAINER-01","",None,0,0,0,False,False,"",0,Arm
22.220000000000674,"TRAINER-01","",None,0,0,0,False,False,"",0,Arm
22.32000000000069,"TRAINER-01","",None,0,0,0,False,False,"",0,Arm
22.420000000000705,"TRAINER-01","",None,0,0,0,False,False,"",0,Arm
22.520000000000721,"TRAINER-01","",None,0,0,0,False,False,"",0,Arm
22.620000000000736,"TRAINER-01","",None,0,0,0,False,False,"",0,Arm
22.720000000000752,"TRAINER-01","",None,0,0,0,False,False,"",0,Arm
22.820000000000768,"TRAINER-01","",None,0,0,0,False,False,"",0,Arm
22.920000000000783,"TRAINER-01","",None,0,0,0,False,False,"",0,Arm
23.0200000000008,"TRAINER-01","",None,0,0,0,False,False,"",0,Arm
23.120000000000815,"TRAINER-01","",None,0,0,0,False,False,"",0,Arm
23.22000000000083,"TRAINER-01","",None,0,0,0,False,False,"",0,Arm
23.320000000000846,"TRAINER-01","",None,0,0,0,False,False,"",0,Arm
23.420000000000861,"TRAINER-01","",None,0,0,0,False,False,"",0,Arm
23.520000000000877,"TRAINER-01","",None,0,0,0,False,False,"",0,Arm
23.620000000000893,"TRAINER-01","",None,0,0,0,False,False,"",0,Arm
23.720000000000908,"TRAINER-01","",None,0,0,0,False,False,"",0,Arm
23.820000000000924,"TRAINER-01","",None,0,0,0,False,False,"",0,Arm
23.92000000000094,"TRAINER-01","",None,0,0,0,False,False,"",0,Arm
24.020000000000955,"TRAINER-01","",None,0,0,0,False,False,"",0,Arm
24.120000000000971,"TRAINER-01","",None,0,0,0,False,False,"",0,Arm
24.220000000000987,"TRAINER-01","",None,0,0,0,False,False,"",0,Arm
24.320000000001002,"TRAINER-01","",None,0,0,0,False,False,"",0,Arm
24.420000000001018,"TRAINER-01","",None,0,0,0,False,False,"",0,Arm
24.520000000001033,"TRAINER-01","",None,0,0,0,False,False,"",0,Arm
24.620000000001049,"TRAINER-01","",None,0,0,0,False,False,"",0,Arm
24.720000000001065,"TRAINER-01","",None,0,0,0,False,False,"",0,Arm
24.82000000000108,"TRAINER-01","",None,0,0,0,False,False,"",0,Arm
24.920000000001096,"TRAINER-01","",None,0,0,0,False,False,"",0,Arm
25.020000000001112,"TRAINER-01","",None,0,0,0,False,False,"",0,Arm
25.120000000001127,"TRAINER-01","",None,0,0,0,False,False,"",0,Arm
25.220000000001143,"TRAINER-01","",None,0,0,0,False,False,"",0,Arm
25.320000000001158,"TRAINER-01","",None,0,0,0,False,False,"",0,Arm
25.420000000001174,"TRAINER-01","",None,0,0,0,False,False,"",0,Arm
25.52000000000119,"TRAINER-01","",None,0,0,0,False,False,"",0,Arm
25.620000000001205,"TRAINER-01","",None,0,0,0,False,False,"",0,Arm
25.720000000001221,"TRAINER-01","",None,0,0,0,False,False,"",0,Arm
25.820000000001237,"TRAINER-01","",None,0,0,0,False,False,"",0,Arm
25.920000000001252,"TRAINER-01","",None,0,0,0,False,False,"",0,Arm
26.020000000001268,"TRAINER-01","",None,0,0,0,False,False,"",0,Arm
26.120000000001284,"TRAINER-01","",None,0,0,0,False,False,"",0,Arm
26.2200000000013,"TRAINER-01","",None,0,0,0,False,False,"",0,Arm
26.320000000001315,"TRAINER-01","",None,0,0,0,False,False,"",0,Arm
26.42000000000133,"TRAINER-01","",None,0,0,0,False,False,"",0,Arm
26.520000000001346,"TRAINER-01","",None,0,0,0,False,False,"",0,Arm
26.620000000001362,"TRAINER-01","",None,0,0,0,False,False,"",0,Arm
26.720000000001377,"TRAINER-01","",None,0,0,0,False,False,"",0,Arm
26.820000000001393,"TRAINER-01","",None,0,0,0,False,False,"",0,Arm
26.920000000001409,"TRAINER-01","",None,0,0,0,False,False,"",0,Arm
27.020000000001424,"TRAINER-01","",None,0,0,0,False,False,"",0,Arm
27.12000000000144,"TRAINER-01","",None,0,0,0,False,False,"",0,Arm
27.220000000001455,"TRAINER-01","",None,0,0,0,False,False,"",0,Arm
27.320000000001471,"TRAINER-01","",None,0,0,0,False,False,"",0,Arm
27.420000000001487,"TRAINER-01","",None,0,0,0,False,False,"",0,Arm
27.520000000001502,"TRAINER-01","",None,0,0,0,False,False,"",0,Arm
27.620000000001518,"TRAINER-01","",None,0,0,0,False,False,"",0,Arm
27.720000000001534,"TRAINER-01","",None,0,0,0,False,False,"",0,Arm
27.820000000001549,"TRAINER-01","",None,0,0,0,False,False,"",0,Arm
27.920000000001565,"TRAINER-01","",None,0,0,0,False,False,"",0,Arm
28.020000000001581,"TRAINER-01","",None,0,0,0,False,False,"",0,Arm
28.120000000001596,"TRAINER-01","",None,0,0,0,False,False,"",0,Arm
28.220000000001612,"TRAINER-01","",None,0,0,0,False,False,"",0,Arm
28.320000000001627,"TRAINER-01","",None,0,0,0,False,False,"",0,Arm
28.420000000001643,"TRAINER-01","",None,0,0,0,False,False,"",0,Arm
28.520000000001659,"TRAINER-01","",None,0,0,0,False,False,"",0,Arm
28.620000000001674,"TRAINER-01","",None,0,0,0,False,False,"",0,Arm
28.72000000000169,"TRAINER-01","",None,0,0,0,False,False,"",0,Arm
28.820000000001706,"TRAINER-01","",None,0,0,0,False,False,"",0,Arm
28.920000000001721,"TRAINER-01","",None,0,0,0,False,False,"",0,Arm
29.020000000001737,"TRAINER-01","",None,0,0,0,False,False,"",0,Arm
29.120000000001752,"TRAINER-01","",None,0,0,0,False,False,"",0,Arm
29.220000000001768,"TRAINER-01","",None,0,0,0,False,False,"",0,Arm
29.320000000001784,"TRAINER-01","",None,0,0,0,False,False,"",0,Arm
29.4200000000018,"TRAINER-01","",None,0,0,0,False,False,"",0,Arm
29.520000000001815,"TRAINER-01","",None,0,0,0,False,False,"",0,Arm
29.620000000001831,"TRAINER-01","",None,0,0,0,False,False,"",0,Arm
29.720000000001846,"TRAINER-01","",None,0,0,0,False,False,"",0,Arm
29.820000000001862,"TRAINER-01","",None,0,0,0,False,False,"",0,Arm
29.920000000001878,"TRAINER-01","",None,0,0,0,False,False,"",0,Arm
30.020000000001893,"TRAINER-01","",None,0,0,0,False,False,"",0,Arm
30.120000000001909,"TRAINER-01","",None,0,0,0,False,False,"",0,Arm
30.220000000001924,"TRAINER-01","",None,0,0,0,False,False,"",0,Arm
30.32000000000194,"TRAINER-01","",None,0,0,0,False,False,"",0,Arm
30.420000000001956,"TRAINER-01","",None,0,0,0,False,False,"",0,Arm
30.520000000001971,"TRAINER-01","",None,0,0,0,False,False,"",0,Arm
30.620000000001987,"TRAINER-01","",None,0,0,0,False,False,"",0,Arm
30.720000000002003,"TRAINER-01","",None,0,0,0,False,False,"",0,Arm
30.820000000002018,"TRAINER-01","",None,0,0,0,False,False,"",0,Arm
30.920000000002034,"TRAINER-01","",None,0,0,0,False,False,"",0,Arm
31.020000000002049,"TRAINER-01","",None,0,0,0,False,False,"",0,Arm
31.120000000002065,"TRAINER-01","",None,0,0,0,False,False,"",0,Arm
31.220000000002081,"TRAINER-01","",None,0,0,0,False,False,"",0,Arm
31.320000000002096,"TRAINER-01","",None,0,0,0,False,False,"",0,Arm
31.420000000002112,"TRAINER-01","",None,0,0,0,False,False,"",0,Arm
31.520000000002128,"TRAINER-01","",None,0,0,0,False,False,"",0,Arm
31.620000000002143,"TRAINER-01","",None,0,0,0,False,False,"",0,Arm
31.720000000002159,"TRAINER-01","",None,0,0,0,False,False,"",0,Arm
31.820000000002175,"TRAINER-01","",None,0,0,0,False,False,"",0,Arm
31.92000000000219,"TRAINER-01","",None,0,0,0,False,False,"",0,Arm
32.0200000000022,"TRAINER-01","",None,0,0,0,False,False,"",0,Arm
32.120000000002179,"TRAINER-01","",None,0,0,0,False,False,"",0,Arm
32.220000000002159,"TRAINER-01","",None,0,0,0,False,False,"",0,Arm
32.320000000002139,"TRAINER-01","",None,0,0,0,False,False,"",0,Arm
32.420000000002119,"TRAINER-01","",None,0,0,0,False,False,"",0,Arm
32.5200000000021,"TRAINER-01","",None,0,0,0,False,False,"",0,Arm
32.620000000002079,"TRAINER-01","",None,0,0,0,False,False,"",0,Arm
32.720000000002059,"TRAINER-01","",None,0,0,0,False,False,"",0,Arm
32.82000000000204,"TRAINER-01","",None,0,0,0,False,False,"",0,Arm
32.92000000000202,"TRAINER-01","",None,0,0,0,False,False,"",0,Arm
33.020000000002,"TRAINER-01","",None,0,0,0,False,False,"",0,Arm
33.12000000000198,"TRAINER-01","",None,0,0,0,False,False,"",0,Arm
33.22000000000196,"TRAINER-01","",None,0,0,0,False,False,"",0,Arm
33.32000000000194,"TRAINER-01","",None,0,0,0,False,False,"",0,Arm
33.42000000000192,"TRAINER-01","",None,0,0,0,False,False,"",0,Arm
33.5200000000019,"TRAINER-01","",None,0,0,0,False,False,"",0,Arm
33.62000000000188,"TRAINER-01","",None,0,0,0,False,False,"",0,Arm
33.72000000000186,"TRAINER-01","",None,0,0,0,False,False,"",0,Arm
33.820000000001841,"TRAINER-01","",None,0,0,0,False,False,"",0,Arm
33.920000000001821,"TRAINER-01","",None,0,0,0,False,False,"",0,Arm
34.0200000000018,"TRAINER-01","",None,0,0,0,False,False,"",0,Arm
34.120000000001781,"TRAINER-01","",None,0,0,0,False,False,"",0,Arm
34.220000000001761,"TRAINER-01","",None,0,0,0,False,False,"",0,Arm
34.320000000001741,"TRAINER-01","",None,0,0,0,False,False,"",0,Arm
34.420000000001721,"TRAINER-01","",None,0,0,0,False,False,"",0,Arm
34.5200000000017,"TRAINER-01","",None,0,0,0,False,False,"",0,Arm
34.620000000001681,"TRAINER-01","",None,0,0,0,False,False,"",0,Arm
34.720000000001662,"TRAINER-01","",None,0,0,0,False,False,"",0,Arm
34.820000000001642,"TRAINER-01","",None,0,0,0,False,False,"",0,Arm
34.920000000001622,"TRAINER-01","",None,0,0,0,False,False,"",0,Arm
35.0200000000016,"TRAINER-01","",None,0,0,0,False,False,"",0,Arm
35.120000000001582,"TRAINER-01","",None,0,0,0,False,False,"",0,Arm
35.220000000001562,"TRAINER-01","",None,0,0,0,False,False,"",0,Arm
35.320000000001542,"TRAINER-01","",None,0,0,0,False,False,"",0,Arm
35.420000000001522,"TRAINER-01","",None,0,0,0,False,False,"",0,Arm
35.5200000000015,"TRAINER-01","",None,0,0,0,False,False,"",0,Arm
35.620000000001482,"TRAINER-01","",None,0,0,0,False,False,"",0,Arm
35.720000000001463,"TRAINER-01","",None,0,0,0,False,False,"",0,Arm
35.820000000001443,"TRAINER-01","",None,0,0,0,False,False,"",0,Arm
35.920000000001423,"TRAINER-01","",None,0,0,0,False,False,"",0,Arm
36.0200000000014,"TRAINER-01","",None,0,0,0,False,False,"",0,Arm
36.120000000001383,"TRAINER-01","",None,0,0,0,False,False,"",0,Arm
36.220000000001363,"TRAINER-01","",None,0,0,0,False,False,"",0,Arm
36.320000000001343,"TRAINER-01","",None,0,0,0,False,False,"",0,Arm
36.420000000001323,"TRAINER-01","",None,0,0,0,False,False,"",0,Arm
36.5200000000013,"TRAINER-01","",None,0,0,0,False,False,"",0,Arm
36.620000000001284,"TRAINER-01","",None,0,0,0,False,False,"",0,Arm
36.720000000001264,"TRAINER-01","",None,0,0,0,False,False,"",0,Arm
36.820000000001244,"TRAINER-01","",None,0,0,0,False,False,"",0,Arm
36.920000000001224,"TRAINER-01","",None,0,0,0,False,False,"",0,Arm
37.020000000001204,"TRAINER-01","",None,0,0,0,False,False,"",0,Arm
37.120000000001184,"TRAINER-01","",None,0,0,0,False,False,"",0,Arm
37.220000000001164,"TRAINER-01","",None,0,0,0,False,False,"",0,Arm
37.320000000001144,"TRAINER-01","",None,0,0,0,False,False,"",0,Arm
37.420000000001124,"TRAINER-01","",None,0,0,0,False,False,"",0,Arm
37.520000000001104,"TRAINER-01","",None,0,0,0,False,False,"",0,Arm
37.620000000001085,"TRAINER-01","",None,0,0,0,False,False,"",0,Arm
37.720000000001065,"TRAINER-01","",None,0,0,0,False,False,"",0,Arm
37.820000000001045,"TRAINER-01","",None,0,0,0,False,False,"",0,Arm
37.920000000001025,"TRAINER-01","",None,0,0,0,False,False,"",0,Arm
38.020000000001005,"TRAINER-01","",None,0,0,0,False,False,"",0,Arm
38.120000000000985,"TRAINER-01","",None,0,0,0,False,False,"",0,Arm
38.220000000000965,"TRAINER-01","",None,0,0,0,False,False,"",0,Arm
38.320000000000945,"TRAINER-01","",None,0,0,0,False,False,"",0,Arm
38.420000000000925,"TRAINER-01","",None,0,0,0,False,False,"",0,Arm
38.520000000000906,"TRAINER-01","",None,0,0,0,False,False,"",0,Arm
38.620000000000886,"TRAINER-01","",None,0,0,0,False,False,"",0,Arm
38.720000000000866,"TRAINER-01","",None,0,0,0,False,False,"",0,Arm
38.820000000000846,"TRAINER-01","",None,0,0,0,False,False,"",0,Arm
38.920000000000826,"TRAINER-01","",None,0,0,0,False,False,"",0,Arm
39.020000000000806,"TRAINER-01","",None,0,0,0,False,False,"",0,Arm
39.120000000000786,"TRAINER-01","",None,0,0,0,False,False,"",0,Arm
39.220000000000766,"TRAINER-01","",None,0,0,0,False,False,"",0,Arm
39.320000000000746,"TRAINER-01","",None,0,0,0,False,False,"",0,Arm
39.420000000000726,"TRAINER-01","",None,0,0,0,False,False,"",0,Arm
39.520000000000707,"TRAINER-01","",None,0,0,0,False,False,"",0,Arm
39.620000000000687,"TRAINER-01","",None,0,0,0,False,False,"",0,Arm
39.720000000000667,"TRAINER-01","",None,0,0,0,False,False,"",0,Arm
39.820000000000647,"TRAINER-01","",None,0,0,0,False,False,"",0,Arm
39.920000000000627,"TRAINER-01","",None,0,0,0,False,False,"",0,Arm
40.020000000000607,"TRAINER-01","",None,0,0,0,False,False,"",0,Arm
40.120000000000587,"TRAINER-01","",None,0,0,0,False,False,"",0,Arm
40.220000000000567,"TRAINER-01","",None,0,0,0,False,False,"",0,Arm
40.320000000000547,"TRAINER-01","",None,0,0,0,False,False,"",0,Arm
40.420000000000528,"TRAINER-01","",None,0,0,0,False,False,"",0,Arm
40.520000000000508,"TRAINER-01","",None,0,0,0,False,False,"",0,Arm
40.620000000000488,"TRAINER-01","",None,0,0,0,False,False,"",0,Arm
40.720000000000468,"TRAINER-01","",None,0,0,0,False,False,"",0,Arm
40.820000000000448,"TRAINER-01","",None,0,0,0,False,False,"",0,Arm
40.920000000000428,"TRAINER-01","",None,0,0,0,False,False,"",0,Arm
41.020000000000408,"TRAINER-01","",None,0,0,0,False,False,"",0,Arm
41.120000000000388,"TRAINER-01","",None,0,0,0,False,False,"",0,Arm
41.220000000000368,"TRAINER-01","",None,0,0,0,False,False,"",0,Arm
41.320000000000348,"TRAINER-01","",None,0,0,0,False,False,"",0,Arm
41.420000000000329,"TRAINER-01","",None,0,0,0,False,False,"",0,Arm
41.520000000000309,"TRAINER-01","",None,0,0,0,False,False,"",0,Arm
41.620000000000289,"TRAINER-01","",None,0,0,0,False,False,"",0,Arm
41.720000000000269,"TRAINER-01","",None,0,0,0,False,False,"",0,Arm
41.820000000000249,"TRAINER-01","",None,0,0,0,False,False,"",0,Arm
41.920000000000229,"TRAINER-01","",None,0,0,0,False,False,"",0,Arm
42.020000000000209,"TRAINER-01","",None,0,0,0,False,False,"",0,Arm
42.120000000000189,"TRAINER-01","",None,0,0,0,False,False,"",0,Arm
42.220000000000169,"TRAINER-01","",None,0,0,0,False,False,"",0,Arm
42.320000000000149,"TRAINER-01","",None,0,0,0,False,False,"",0,Arm
42.42000000000013,"TRAINER-01","",None,0,0,0,False,False,"",0,Arm
42.52000000000011,"TRAINER-01","",None,0,0,0,False,False,"",0,Arm
42.62000000000009,"TRAINER-01","",None,0,0,0,False,False,"",0,Arm
42.72000000000007,"TRAINER-01","",None,0,0,0,False,False,"",0,Arm
42.82000000000005,"TRAINER-01","",None,0,0,0,False,False,"",0,Arm
42.92000000000003,"TRAINER-01","",None,0,0,0,False,False,"",0,Arm
43.02000000000001,"TRAINER-01","",None,0,0,0,False,False,"",0,Arm
43.11999999999999,"TRAINER-01","",None,0,0,0,False,False,"",0,Arm
43.21999999999997,"TRAINER-01","",None,0,0,0,False,False,"",0,Arm
43.319999999999951,"TRAINER-01","",None,0,0,0,False,False,"",0,Arm
43.419999999999931,"TRAINER-01","",None,0,0,0,False,False,"",0,Arm
43.519999999999911,"TRAINER-01","",None,0,0,0,False,False,"",0,Arm
43.619999999999891,"TRAINER-01","",None,0,0,0,False,False,"",0,Arm
43.719999999999871,"TRAINER-01","",None,0,0,0,False,False,"",0,Arm
43.819999999999851,"TRAINER-01","",None,0,0,0,False,False,"",0,Arm
43.919999999999831,"TRAINER-01","",None,0,0,0,False,False,"",0,Arm
44.019999999999811,"TRAINER-01","",None,0,0,0,False,False,"",0,Arm
44.119999999999791,"TRAINER-01","",None,0,0,0,False,False,"",0,Arm
44.219999999999771,"TRAINER-01","",None,0,0,0,False,False,"",0,Arm
44.319999999999752,"TRAINER-01","",None,0,0,0,False,False,"",0,Arm
44.419999999999732,"TRAINER-01","",None,0,0,0,False,False,"",0,Arm
44.519999999999712,"TRAINER-01","",None,0,0,0,False,False,"",0,Arm
44.619999999999692,"TRAINER-01","",None,0,0,0,False,False,"",0,Arm
44.719999999999672,"TRAINER-01","",None,0,0,0,False,False,"",0,Arm
44.819999999999652,"TRAINER-01","",None,0,0,0,False,False,"",0,Arm
44.919999999999632,"TRAINER-01","",None,0,0,0,False,False,"",0,Arm
45.019999999999612,"TRAINER-01","",None,0,0,0,False,False,"",0,Arm
45.119999999999592,"TRAINER-01","",None,0,0,0,False,False,"",0,Arm
45.219999999999573,"TRAINER-01","",None,0,0,0,False,False,"",0,Arm
45.319999999999553,"TRAINER-01","",None,0,0,0,False,False,"",0,Arm
45.419999999999533,"TRAINER-01","",None,0,0,0,False,False,"",0,Arm
45.519999999999513,"TRAINER-01","",None,0,0,0,False,False,"",0,Arm
45.619999999999493,"TRAINER-01","",None,0,0,0,False,False,"",0,Arm
45.719999999999473,"TRAINER-01","",None,0,0,0,False,False,"",0,Arm
45.819999999999453,"TRAINER-01","",None,0,0,0,False,False,"",0,Arm
45.919999999999433,"TRAINER-01","",None,0,0,0,False,False,"",0,Arm
46.019999999999413,"TRAINER-01","",None,0,0,0,False,False,"",0,Arm
46.119999999999393,"TRAINER-01","",None,0,0,0,False,False,"",0,Arm
46.219999999999374,"TRAINER-01","",None,0,0,0,False,False,"",0,Arm
46.319999999999354,"TRAINER-01","",None,0,0,0,False,False,"",0,Arm
46.419999999999334,"TRAINER-01","",None,0,0,0,False,False,"",0,Arm
46.519999999999314,"TRAINER-01","",None,0,0,0,False,False,"",0,Arm
46.619999999999294,"TRAINER-01","",None,0,0,0,False,False,"",0,Arm
46.719999999999274,"TRAINER-01","",None,0,0,0,False,False,"",0,Arm
46.819999999999254,"TRAINER-01","",None,0,0,0,False,False,"",0,Arm
46.919999999999234,"TRAINER-01","",None,0,0,0,False,False,"",0,Arm
47.019999999999214,"TRAINER-01","",None,0,0,0,False,False,"",0,Arm
47.119999999999195,"TRAINER-01","",None,0,0,0,False,False,"",0,Arm
47.219999999999175,"TRAINER-01","",None,0,0,0,False,False,"",0,Arm
47.319999999999155,"TRAINER-01","",None,0,0,0,False,False,"",0,Arm
47.419999999999135,"TRAINER-01","",None,0,0,0,False,False,"",0,Arm
47.519999999999115,"TRAINER-01","",None,0,0,0,False,False,"",0,Arm
47.619999999999095,"TRAINER-01","",None,0,0,0,False,False,"",0,Arm
47.719999999999075,"TRAINER-01","",None,0,0,0,False,False,"",0,Arm
47.819999999999055,"TRAINER-01","",None,0,0,0,False,False,"",0,Arm
47.919999999999035,"TRAINER-01","",None,0,0,0,False,False,"",0,Arm
48.019999999999015,"TRAINER-01","",None,0,0,0,False,False,"",0,Arm
48.119999999998996,"TRAINER-01","",None,0,0,0,False,False,"",0,Arm
48.219999999998976,"TRAINER-01","",None,0,0,0,False,False,"",0,Arm
48.319999999998956,"TRAINER-01","",None,0,0,0,False,False,"",0,Arm
48.419999999998936,"TRAINER-01","",None,0,0,0,False,False,"",0,Arm
48.519999999998916,"TRAINER-01","",None,0,0,0,False,False,"",0,Arm
48.619999999998896,"TRAINER-01","",None,0,0,0,False,False,"",0,Arm
48.719999999998876,"TRAINER-01","",None,0,0,0,False,False,"",0,Arm
48.819999999998856,"TRAINER-01","",None,0,0,0,False,False,"",0,Arm
48.919999999998836,"TRAINER-01","",None,0,0,0,False,False,"",0,Arm
49.019999999998817,"TRAINER-01","",None,0,0,0,False,False,"",0,Arm
49.1199999999988,"TRAINER-01","",None,0,0,0,False,False,"",0,Arm
49.219999999998777,"TRAINER-01","",None,0,0,0,False,False,"",0,Arm
49.319999999998757,"TRAINER-01","",None,0,0,0,False,False,"",0,Arm
49.419999999998737,"TRAINER-01","",None,0,0,0,False,False,"",0,Arm
49.519999999998717,"TRAINER-01","",None,0,0,0,False,False,"",0,Arm
49.6199999999987,"TRAINER-01","",None,0,0,0,False,False,"",0,Arm
49.719999999998677,"TRAINER-01","",None,0,0,0,False,False,"",0,Arm
49.819999999998657,"TRAINER-01","",None,0,0,0,False,False,"",0,Arm
49.919999999998637,"TRAINER-01","",None,0,0,0,False,False,"",0,Arm
50.019999999998618,"TRAINER-01","",None,0,0,0,False,False,"",0,Arm
50.1199999999986,"TRAINER-01","",None,0,0,0,False,False,"",0,Arm
50.219999999998578,"TRAINER-01","",None,0,0,0,False,False,"",0,Arm
50.319999999998558,"TRAINER-01","",None,0,0,0,False,False,"",0,Arm
50.419999999998538,"TRAINER-01","",None,0,0,0,False,False,"",0,Arm
50.519999999998518,"TRAINER-01","",None,0,0,0,False,False,"",0,Arm
50.6199999999985,"TRAINER-01","",None,0,0,0,False,False,"",0,Arm
50.719999999998478,"TRAINER-01","",None,0,0,0,False,False,"",0,Arm
50.819999999998458,"TRAINER-01","",None,0,0,0,False,False,"",0,Arm
50.919999999998439,"TRAINER-01","",None,0,0,0,False,False,"",0,Arm
51.019999999998419,"TRAINER-01","",None,0,0,0,False,False,"",0,Arm
51.1199999999984,"TRAINER-01","",None,0,0,0,False,False,"",0,Arm
51.219999999998379,"TRAINER-01","",None,0,0,0,False,False,"",0,Arm
51.319999999998359,"TRAINER-01","",None,0,0,0,False,False,"",0,Arm
51.419999999998339,"TRAINER-01","",None,0,0,0,False,False,"",0,Arm
51.519999999998319,"TRAINER-01","",None,0,0,0,False,False,"",0,Arm
51.6199999999983,"TRAINER-01","",None,0,0,0,False,False,"",0,Arm
51.719999999998279,"TRAINER-01","",None,0,0,0,False,False,"",0,Arm
51.819999999998259,"TRAINER-01","",None,0,0,0,False,False,"",0,Arm
51.91999999999824,"TRAINER-01","",None,0,0,0,False,False,"",0,Arm
52.01999999999822,"TRAINER-01","",None,0,0,0,False,False,"",0,Arm
52.1199999999982,"TRAINER-01","",None,0,0,0,False,False,"",0,Arm
52.21999999999818,"TRAINER-01","",None,0,0,0,False,False,"",0,Arm
52.31999999999816,"TRAINER-01","",None,0,0,0,False,False,"",0,Arm
52.41999999999814,"TRAINER-01","",None,0,0,0,False,False,"",0,Arm
52.51999999999812,"TRAINER-01","",None,0,0,0,False,False,"",0,Arm
52.6199999999981,"TRAINER-01","",None,0,0,0,False,False,"",0,Arm
52.71999999999808,"TRAINER-01","",None,0,0,0,False,False,"",0,Arm
52.819999999998061,"TRAINER-01","",None,0,0,0,False,False,"",0,Arm
52.919999999998041,"TRAINER-01","",None,0,0,0,False,False,"",0,Arm
53.019999999998021,"TRAINER-01","",None,0,0,0,False,False,"",0,Arm
53.119999999998,"TRAINER-01","",None,0,0,0,False,False,"",0,Arm
53.219999999997981,"TRAINER-01","",None,0,0,0,False,False,"",0,Arm
53.319999999997961,"TRAINER-01","",None,0,0,0,False,False,"",0,Arm
53.419999999997941,"TRAINER-01","",None,0,0,0,False,False,"",0,Arm
53.519999999997921,"TRAINER-01","",None,0,0,0,False,False,"",0,Arm
53.6199999999979,"TRAINER-01","",None,0,0,0,False,False,"",0,Arm
53.719999999997881,"TRAINER-01","",None,0,0,0,False,False,"",0,Arm
53.819999999997862,"TRAINER-01","",None,0,0,0,False,False,"",0,Arm
53.919999999997842,"TRAINER-01","",None,0,0,0,False,False,"",0,Arm
54.019999999997822,"TRAINER-01","",None,0,0,0,False,False,"",0,Arm
54.1199999999978,"TRAINER-01","",None,0,0,0,False,False,"",0,Arm
54.219999999997782,"TRAINER-01","",None,0,0,0,False,False,"",0,Arm
54.319999999997762,"TRAINER-01","",None,0,0,0,False,False,"",0,Arm
54.419999999997742,"TRAINER-01","",None,0,0,0,False,False,"",0,Arm
54.519999999997722,"TRAINER-01","",None,0,0,0,False,False,"",0,Arm
54.6199999999977,"TRAINER-01","",None,0,0,0,False,False,"",0,Arm
54.719999999997682,"TRAINER-01","",None,0,0,0,False,False,"",0,Arm
54.819999999997663,"TRAINER-01","",None,0,0,0,False,False,"",0,Arm
54.919999999997643,"TRAINER-01","",None,0,0,0,False,False,"",0,Arm
55.019999999997623,"TRAINER-01","",None,0,0,0,False,False,"",0,Arm
55.1199999999976,"TRAINER-01","",None,0,0,0,False,False,"",0,Arm
55.219999999997583,"TRAINER-01","",None,0,0,0,False,False,"",0,Arm
55.319999999997563,"TRAINER-01","",None,0,0,0,False,False,"",0,Arm
55.419999999997543,"TRAINER-01","",None,0,0,0,False,False,"",0,Arm
55.519999999997523,"TRAINER-01","",None,0,0,0,False,False,"",0,Arm
55.6199999999975,"TRAINER-01","",None,0,0,0,False,False,"",0,Arm
55.719999999997484,"TRAINER-01","",None,0,0,0,False,False,"",0,Arm
55.819999999997464,"TRAINER-01","",None,0,0,0,False,False,"",0,Arm
55.919999999997444,"TRAINER-01","",None,0,0,0,False,False,"",0,Arm
56.019999999997424,"TRAINER-01","",None,0,0,0,False,False,"",0,Arm
56.119999999997404,"TRAINER-01","",None,0,0,0,False,False,"",0,Arm
56.219999999997384,"TRAINER-01","",None,0,0,0,False,False,"",0,Arm
56.319999999997364,"TRAINER-01","",None,0,0,0,False,False,"",0,Arm
56.419999999997344,"TRAINER-01","",None,0,0,0,False,False,"",0,Arm
56.519999999997324,"TRAINER-01","",None,0,0,0,False,False,"",0,Arm
56.619999999997304,"TRAINER-01","",None,0,0,0,False,False,"",0,Arm
56.719999999997285,"TRAINER-01","",None,0,0,0,False,False,"",0,Arm
56.819999999997265,"TRAINER-01","",None,0,0,0,False,False,"",0,Arm
56.919999999997245,"TRAINER-01","",None,0,0,0,False,False,"",0,Arm
57.019999999997225,"TRAINER-01","",None,0,0,0,False,False,"",0,Arm
57.119999999997205,"TRAINER-01","",None,0,0,0,False,False,"",0,Arm
57.219999999997185,"TRAINER-01","",None,0,0,0,False,False,"",0,Arm
57.319999999997165,"TRAINER-01","",None,0,0,0,False,False,"",0,Arm
57.419999999997145,"TRAINER-01","",None,0,0,0,False,False,"",0,Arm
57.519999999997125,"TRAINER-01","",None,0,0,0,False,False,"",0,Arm
57.619999999997106,"TRAINER-01","",None,0,0,0,False,False,"",0,Arm
57.719999999997086,"TRAINER-01","",None,0,0,0,False,False,"",0,Arm
57.819999999997066,"TRAINER-01","",None,0,0,0,False,False,"",0,Arm
57.919999999997046,"TRAINER-01","",None,0,0,0,False,False,"",0,Arm
58.019999999997026,"TRAINER-01","",None,0,0,0,False,False,"",0,Arm
58.119999999997006,"TRAINER-01","",None,0,0,0,False,False,"",0,Arm
58.219999999996986,"TRAINER-01","",None,0,0,0,False,False,"",0,Arm
58.319999999996966,"TRAINER-01","",None,0,0,0,False,False,"",0,Arm
58.419999999996946,"TRAINER-01","",None,0,0,0,False,False,"",0,Arm
58.519999999996926,"TRAINER-01","",None,0,0,0,False,False,"",0,Arm
58.619999999996907,"TRAINER-01","",None,0,0,0,False,False,"",0,Arm
58.719999999996887,"TRAINER-01","",None,0,0,0,False,False,"",0,Arm
58.819999999996867,"TRAINER-01","",None,0,0,0,False,False,"",0,Arm
58.919999999996847,"TRAINER-01","",None,0,0,0,False,False,"",0,Arm
59.019999999996827,"TRAINER-01","",None,0,0,0,False,False,"",0,Arm
59.119999999996807,"TRAINER-01","",None,0,0,0,False,False,"",0,Arm
59.219999999996787,"TRAINER-01","",None,0,0,0,False,False,"",0,Arm
59.319999999996767,"TRAINER-01","",None,0,0,0,False,False,"",0,Arm
59.419999999996747,"TRAINER-01","",None,0,0,0,False,False,"",0,Arm
59.519999999996728,"TRAINER-01","",None,0,0,0,False,False,"",0,Arm
59.619999999996708,"TRAINER-01","",None,0,0,0,False,False,"",0,Arm
59.719999999996688,"TRAINER-01","",None,0,0,0,False,False,"",0,Arm
59.819999999996668,"TRAINER-01","",None,0,0,0,False,False,"",0,Arm
59.919999999996648,"TRAINER-01","",None,0,0,0,False,False,"",0,Arm
60.019999999996628,"TRAINER-01","",None,0,0,0,False,False,"",0,Arm
60.119999999996608,"TRAINER-01","",None,0,0,0,False,False,"",0,Arm
60.219999999996588,"TRAINER-01","",None,0,0,0,False,False,"",0,Arm
60.319999999996568,"TRAINER-01","",None,0,0,0,False,False,"",0,Arm
60.419999999996548,"TRAINER-01","",None,0,0,0,False,False,"",0,Arm
60.519999999996529,"TRAINER-01","",None,0,0,0,False,False,"",0,Arm
60.619999999996509,"TRAINER-01","",None,0,0,0,False,False,"",0,Arm
60.719999999996489,"TRAINER-01","",None,0,0,0,False,False,"",0,Arm
60.819999999996469,"TRAINER-01","",None,0,0,0,False,False,"",0,Arm
60.919999999996449,"TRAINER-01","",None,0,0,0,False,False,"",0,Arm
61.019999999996429,"TRAINER-01","",None,0,0,0,False,False,"",0,Arm
61.119999999996409,"TRAINER-01","",None,0,0,0,False,False,"",0,Arm
61.219999999996389,"TRAINER-01","",None,0,0,0,False,False,"",0,Arm
61.319999999996369,"TRAINER-01","",None,0,0,0,False,False,"",0,Arm
61.41999999999635,"TRAINER-01","",None,0,0,0,False,False,"",0,Arm
61.51999999999633,"TRAINER-01","",None,0,0,0,False,False,"",0,Arm
61.61999999999631,"TRAINER-01","",None,0,0,0,False,False,"",0,Arm
61.71999999999629,"TRAINER-01","",None,0,0,0,False,False,"",0,Arm
61.81999999999627,"TRAINER-01","",None,0,0,0,False,False,"",0,Arm
61.91999999999625,"TRAINER-01","",None,0,0,0,False,False,"",0,Arm
62.01999999999623,"TRAINER-01","",None,0,0,0,False,False,"",0,Arm
62.11999999999621,"TRAINER-01","",None,0,0,0,False,False,"",0,Arm
62.21999999999619,"TRAINER-01","",None,0,0,0,False,False,"",0,Arm
62.31999999999617,"TRAINER-01","",None,0,0,0,False,False,"",0,Arm
62.419999999996151,"TRAINER-01","",None,0,0,0,False,False,"",0,Arm
62.519999999996131,"TRAINER-01","",None,0,0,0,False,False,"",0,Arm
62.619999999996111,"TRAINER-01","",None,0,0,0,False,False,"",0,Arm
62.719999999996091,"TRAINER-01","",None,0,0,0,False,False,"",0,Arm
62.819999999996071,"TRAINER-01","",None,0,0,0,False,False,"",0,Arm
62.919999999996051,"TRAINER-01","",None,0,0,0,False,False,"",0,Arm
63.019999999996031,"TRAINER-01","",None,0,0,0,False,False,"",0,Arm
63.119999999996011,"TRAINER-01","",None,0,0,0,False,False,"",0,Arm
63.219999999995991,"TRAINER-01","",None,0,0,0,False,False,"",0,Arm
63.319999999995972,"TRAINER-01","",None,0,0,0,False,False,"",0,Arm
63.419999999995952,"TRAINER-01","",None,0,0,0,False,False,"",0,Arm
63.519999999995932,"TRAINER-01","",None,0,0,0,False,False,"",0,Arm
63.619999999995912,"TRAINER-01","",None,0,0,0,False,False,"",0,Arm
63.719999999995892,"TRAINER-01","",None,0,0,0,False,False,"",0,Arm
63.819999999995872,"TRAINER-01","",None,0,0,0,False,False,"",0,Arm
63.919999999995852,"TRAINER-01","",None,0,0,0,False,False,"",0,Arm
64.019999999995846,"TRAINER-01","",None,0,0,0,False,False,"",0,Arm
64.1199999999959,"TRAINER-01","",None,0,0,0,False,False,"",0,Arm
64.219999999995949,"TRAINER-01","",None,0,0,0,False,False,"",0,Arm
64.319999999996,"TRAINER-01","",None,0,0,0,False,False,"",0,Arm
64.419999999996051,"TRAINER-01","",None,0,0,0,False,False,"",0,Arm
64.5199999999961,"TRAINER-01","",None,0,0,0,False,False,"",0,Arm
64.619999999996153,"TRAINER-01","",None,0,0,0,False,False,"",0,Arm
64.7199999999962,"TRAINER-01","",None,0,0,0,False,False,"",0,Arm
64.819999999996256,"TRAINER-01","",None,0,0,0,False,False,"",0,Arm
64.9199999999963,"TRAINER-01","",None,0,0,0,False,False,"",0,Arm
65.019999999996358,"TRAINER-01","",None,0,0,0,False,False,"",0,Arm
65.119999999996409,"TRAINER-01","",None,0,0,0,False,False,"",0,Arm
65.21999999999646,"TRAINER-01","",None,0,0,0,False,False,"",0,Arm
65.319999999996512,"TRAINER-01","",None,0,0,0,False,False,"",0,Arm
65.419999999996563,"TRAINER-01","",None,0,0,0,False,False,"",0,Arm
65.519999999996614,"TRAINER-01","",None,0,0,0,False,False,"",0,Arm
65.619999999996665,"TRAINER-01","",None,0,0,0,False,False,"",0,Arm
65.719999999996716,"TRAINER-01","",None,0,0,0,False,False,"",0,Arm
65.819999999996767,"TRAINER-01","",None,0,0,0,False,False,"",0,Arm
65.919999999996818,"TRAINER-01","",None,0,0,0,False,False,"",0,Arm
66.01999999999687,"TRAINER-01","",None,0,0,0,False,False,"",0,Arm
66.119999999996921,"TRAINER-01","",None,0,0,0,False,False,"",0,Arm
66.219999999996972,"TRAINER-01","",None,0,0,0,False,False,"",0,Arm
66.319999999997023,"TRAINER-01","",None,0,0,0,False,False,"",0,Arm
66.419999999997074,"TRAINER-01","",None,0,0,0,False,False,"",0,Arm
66.519999999997125,"TRAINER-01","",None,0,0,0,False,False,"",0,Arm
66.619999999997177,"TRAINER-01","",None,0,0,0,False,False,"",0,Arm
66.719999999997228,"TRAINER-01","",None,0,0,0,False,False,"",0,Arm
66.819999999997279,"TRAINER-01","",None,0,0,0,False,False,"",0,Arm
66.91999999999733,"TRAINER-01","",None,0,0,0,False,False,"",0,Arm
67.019999999997381,"TRAINER-01","",None,0,0,0,False,False,"",0,Arm
67.119999999997432,"TRAINER-01","",None,0,0,0,False,False,"",0,Arm
67.219999999997484,"TRAINER-01","",None,0,0,0,False,False,"",0,Arm
67.319999999997535,"TRAINER-01","",None,0,0,0,False,False,"",0,Arm
67.419999999997586,"TRAINER-01","",None,0,0,0,False,False,"",0,Arm
67.519999999997637,"TRAINER-01","",None,0,0,0,False,False,"",0,Arm
67.619999999997688,"TRAINER-01","",None,0,0,0,False,False,"",0,Arm
67.719999999997739,"TRAINER-01","",None,0,0,0,False,False,"",0,Arm
67.81999999999779,"TRAINER-01","",None,0,0,0,False,False,"",0,Arm
67.919999999997842,"TRAINER-01","",None,0,0,0,False,False,"",0,Arm
68.019999999997893,"TRAINER-01","",None,0,0,0,False,False,"",0,Arm
68.119999999997944,"TRAINER-01","",None,0,0,0,False,False,"",0,Arm
68.219999999998,"TRAINER-01","",None,0,0,0,False,False,"",0,Arm
68.319999999998046,"TRAINER-01","",None,0,0,0,False,False,"",0,Arm
68.4199999999981,"TRAINER-01","",None,0,0,0,False,False,"",0,Arm
68.519999999998149,"TRAINER-01","",None,0,0,0,False,False,"",0,Arm
68.6199999999982,"TRAINER-01","",None,0,0,0,False,False,"",0,Arm
68.719999999998251,"TRAINER-01","",None,0,0,0,False,False,"",0,Arm
68.8199999999983,"TRAINER-01","",None,0,0,0,False,False,"",0,Arm
68.919999999998353,"TRAINER-01","",None,0,0,0,False,False,"",0,Arm
69.0199999999984,"TRAINER-01","",None,0,0,0,False,False,"",0,Arm
69.119999999998456,"TRAINER-01","",None,0,0,0,False,False,"",0,Arm
69.2199999999985,"TRAINER-01","",None,0,0,0,False,False,"",0,Arm
69.319999999998558,"TRAINER-01","",None,0,0,0,False,False,"",0,Arm
69.419999999998609,"TRAINER-01","",None,0,0,0,False,False,"",0,Arm
69.51999999999866,"TRAINER-01","",None,0,0,0,False,False,"",0,Arm
69.619999999998711,"TRAINER-01","",None,0,0,0,False,False,"",0,Arm
69.719999999998763,"TRAINER-01","",None,0,0,0,False,False,"",0,Arm
69.819999999998814,"TRAINER-01","",None,0,0,0,False,False,"",0,Arm
69.919999999998865,"TRAINER-01","",None,0,0,0,False,False,"",0,Arm
70.019999999998916,"TRAINER-01","",None,0,0,0,False,False,"",0,Arm
70.119999999998967,"TRAINER-01","",None,0,0,0,False,False,"",0,Arm
70.219999999999018,"TRAINER-01","",None,0,0,0,False,False,"",0,Arm
70.319999999999069,"TRAINER-01","",None,0,0,0,False,False,"",0,Arm
70.419999999999121,"TRAINER-01","",None,0,0,0,False,False,"",0,Arm
70.519999999999172,"TRAINER-01","",None,0,0,0,False,False,"",0,Arm
70.619999999999223,"TRAINER-01","",None,0,0,0,False,False,"",0,Arm
70.719999999999274,"TRAINER-01","",None,0,0,0,False,False,"",0,Arm
70.819999999999325,"TRAINER-01","",None,0,0,0,False,False,"",0,Arm
70.919999999999376,"TRAINER-01","",None,0,0,0,False,False,"",0,Arm
71.019999999999428,"TRAINER-01","",None,0,0,0,False,False,"",0,Arm
71.119999999999479,"TRAINER-01","",None,0,0,0,False,False,"",0,Arm
71.21999999999953,"TRAINER-01","",None,0,0,0,False,False,"",0,Arm
71.319999999999581,"TRAINER-01","",None,0,0,0,False,False,"",0,Arm
71.419999999999632,"TRAINER-01","",None,0,0,0,False,False,"",0,Arm
71.519999999999683,"TRAINER-01","",None,0,0,0,False,False,"",0,Arm
71.619999999999735,"TRAINER-01","",None,0,0,0,False,False,"",0,Arm
71.719999999999786,"TRAINER-01","",None,0,0,0,False,False,"",0,Arm
71.819999999999837,"TRAINER-01","",None,0,0,0,False,False,"",0,Arm
71.919999999999888,"TRAINER-01","",None,0,0,0,False,False,"",0,Arm
72.019999999999939,"TRAINER-01","",None,0,0,0,False,False,"",0,Arm
72.11999999999999,"TRAINER-01","",None,0,0,0,False,False,"",0,Arm
72.220000000000041,"TRAINER-01","",None,0,0,0,False,False,"",0,Arm
72.320000000000093,"TRAINER-01","",None,0,0,0,False,False,"",0,Arm
72.420000000000144,"TRAINER-01","",None,0,0,0,False,False,"",0,Arm
72.5200000000002,"TRAINER-01","",None,0,0,0,False,False,"",0,Arm
72.620000000000246,"TRAINER-01","",None,0,0,0,False,False,"",0,Arm
72.7200000000003,"TRAINER-01","",None,0,0,0,False,False,"",0,Arm
72.820000000000348,"TRAINER-01","",None,0,0,0,False,False,"",0,Arm
72.9200000000004,"TRAINER-01","",None,0,0,0,False,False,"",0,Arm
73.020000000000451,"TRAINER-01","",None,0,0,0,False,False,"",0,Arm
73.1200000000005,"TRAINER-01","",None,0,0,0,False,False,"",0,Arm
73.220000000000553,"TRAINER-01","",None,0,0,0,False,False,"",0,Arm
73.3200000000006,"TRAINER-01","",None,0,0,0,False,False,"",0,Arm
73.420000000000655,"TRAINER-01","",None,0,0,0,False,False,"",0,Arm
73.5200000000007,"TRAINER-01","",None,0,0,0,False,False,"",0,Arm
73.620000000000758,"TRAINER-01","",None,0,0,0,False,False,"",0,Arm
73.720000000000809,"TRAINER-01","",None,0,0,0,False,False,"",0,Arm
73.82000000000086,"TRAINER-01","",None,0,0,0,False,False,"",0,Arm
73.920000000000911,"TRAINER-01","",None,0,0,0,False,False,"",0,Arm
74.020000000000962,"TRAINER-01","",None,0,0,0,False,False,"",0,Arm
74.120000000001014,"TRAINER-01","",None,0,0,0,False,False,"",0,Arm
74.220000000001065,"TRAINER-01","",None,0,0,0,False,False,"",0,Arm
74.320000000001116,"TRAINER-01","",None,0,0,0,False,False,"",0,Arm
74.420000000001167,"TRAINER-01","",None,0,0,0,False,False,"",0,Arm
74.520000000001218,"TRAINER-01","",None,0,0,0,False,False,"",0,Arm
74.620000000001269,"TRAINER-01","",None,0,0,0,False,False,"",0,Arm
74.72000000000132,"TRAINER-01","",None,0,0,0,False,False,"",0,Arm
74.820000000001372,"TRAINER-01","",None,0,0,0,False,False,"",0,Arm
74.920000000001423,"TRAINER-01","",None,0,0,0,False,False,"",0,Arm
75.020000000001474,"TRAINER-01","",None,0,0,0,False,False,"",0,Arm
75.120000000001525,"TRAINER-01","",None,0,0,0,False,False,"",0,Arm
75.220000000001576,"TRAINER-01","",None,0,0,0,False,False,"",0,Arm
75.320000000001627,"TRAINER-01","",None,0,0,0,False,False,"",0,Arm
75.420000000001679,"TRAINER-01","",None,0,0,0,False,False,"",0,Arm
75.52000000000173,"TRAINER-01","",None,0,0,0,False,False,"",0,Arm
75.620000000001781,"TRAINER-01","",None,0,0,0,False,False,"",0,Arm
75.720000000001832,"TRAINER-01","",None,0,0,0,False,False,"",0,Arm
75.820000000001883,"TRAINER-01","",None,0,0,0,False,False,"",0,Arm
75.920000000001934,"TRAINER-01","",None,0,0,0,False,False,"",0,Arm
76.020000000001986,"TRAINER-01","",None,0,0,0,False,False,"",0,Arm
76.120000000002037,"TRAINER-01","",None,0,0,0,False,False,"",0,Arm
76.220000000002088,"TRAINER-01","",None,0,0,0,False,False,"",0,Arm
76.320000000002139,"TRAINER-01","",None,0,0,0,False,False,"",0,Arm
76.42000000000219,"TRAINER-01","",None,0,0,0,False,False,"",0,Arm
76.520000000002241,"TRAINER-01","",None,0,0,0,False,False,"",0,Arm
76.620000000002292,"TRAINER-01","",None,0,0,0,False,False,"",0,Arm
76.720000000002344,"TRAINER-01","",None,0,0,0,False,False,"",0,Arm
76.8200000000024,"TRAINER-01","",None,0,0,0,False,False,"",0,Arm
76.920000000002446,"TRAINER-01","",None,0,0,0,False,False,"",0,Arm
77.0200000000025,"TRAINER-01","",None,0,0,0,False,False,"",0,Arm
77.120000000002548,"TRAINER-01","",None,0,0,0,False,False,"",0,Arm
77.2200000000026,"TRAINER-01","",None,0,0,0,False,False,"",0,Arm
77.320000000002651,"TRAINER-01","",None,0,0,0,False,False,"",0,Arm
77.4200000000027,"TRAINER-01","",None,0,0,0,False,False,"",0,Arm
77.520000000002753,"TRAINER-01","",None,0,0,0,False,False,"",0,Arm
77.6200000000028,"TRAINER-01","",None,0,0,0,False,False,"",0,Arm
77.720000000002855,"TRAINER-01","",None,0,0,0,False,False,"",0,Arm
77.8200000000029,"TRAINER-01","",None,0,0,0,False,False,"",0,Arm
77.920000000002958,"TRAINER-01","",None,0,0,0,False,False,"",0,Arm
78.020000000003009,"TRAINER-01","",None,0,0,0,False,False,"",0,Arm
78.12000000000306,"TRAINER-01","",None,0,0,0,False,False,"",0,Arm
78.220000000003111,"TRAINER-01","",None,0,0,0,False,False,"",0,Arm
78.320000000003162,"TRAINER-01","",None,0,0,0,False,False,"",0,Arm
78.420000000003213,"TRAINER-01","",None,0,0,0,False,False,"",0,Arm
78.520000000003265,"TRAINER-01","",None,0,0,0,False,False,"",0,Arm
78.620000000003316,"TRAINER-01","",None,0,0,0,False,False,"",0,Arm
78.720000000003367,"TRAINER-01","",None,0,0,0,False,False,"",0,Arm
78.820000000003418,"TRAINER-01","",None,0,0,0,False,False,"",0,Arm
78.920000000003469,"TRAINER-01","",None,0,0,0,False,False,"",0,Arm
79.02000000000352,"TRAINER-01","",None,0,0,0,False,False,"",0,Arm
79.120000000003571,"TRAINER-01","",None,0,0,0,False,False,"",0,Arm
79.220000000003623,"TRAINER-01","",None,0,0,0,False,False,"",0,Arm
79.320000000003674,"TRAINER-01","",None,0,0,0,False,False,"",0,Arm
79.420000000003725,"TRAINER-01","",None,0,0,0,False,False,"",0,Arm
79.520000000003776,"TRAINER-01","",None,0,0,0,False,False,"",0,Arm
79.620000000003827,"TRAINER-01","",None,0,0,0,False,False,"",0,Arm
79.720000000003878,"TRAINER-01","",None,0,0,0,False,False,"",0,Arm
79.82000000000393,"TRAINER-01","",None,0,0,0,False,False,"",0,Arm
79.920000000003981,"TRAINER-01","",None,0,0,0,False,False,"",0,Arm
80.020000000004032,"TRAINER-01","",None,0,0,0,False,False,"",0,Arm
80.120000000004083,"TRAINER-01","",None,0,0,0,False,False,"",0,Arm
80.220000000004134,"TRAINER-01","",None,0,0,0,False,False,"",0,Arm
80.320000000004185,"TRAINER-01","",None,0,0,0,False,False,"",0,Arm
80.420000000004237,"TRAINER-01","",None,0,0,0,False,False,"",0,Arm
80.520000000004288,"TRAINER-01","",None,0,0,0,False,False,"",0,Arm
80.620000000004339,"TRAINER-01","",None,0,0,0,False,False,"",0,Arm
80.72000000000439,"TRAINER-01","",None,0,0,0,False,False,"",0,Arm
80.820000000004441,"TRAINER-01","",None,0,0,0,False,False,"",0,Arm
80.920000000004492,"TRAINER-01","",None,0,0,0,False,False,"",0,Arm
81.020000000004543,"TRAINER-01","",None,0,0,0,False,False,"",0,Arm
81.1200000000046,"TRAINER-01","",None,0,0,0,False,False,"",0,Arm
81.220000000004646,"TRAINER-01","",None,0,0,0,False,False,"",0,Arm
81.3200000000047,"TRAINER-01","",None,0,0,0,False,False,"",0,Arm
81.420000000004748,"TRAINER-01","",None,0,0,0,False,False,"",0,Arm
81.5200000000048,"TRAINER-01","",None,0,0,0,False,False,"",0,Arm
81.62000000000485,"TRAINER-01","",None,0,0,0,False,False,"",0,Arm
81.7200000000049,"TRAINER-01","",None,0,0,0,False,False,"",0,Arm
81.820000000004953,"TRAINER-01","",None,0,0,0,False,False,"",0,Arm
81.920000000005,"TRAINER-01","",None,0,0,0,False,False,"",0,Arm
82.020000000005055,"TRAINER-01","",None,0,0,0,False,False,"",0,Arm
82.1200000000051,"TRAINER-01","",None,0,0,0,False,False,"",0,Arm
82.220000000005157,"TRAINER-01","",None,0,0,0,False,False,"",0,Arm
82.320000000005209,"TRAINER-01","",None,0,0,0,False,False,"",0,Arm
82.42000000000526,"TRAINER-01","",None,0,0,0,False,False,"",0,Arm
82.520000000005311,"TRAINER-01","",None,0,0,0,False,False,"",0,Arm
82.620000000005362,"TRAINER-01","",None,0,0,0,False,False,"",0,Arm
82.720000000005413,"TRAINER-01","",None,0,0,0,False,False,"",0,Arm
82.820000000005464,"TRAINER-01","",None,0,0,0,False,False,"",0,Arm
82.920000000005516,"TRAINER-01","",None,0,0,0,False,False,"",0,Arm
83.020000000005567,"TRAINER-01","",None,0,0,0,False,False,"",0,Arm
83.120000000005618,"TRAINER-01","",None,0,0,0,False,False,"",0,Arm
83.220000000005669,"TRAINER-01","",None,0,0,0,False,False,"",0,Arm
83.32000000000572,"TRAINER-01","",None,0,0,0,False,False,"",0,Arm
83.420000000005771,"TRAINER-01","",None,0,0,0,False,False,"",0,Arm
83.520000000005822,"TRAINER-01","",None,0,0,0,False,False,"",0,Arm
83.620000000005874,"TRAINER-01","",None,0,0,0,False,False,"",0,Arm
83.720000000005925,"TRAINER-01","",None,0,0,0,False,False,"",0,Arm
83.820000000005976,"TRAINER-01","",None,0,0,0,False,False,"",0,Arm
83.920000000006027,"TRAINER-01","",None,0,0,0,False,False,"",0,Arm
84.020000000006078,"TRAINER-01","",None,0,0,0,False,False,"",0,Arm
84.120000000006129,"TRAINER-01","",None,0,0,0,False,False,"",0,Arm
84.220000000006181,"TRAINER-01","",None,0,0,0,False,False,"",0,Arm
84.320000000006232,"TRAINER-01","",None,0,0,0,False,False,"",0,Arm
84.420000000006283,"TRAINER-01","",None,0,0,0,False,False,"",0,Arm
84.520000000006334,"TRAINER-01","",None,0,0,0,False,False,"",0,Arm
84.620000000006385,"TRAINER-01","",None,0,0,0,False,False,"",0,Arm
84.720000000006436,"TRAINER-01","",None,0,0,0,False,False,"",0,Arm
84.820000000006488,"TRAINER-01","",None,0,0,0,False,False,"",0,Arm
84.920000000006539,"TRAINER-01","",None,0,0,0,False,False,"",0,Arm
85.02000000000659,"TRAINER-01","",None,0,0,0,False,False,"",0,Arm
85.120000000006641,"TRAINER-01","",None,0,0,0,False,False,"",0,Arm
85.220000000006692,"TRAINER-01","",None,0,0,0,False,False,"",0,Arm
85.320000000006743,"TRAINER-01","",None,0,0,0,False,False,"",0,Arm
85.4200000000068,"TRAINER-01","",None,0,0,0,False,False,"",0,Arm
85.520000000006846,"TRAINER-01","",None,0,0,0,False,False,"",0,Arm
85.6200000000069,"TRAINER-01","",None,0,0,0,False,False,"",0,Arm
85.720000000006948,"TRAINER-01","",None,0,0,0,False,False,"",0,Arm
85.820000000007,"TRAINER-01","",None,0,0,0,False,False,"",0,Arm
85.92000000000705,"TRAINER-01","",None,0,0,0,False,False,"",0,Arm
86.0200000000071,"TRAINER-01","",None,0,0,0,False,False,"",0,Arm
86.120000000007153,"TRAINER-01","",None,0,0,0,False,False,"",0,Arm
86.2200000000072,"TRAINER-01","",None,0,0,0,False,False,"",0,Arm
86.320000000007255,"TRAINER-01","",None,0,0,0,False,False,"",0,Arm
86.4200000000073,"TRAINER-01","",None,0,0,0,False,False,"",0,Arm
86.520000000007357,"TRAINER-01","",None,0,0,0,False,False,"",0,Arm
86.620000000007408,"TRAINER-01","",None,0,0,0,False,False,"",0,Arm
86.72000000000746,"TRAINER-01","",None,0,0,0,False,False,"",0,Arm
86.820000000007511,"TRAINER-01","",None,0,0,0,False,False,"",0,Arm
86.920000000007562,"TRAINER-01","",None,0,0,0,False,False,"",0,Arm
87.020000000007613,"TRAINER-01","",None,0,0,0,False,False,"",0,Arm
87.120000000007664,"TRAINER-01","",None,0,0,0,False,False,"",0,Arm
87.220000000007715,"TRAINER-01","",None,0,0,0,False,False,"",0,Arm
87.320000000007767,"TRAINER-01","",None,0,0,0,False,False,"",0,Arm
87.420000000007818,"TRAINER-01","",None,0,0,0,False,False,"",0,Arm
87.520000000007869,"TRAINER-01","",None,0,0,0,False,False,"",0,Arm
87.62000000000792,"TRAINER-01","",None,0,0,0,False,False,"",0,Arm
87.720000000007971,"TRAINER-01","",None,0,0,0,False,False,"",0,Arm
87.820000000008022,"TRAINER-01","",None,0,0,0,False,False,"",0,Arm
87.920000000008073,"TRAINER-01","",None,0,0,0,False,False,"",0,Arm
88.020000000008125,"TRAINER-01","",None,0,0,0,False,False,"",0,Arm
88.120000000008176,"TRAINER-01","",None,0,0,0,False,False,"",0,Arm
88.220000000008227,"TRAINER-01","",None,0,0,0,False,False,"",0,Arm
88.320000000008278,"TRAINER-01","",None,0,0,0,False,False,"",0,Arm
88.420000000008329,"TRAINER-01","",None,0,0,0,False,False,"",0,Arm
88.52000000000838,"TRAINER-01","",None,0,0,0,False,False,"",0,Arm
88.620000000008432,"TRAINER-01","",None,0,0,0,False,False,"",0,Arm
88.720000000008483,"TRAINER-01","",None,0,0,0,False,False,"",0,Arm
88.820000000008534,"TRAINER-01","",None,0,0,0,False,False,"",0,Arm
88.920000000008585,"TRAINER-01","",None,0,0,0,False,False,"",0,Arm
89.020000000008636,"TRAINER-01","",None,0,0,0,False,False,"",0,Arm
89.120000000008687,"TRAINER-01","",None,0,0,0,False,False,"",0,Arm
89.220000000008739,"TRAINER-01","",None,0,0,0,False,False,"",0,Arm
89.32000000000879,"TRAINER-01","",None,0,0,0,False,False,"",0,Arm
89.420000000008841,"TRAINER-01","",None,0,0,0,False,False,"",0,Arm
89.520000000008892,"TRAINER-01","",None,0,0,0,False,False,"",0,Arm
89.620000000008943,"TRAINER-01","",None,0,0,0,False,False,"",0,Arm
89.720000000009,"TRAINER-01","",None,0,0,0,False,False,"",0,Arm
89.820000000009045,"TRAINER-01","",None,0,0,0,False,False,"",0,Arm
89.9200000000091,"TRAINER-01","",None,0,0,0,False,False,"",0,Arm
90.020000000009148,"TRAINER-01","",None,0,0,0,False,False,"",0,Arm
90.1200000000092,"TRAINER-01","",None,0,0,0,False,False,"",0,Arm
90.22000000000925,"TRAINER-01","",None,0,0,0,False,False,"",0,Arm
90.3200000000093,"TRAINER-01","",None,0,0,0,False,False,"",0,Arm
90.420000000009352,"TRAINER-01","",None,0,0,0,False,False,"",0,Arm
90.5200000000094,"TRAINER-01","",None,0,0,0,False,False,"",0,Arm
90.620000000009455,"TRAINER-01","",None,0,0,0,False,False,"",0,Arm
90.7200000000095,"TRAINER-01","",None,0,0,0,False,False,"",0,Arm
90.820000000009557,"TRAINER-01","",None,0,0,0,False,False,"",0,Arm
90.920000000009608,"TRAINER-01","",None,0,0,0,False,False,"",0,Arm
91.020000000009659,"TRAINER-01","",None,0,0,0,False,False,"",0,Arm
91.120000000009711,"TRAINER-01","",None,0,0,0,False,False,"",0,Arm
91.220000000009762,"TRAINER-01","",None,0,0,0,False,False,"",0,Arm
91.320000000009813,"TRAINER-01","",None,0,0,0,False,False,"",0,Arm
91.420000000009864,"TRAINER-01","",None,0,0,0,False,False,"",0,Arm
91.520000000009915,"TRAINER-01","",None,0,0,0,False,False,"",0,Arm
91.620000000009966,"TRAINER-01","",None,0,0,0,False,False,"",0,Arm
91.720000000010018,"TRAINER-01","",None,0,0,0,False,False,"",0,Arm
91.820000000010069,"TRAINER-01","",None,0,0,0,False,False,"",0,Arm
91.92000000001012,"TRAINER-01","",None,0,0,0,False,False,"",0,Arm
92.020000000010171,"TRAINER-01","",None,0,0,0,False,False,"",0,Arm
92.120000000010222,"TRAINER-01","",None,0,0,0,False,False,"",0,Arm
92.220000000010273,"TRAINER-01","",None,0,0,0,False,False,"",0,Arm
92.320000000010324,"TRAINER-01","",None,0,0,0,False,False,"",0,Arm
92.420000000010376,"TRAINER-01","",None,0,0,0,False,False,"",0,Arm
92.520000000010427,"TRAINER-01","",None,0,0,0,False,False,"",0,Arm
92.620000000010478,"TRAINER-01","",None,0,0,0,False,False,"",0,Arm
92.720000000010529,"TRAINER-01","",None,0,0,0,False,False,"",0,Arm
92.82000000001058,"TRAINER-01","",None,0,0,0,False,False,"",0,Arm
92.920000000010631,"TRAINER-01","",None,0,0,0,False,False,"",0,Arm
93.020000000010683,"TRAINER-01","",None,0,0,0,False,False,"",0,Arm
93.120000000010734,"TRAINER-01","",None,0,0,0,False,False,"",0,Arm
93.220000000010785,"TRAINER-01","",None,0,0,0,False,False,"",0,Arm
93.320000000010836,"TRAINER-01","",None,0,0,0,False,False,"",0,Arm
93.420000000010887,"TRAINER-01","",None,0,0,0,False,False,"",0,Arm
93.520000000010938,"TRAINER-01","",None,0,0,0,False,False,"",0,Arm
93.62000000001099,"TRAINER-01","",None,0,0,0,False,False,"",0,Arm
93.720000000011041,"TRAINER-01","",None,0,0,0,False,False,"",0,Arm
93.820000000011092,"TRAINER-01","",None,0,0,0,False,False,"",0,Arm
93.920000000011143,"TRAINER-01","",None,0,0,0,False,False,"",0,Arm
94.0200000000112,"TRAINER-01","",None,0,0,0,False,False,"",0,Arm
94.120000000011245,"TRAINER-01","",None,0,0,0,False,False,"",0,Arm
94.2200000000113,"TRAINER-01","",None,0,0,0,False,False,"",0,Arm
94.320000000011348,"TRAINER-01","",None,0,0,0,False,False,"",0,Arm
94.4200000000114,"TRAINER-01","",None,0,0,0,False,False,"",0,Arm
94.52000000001145,"TRAINER-01","",None,0,0,0,False,False,"",0,Arm
94.6200000000115,"TRAINER-01","",None,0,0,0,False,False,"",0,Arm
94.720000000011552,"TRAINER-01","",None,0,0,0,False,False,"",0,Arm
94.8200000000116,"TRAINER-01","",None,0,0,0,False,False,"",0,Arm
94.920000000011655,"TRAINER-01","",None,0,0,0,False,False,"",0,Arm
95.0200000000117,"TRAINER-01","",None,0,0,0,False,False,"",0,Arm
95.120000000011757,"TRAINER-01","",None,0,0,0,False,False,"",0,Arm
95.220000000011808,"TRAINER-01","",None,0,0,0,False,False,"",0,Arm
95.320000000011859,"TRAINER-01","",None,0,0,0,False,False,"",0,Arm
95.42000000001191,"TRAINER-01","",None,0,0,0,False,False,"",0,Arm
95.520000000011962,"TRAINER-01","",None,0,0,0,False,False,"",0,Arm
95.620000000012013,"TRAINER-01","",None,0,0,0,False,False,"",0,Arm
95.720000000012064,"TRAINER-01","",None,0,0,0,False,False,"",0,Arm
95.820000000012115,"TRAINER-01","",None,0,0,0,False,False,"",0,Arm
95.920000000012166,"TRAINER-01","",None,0,0,0,False,False,"",0,Arm
96.020000000012217,"TRAINER-01","",None,0,0,0,False,False,"",0,Arm
96.120000000012269,"TRAINER-01","",None,0,0,0,False,False,"",0,Arm
96.22000000001232,"TRAINER-01","",None,0,0,0,False,False,"",0,Arm
96.320000000012371,"TRAINER-01","",None,0,0,0,False,False,"",0,Arm
96.420000000012422,"TRAINER-01","",None,0,0,0,False,False,"",0,Arm
96.520000000012473,"TRAINER-01","",None,0,0,0,False,False,"",0,Arm
96.620000000012524,"TRAINER-01","",None,0,0,0,False,False,"",0,Arm
96.720000000012575,"TRAINER-01","",None,0,0,0,False,False,"",0,Arm
96.820000000012627,"TRAINER-01","",None,0,0,0,False,False,"",0,Arm
96.920000000012678,"TRAINER-01","",None,0,0,0,False,False,"",0,Arm
97.020000000012729,"TRAINER-01","",None,0,0,0,False,False,"",0,Arm
97.12000000001278,"TRAINER-01","",None,0,0,0,False,False,"",0,Arm
97.220000000012831,"TRAINER-01","",None,0,0,0,False,False,"",0,Arm
97.320000000012882,"TRAINER-01","",None,0,0,0,False,False,"",0,Arm
97.420000000012934,"TRAINER-01","",None,0,0,0,False,False,"",0,Arm
97.520000000012985,"TRAINER-01","",None,0,0,0,False,False,"",0,Arm
97.620000000013036,"TRAINER-01","",None,0,0,0,False,False,"",0,Arm
97.720000000013087,"TRAINER-01","",None,0,0,0,False,False,"",0,Arm
97.820000000013138,"TRAINER-01","",None,0,0,0,False,False,"",0,Arm
97.920000000013189,"TRAINER-01","",None,0,0,0,False,False,"",0,Arm
98.020000000013241,"TRAINER-01","",None,0,0,0,False,False,"",0,Arm
98.120000000013292,"TRAINER-01","",None,0,0,0,False,False,"",0,Arm
98.220000000013343,"TRAINER-01","",None,0,0,0,False,False,"",0,Arm
98.3200000000134,"TRAINER-01","",None,0,0,0,False,False,"",0,Arm
98.420000000013445,"TRAINER-01","",None,0,0,0,False,False,"",0,Arm
98.5200000000135,"TRAINER-01","",None,0,0,0,False,False,"",0,Arm
98.620000000013547,"TRAINER-01","",None,0,0,0,False,False,"",0,Arm
98.7200000000136,"TRAINER-01","",None,0,0,0,False,False,"",0,Arm
98.82000000001365,"TRAINER-01","",None,0,0,0,False,False,"",0,Arm
98.9200000000137,"TRAINER-01","",None,0,0,0,False,False,"",0,Arm
99.020000000013752,"TRAINER-01","",None,0,0,0,False,False,"",0,Arm
99.1200000000138,"TRAINER-01","",None,0,0,0,False,False,"",0,Arm
99.220000000013854,"TRAINER-01","",None,0,0,0,False,False,"",0,Arm
99.3200000000139,"TRAINER-01","",None,0,0,0,False,False,"",0,Arm
99.420000000013957,"TRAINER-01","",None,0,0,0,False,False,"",0,Arm
99.520000000014008,"TRAINER-01","",None,0,0,0,False,False,"",0,Arm
99.620000000014059,"TRAINER-01","",None,0,0,0,False,False,"",0,Arm
99.72000000001411,"TRAINER-01","",None,0,0,0,False,False,"",0,Arm
99.820000000014161,"TRAINER-01","",None,0,0,0,False,False,"",0,Arm
99.920000000014213,"TRAINER-01","",None,0,0,0,False,False,"",0,Arm
100.02000000001426,"TRAINER-01","",None,0,0,0,False,False,"",0,Arm
100.12000000001431,"TRAINER-01","",None,0,0,0,False,False,"",0,Arm
100.22000000001437,"TRAINER-01","",None,0,0,0,False,False,"",0,Arm
100.32000000001442,"TRAINER-01","",None,0,0,0,False,False,"",0,Arm
100.42000000001447,"TRAINER-01","",None,0,0,0,False,False,"",0,Arm
100.52000000001452,"TRAINER-01","",None,0,0,0,False,False,"",0,Arm
100.62000000001457,"TRAINER-01","",None,0,0,0,False,False,"",0,Arm
100.72000000001462,"TRAINER-01","",None,0,0,0,False,False,"",0,Arm
100.82000000001467,"TRAINER-01","",None,0,0,0,False,False,"",0,Arm
100.92000000001472,"TRAINER-01","",None,0,0,0,False,False,"",0,Arm
101.02000000001478,"TRAINER-01","",None,0,0,0,False,False,"",0,Arm
101.12000000001483,"TRAINER-01","",None,0,0,0,False,False,"",0,Arm
101.22000000001488,"TRAINER-01","",None,0,0,0,False,False,"",0,Arm
101.32000000001493,"TRAINER-01","",None,0,0,0,False,False,"",0,Arm
101.42000000001498,"TRAINER-01","",None,0,0,0,False,False,"",0,Arm
101.52000000001503,"TRAINER-01","",None,0,0,0,False,False,"",0,Arm
101.62000000001508,"TRAINER-01","",None,0,0,0,False,False,"",0,Arm
101.72000000001513,"TRAINER-01","",None,0,0,0,False,False,"",0,Arm
101.82000000001518,"TRAINER-01","",None,0,0,0,False,False,"",0,Arm
101.92000000001524,"TRAINER-01","",None,0,0,0,False,False,"",0,Arm
102.02000000001529,"TRAINER-01","",None,0,0,0,False,False,"",0,Arm
102.12000000001534,"TRAINER-01","",None,0,0,0,False,False,"",0,Arm
102.22000000001539,"TRAINER-01","",None,0,0,0,False,False,"",0,Arm
102.32000000001544,"TRAINER-01","",None,0,0,0,False,False,"",0,Arm
102.42000000001549,"TRAINER-01","",None,0,0,0,False,False,"",0,Arm
102.52000000001554,"TRAINER-01","",None,0,0,0,False,False,"",0,Arm
102.62000000001559,"TRAINER-01","",None,0,0,0,False,False,"",0,Arm
102.72000000001565,"TRAINER-01","",None,0,0,0,False,False,"",0,Arm
102.8200000000157,"TRAINER-01","",None,0,0,0,False,False,"",0,Arm
102.92000000001575,"TRAINER-01","",None,0,0,0,False,False,"",0,Arm
103.0200000000158,"TRAINER-01","",None,0,0,0,False,False,"",0,Arm
103.12000000001585,"TRAINER-01","",None,0,0,0,False,False,"",0,Arm
103.2200000000159,"TRAINER-01","",None,0,0,0,False,False,"",0,Arm
103.32000000001595,"TRAINER-01","",None,0,0,0,False,False,"",0,Arm
103.420000000016,"TRAINER-01","",None,0,0,0,False,False,"",0,Arm
103.52000000001605,"TRAINER-01","",None,0,0,0,False,False,"",0,Arm
103.62000000001611,"TRAINER-01","",None,0,0,0,False,False,"",0,Arm
103.72000000001616,"TRAINER-01","",None,0,0,0,False,False,"",0,Arm
103.82000000001621,"TRAINER-01","",None,0,0,0,False,False,"",0,Arm
103.92000000001626,"TRAINER-01","",None,0,0,0,False,False,"",0,Arm
104.02000000001631,"TRAINER-01","",None,0,0,0,False,False,"",0,Arm
104.12000000001636,"TRAINER-01","",None,0,0,0,False,False,"",0,Arm
104.22000000001641,"TRAINER-01","",None,0,0,0,False,False,"",0,Arm
104.32000000001646,"TRAINER-01","",None,0,0,0,False,False,"",0,Arm
104.42000000001651,"TRAINER-01","",None,0,0,0,False,False,"",0,Arm
104.52000000001657,"TRAINER-01","",None,0,0,0,False,False,"",0,Arm
104.62000000001662,"TRAINER-01","",None,0,0,0,False,False,"",0,Arm
104.72000000001667,"TRAINER-01","",None,0,0,0,False,False,"",0,Arm
104.82000000001672,"TRAINER-01","",None,0,0,0,False,False,"",0,Arm
104.92000000001677,"TRAINER-01","",None,0,0,0,False,False,"",0,Arm
105.02000000001682,"TRAINER-01","",None,0,0,0,False,False,"",0,Arm
105.12000000001687,"TRAINER-01","",None,0,0,0,False,False,"",0,Arm
105.22000000001692,"TRAINER-01","",None,0,0,0,False,False,"",0,Arm
105.32000000001698,"TRAINER-01","",None,0,0,0,False,False,"",0,Arm
105.42000000001703,"TRAINER-01","",None,0,0,0,False,False,"",0,Arm
105.52000000001708,"TRAINER-01","",None,0,0,0,False,False,"",0,Arm
105.62000000001713,"TRAINER-01","",None,0,0,0,False,False,"",0,Arm
105.72000000001718,"TRAINER-01","",None,0,0,0,False,False,"",0,Arm
105.82000000001723,"TRAINER-01","",None,0,0,0,False,False,"",0,Arm
105.92000000001728,"TRAINER-01","",None,0,0,0,False,False,"",0,Arm
106.02000000001733,"TRAINER-01","",None,0,0,0,False,False,"",0,Arm
106.12000000001738,"TRAINER-01","",None,0,0,0,False,False,"",0,Arm
106.22000000001744,"TRAINER-01","",None,0,0,0,False,False,"",0,Arm
106.32000000001749,"TRAINER-01","",None,0,0,0,False,False,"",0,Arm
106.42000000001754,"TRAINER-01","",None,0,0,0,False,False,"",0,Arm
106.52000000001759,"TRAINER-01","",None,0,0,0,False,False,"",0,Arm
106.62000000001764,"TRAINER-01","",None,0,0,0,False,False,"",0,Arm
106.72000000001769,"TRAINER-01","",None,0,0,0,False,False,"",0,Arm
106.82000000001774,"TRAINER-01","",None,0,0,0,False,False,"",0,Arm
106.92000000001779,"TRAINER-01","",None,0,0,0,False,False,"",0,Arm
107.02000000001784,"TRAINER-01","",None,0,0,0,False,False,"",0,Arm
107.1200000000179,"TRAINER-01","",None,0,0,0,False,False,"",0,Arm
107.22000000001795,"TRAINER-01","",None,0,0,0,False,False,"",0,Arm
107.320000000018,"TRAINER-01","",None,0,0,0,False,False,"",0,Arm
107.42000000001805,"TRAINER-01","",None,0,0,0,False,False,"",0,Arm
107.5200000000181,"TRAINER-01","",None,0,0,0,False,False,"",0,Arm
107.62000000001815,"TRAINER-01","",None,0,0,0,False,False,"",0,Arm
107.7200000000182,"TRAINER-01","",None,0,0,0,False,False,"",0,Arm
107.82000000001825,"TRAINER-01","",None,0,0,0,False,False,"",0,Arm
107.92000000001831,"TRAINER-01","",None,0,0,0,False,False,"",0,Arm
108.02000000001836,"TRAINER-01","",None,0,0,0,False,False,"",0,Arm
108.12000000001841,"TRAINER-01","",None,0,0,0,False,False,"",0,Arm
108.22000000001846,"TRAINER-01","",None,0,0,0,False,False,"",0,Arm
108.32000000001851,"TRAINER-01","",None,0,0,0,False,False,"",0,Arm
108.42000000001856,"TRAINER-01","",None,0,0,0,False,False,"",0,Arm
108.52000000001861,"TRAINER-01","",None,0,0,0,False,False,"",0,Arm
108.62000000001866,"TRAINER-01","",None,0,0,0,False,False,"",0,Arm
108.72000000001871,"TRAINER-01","",None,0,0,0,False,False,"",0,Arm
108.82000000001877,"TRAINER-01","",None,0,0,0,False,False,"",0,Arm
108.92000000001882,"TRAINER-01","",None,0,0,0,False,False,"",0,Arm
109.02000000001887,"TRAINER-01","",None,0,0,0,False,False,"",0,Arm
109.12000000001892,"TRAINER-01","",None,0,0,0,False,False,"",0,Arm
109.22000000001897,"TRAINER-01","",None,0,0,0,False,False,"",0,Arm
109.32000000001902,"TRAINER-01","",None,0,0,0,False,False,"",0,Arm
109.42000000001907,"TRAINER-01","",None,0,0,0,False,False,"",0,Arm
109.52000000001912,"TRAINER-01","",None,0,0,0,False,False,"",0,Arm
109.62000000001917,"TRAINER-01","",None,0,0,0,False,False,"",0,Arm
109.72000000001923,"TRAINER-01","",None,0,0,0,False,False,"",0,Arm
109.82000000001928,"TRAINER-01","",None,0,0,0,False,False,"",0,Arm
109.92000000001933,"TRAINER-01","",None,0,0,0,False,False,"",0,Arm
110.02000000001938,"TRAINER-01","",None,0,0,0,False,False,"",0,Arm
110.12000000001943,"TRAINER-01","",None,0,0,0,False,False,"",0,Arm
110.22000000001948,"TRAINER-01","",None,0,0,0,False,False,"",0,Arm
110.32000000001953,"TRAINER-01","",None,0,0,0,False,False,"",0,Arm
110.42000000001958,"TRAINER-01","",None,0,0,0,False,False,"",0,Arm
110.52000000001964,"TRAINER-01","",None,0,0,0,False,False,"",0,Arm
110.62000000001969,"TRAINER-01","",None,0,0,0,False,False,"",0,Arm
110.72000000001974,"TRAINER-01","",None,0,0,0,False,False,"",0,Arm
110.82000000001979,"TRAINER-01","",None,0,0,0,False,False,"",0,Arm
110.92000000001984,"TRAINER-01","",None,0,0,0,False,False,"",0,Arm
111.02000000001989,"TRAINER-01","",None,0,0,0,False,False,"",0,Arm
111.12000000001994,"TRAINER-01","",None,0,0,0,False,False,"",0,Arm
111.22000000002,"TRAINER-01","",None,0,0,0,False,False,"",0,Arm
111.32000000002004,"TRAINER-01","",None,0,0,0,False,False,"",0,Arm
111.4200000000201,"TRAINER-01","",None,0,0,0,False,False,"",0,Arm
111.52000000002015,"TRAINER-01","",None,0,0,0,False,False,"",0,Arm
111.6200000000202,"TRAINER-01","",None,0,0,0,False,False,"",0,Arm
111.72000000002025,"TRAINER-01","",None,0,0,0,False,False,"",0,Arm
111.8200000000203,"TRAINER-01","",None,0,0,0,False,False,"",0,Arm
111.92000000002035,"TRAINER-01","",None,0,0,0,False,False,"",0,Arm
112.0200000000204,"TRAINER-01","",None,0,0,0,False,False,"",0,Arm
112.12000000002045,"TRAINER-01","",None,0,0,0,False,False,"",0,Arm
112.22000000002051,"TRAINER-01","",None,0,0,0,False,False,"",0,Arm
112.32000000002056,"TRAINER-01","",None,0,0,0,False,False,"",0,Arm
112.42000000002061,"TRAINER-01","",None,0,0,0,False,False,"",0,Arm
112.52000000002066,"TRAINER-01","",None,0,0,0,False,False,"",0,Arm
112.62000000002071,"TRAINER-01","",None,0,0,0,False,False,"",0,Arm
112.72000000002076,"TRAINER-01","",None,0,0,0,False,False,"",0,Arm
112.82000000002081,"TRAINER-01","",None,0,0,0,False,False,"",0,Arm
112.92000000002086,"TRAINER-01","",None,0,0,0,False,False,"",0,Arm
113.02000000002091,"TRAINER-01","",None,0,0,0,False,False,"",0,Arm
113.12000000002097,"TRAINER-01","",None,0,0,0,False,False,"",0,Arm
113.22000000002102,"TRAINER-01","",None,0,0,0,False,False,"",0,Arm
113.32000000002107,"TRAINER-01","",None,0,0,0,False,False,"",0,Arm
113.42000000002112,"TRAINER-01","",None,0,0,0,False,False,"",0,Arm
113.52000000002117,"TRAINER-01","",None,0,0,0,False,False,"",0,Arm
113.62000000002122,"TRAINER-01","",None,0,0,0,False,False,"",0,Arm
113.72000000002127,"TRAINER-01","",None,0,0,0,False,False,"",0,Arm
113.82000000002132,"TRAINER-01","",None,0,0,0,False,False,"",0,Arm
113.92000000002137,"TRAINER-01","",None,0,0,0,False,False,"",0,Arm
114.02000000002143,"TRAINER-01","",None,0,0,0,False,False,"",0,Arm
114.12000000002148,"TRAINER-01","",None,0,0,0,False,False,"",0,Arm
114.22000000002153,"TRAINER-01","",None,0,0,0,False,False,"",0,Arm
114.32000000002158,"TRAINER-01","",None,0,0,0,False,False,"",0,Arm
114.42000000002163,"TRAINER-01","",None,0,0,0,False,False,"",0,Arm
114.52000000002168,"TRAINER-01","",None,0,0,0,False,False,"",0,Arm
114.62000000002173,"TRAINER-01","",None,0,0,0,False,False,"",0,Arm
114.72000000002178,"TRAINER-01","",None,0,0,0,False,False,"",0,Arm
114.82000000002184,"TRAINER-01","",None,0,0,0,False,False,"",0,Arm
114.92000000002189,"TRAINER-01","",None,0,0,0,False,False,"",0,Arm
115.02000000002194,"TRAINER-01","",None,0,0,0,False,False,"",0,Arm
115.12000000002199,"TRAINER-01","",None,0,0,0,False,False,"",0,Arm
115.22000000002204,"TRAINER-01","",None,0,0,0,False,False,"",0,Arm
115.32000000002209,"TRAINER-01","",None,0,0,0,False,False,"",0,Arm
115.42000000002214,"TRAINER-01","",None,0,0,0,False,False,"",0,Arm
115.52000000002219,"TRAINER-01","",None,0,0,0,False,False,"",0,Arm
115.62000000002224,"TRAINER-01","",None,0,0,0,False,False,"",0,Arm
115.7200000000223,"TRAINER-01","",None,0,0,0,False,False,"",0,Arm
115.82000000002235,"TRAINER-01","",None,0,0,0,False,False,"",0,Arm
115.9200000000224,"TRAINER-01","",None,0,0,0,False,False,"",0,Arm
116.02000000002245,"TRAINER-01","",None,0,0,0,False,False,"",0,Arm
116.1200000000225,"TRAINER-01","",None,0,0,0,False,False,"",0,Arm
116.22000000002255,"TRAINER-01","",None,0,0,0,False,False,"",0,Arm
116.3200000000226,"TRAINER-01","",None,0,0,0,False,False,"",0,Arm
116.42000000002265,"TRAINER-01","",None,0,0,0,False,False,"",0,Arm
116.5200000000227,"TRAINER-01","",None,0,0,0,False,False,"",0,Arm
116.62000000002276,"TRAINER-01","",None,0,0,0,False,False,"",0,Arm
116.72000000002281,"TRAINER-01","",None,0,0,0,False,False,"",0,Arm
116.82000000002286,"TRAINER-01","",None,0,0,0,False,False,"",0,Arm
116.92000000002291,"TRAINER-01","",None,0,0,0,False,False,"",0,Arm
117.02000000002296,"TRAINER-01","",None,0,0,0,False,False,"",0,Arm
117.12000000002301,"TRAINER-01","",None,0,0,0,False,False,"",0,Arm
117.22000000002306,"TRAINER-01","",None,0,0,0,False,False,"",0,Arm
117.32000000002311,"TRAINER-01","",None,0,0,0,False,False,"",0,Arm
117.42000000002317,"TRAINER-01","",None,0,0,0,False,False,"",0,Arm
117.52000000002322,"TRAINER-01","",None,0,0,0,False,False,"",0,Arm
117.62000000002327,"TRAINER-01","",None,0,0,0,False,False,"",0,Arm
117.72000000002332,"TRAINER-01","",None,0,0,0,False,False,"",0,Arm
117.82000000002337,"TRAINER-01","",None,0,0,0,False,False,"",0,Arm
117.92000000002342,"TRAINER-01","",None,0,0,0,False,False,"",0,Arm
118.02000000002347,"TRAINER-01","",None,0,0,0,False,False,"",0,Arm
118.12000000002352,"TRAINER-01","",None,0,0,0,False,False,"",0,Arm
118.22000000002357,"TRAINER-01","",None,0,0,0,False,False,"",0,Arm
118.32000000002363,"TRAINER-01","",None,0,0,0,False,False,"",0,Arm
118.42000000002368,"TRAINER-01","",None,0,0,0,False,False,"",0,Arm
118.52000000002373,"TRAINER-01","",None,0,0,0,False,False,"",0,Arm
118.62000000002378,"TRAINER-01","",None,0,0,0,False,False,"",0,Arm
118.72000000002383,"TRAINER-01","",None,0,0,0,False,False,"",0,Arm
118.82000000002388,"TRAINER-01","",None,0,0,0,False,False,"",0,Arm
118.92000000002393,"TRAINER-01","",None,0,0,0,False,False,"",0,Arm
119.02000000002398,"TRAINER-01","",None,0,0,0,False,False,"",0,Arm
119.12000000002404,"TRAINER-01","",None,0,0,0,False,False,"",0,Arm
119.22000000002409,"TRAINER-01","",None,0,0,0,False,False,"",0,Arm
119.32000000002414,"TRAINER-01","",None,0,0,0,False,False,"",0,Arm
119.42000000002419,"TRAINER-01","",None,0,0,0,False,False,"",0,Arm
119.52000000002424,"TRAINER-01","",None,0,0,0,False,False,"",0,Arm
119.62000000002429,"TRAINER-01","",None,0,0,0,False,False,"",0,Arm
119.72000000002434,"TRAINER-01","",None,0,0,0,False,False,"",0,Arm
119.82000000002439,"TRAINER-01","",None,0,0,0,False,False,"",0,Arm
119.92000000002444,"TRAINER-01","",None,0,0,0,False,False,"",0,Arm
120.0200000000245,"TRAINER-01","",None,0,0,0,False,False,"",0,Arm
120.12000000002455,"TRAINER-01","",None,0,0,0,False,False,"",0,Arm
120.2200000000246,"TRAINER-01","",None,0,0,0,False,False,"",0,Arm
120.32000000002465,"TRAINER-01","",None,0,0,0,False,False,"",0,Arm
120.4200000000247,"TRAINER-01","",None,0,0,0,False,False,"",0,Arm
120.52000000002475,"TRAINER-01","",None,0,0,0,False,False,"",0,Arm
120.6200000000248,"TRAINER-01","",None,0,0,0,False,False,"",0,Arm
120.72000000002485,"TRAINER-01","",None,0,0,0,False,False,"",0,Arm
120.8200000000249,"TRAINER-01","",None,0,0,0,False,False,"",0,Arm
120.92000000002496,"TRAINER-01","",None,0,0,0,False,False,"",0,Arm
121.02000000002501,"TRAINER-01","",None,0,0,0,False,False,"",0,Arm
121.12000000002506,"TRAINER-01","",None,0,0,0,False,False,"",0,Arm
121.22000000002511,"TRAINER-01","",None,0,0,0,False,False,"",0,Arm
121.32000000002516,"TRAINER-01","",None,0,0,0,False,False,"",0,Arm
121.42000000002521,"TRAINER-01","",None,0,0,0,False,False,"",0,Arm
121.52000000002526,"TRAINER-01","",None,0,0,0,False,False,"",0,Arm
121.62000000002531,"TRAINER-01","",None,0,0,0,False,False,"",0,Arm
121.72000000002537,"TRAINER-01","",None,0,0,0,False,False,"",0,Arm
121.82000000002542,"TRAINER-01","",None,0,0,0,False,False,"",0,Arm
121.92000000002547,"TRAINER-01","",None,0,0,0,False,False,"",0,Arm
122.02000000002552,"TRAINER-01","",None,0,0,0,False,False,"",0,Arm
122.12000000002557,"TRAINER-01","",None,0,0,0,False,False,"",0,Arm
122.22000000002562,"TRAINER-01","",None,0,0,0,False,False,"",0,Arm
122.32000000002567,"TRAINER-01","",None,0,0,0,False,False,"",0,Arm
122.42000000002572,"TRAINER-01","",None,0,0,0,False,False,"",0,Arm
122.52000000002577,"TRAINER-01","",None,0,0,0,False,False,"",0,Arm
122.62000000002583,"TRAINER-01","",None,0,0,0,False,False,"",0,Arm
122.72000000002588,"TRAINER-01","",None,0,0,0,False,False,"",0,Arm
122.82000000002593,"TRAINER-01","",None,0,0,0,False,False,"",0,Arm
122.92000000002598,"TRAINER-01","",None,0,0,0,False,False,"",0,Arm
123.02000000002603,"TRAINER-01","",None,0,0,0,False,False,"",0,Arm
123.12000000002608,"TRAINER-01","",None,0,0,0,False,False,"",0,Arm
123.22000000002613,"TRAINER-01","",None,0,0,0,False,False,"",0,Arm
123.32000000002618,"TRAINER-01","",None,0,0,0,False,False,"",0,Arm
123.42000000002623,"TRAINER-01","",None,0,0,0,False,False,"",0,Arm
123.52000000002629,"TRAINER-01","",None,0,0,0,False,False,"",0,Arm
123.62000000002634,"TRAINER-01","",None,0,0,0,False,False,"",0,Arm
123.72000000002639,"TRAINER-01","",None,0,0,0,False,False,"",0,Arm
123.82000000002644,"TRAINER-01","",None,0,0,0,False,False,"",0,Arm
123.92000000002649,"TRAINER-01","",None,0,0,0,False,False,"",0,Arm
124.02000000002654,"TRAINER-01","",None,0,0,0,False,False,"",0,Arm
124.12000000002659,"TRAINER-01","",None,0,0,0,False,False,"",0,Arm
124.22000000002664,"TRAINER-01","",None,0,0,0,False,False,"",0,Arm
124.3200000000267,"TRAINER-01","",None,0,0,0,False,False,"",0,Arm
124.42000000002675,"TRAINER-01","",None,0,0,0,False,False,"",0,Arm
124.5200000000268,"TRAINER-01","",None,0,0,0,False,False,"",0,Arm
124.62000000002685,"TRAINER-01","",None,0,0,0,False,False,"",0,Arm
124.7200000000269,"TRAINER-01","",None,0,0,0,False,False,"",0,Arm
124.82000000002695,"TRAINER-01","",None,0,0,0,False,False,"",0,Arm
124.920000000027,"TRAINER-01","",None,0,0,0,False,False,"",0,Arm
125.02000000002705,"TRAINER-01","",None,0,0,0,False,False,"",0,Arm
125.1200000000271,"TRAINER-01","",None,0,0,0,False,False,"",0,Arm
125.22000000002716,"TRAINER-01","",None,0,0,0,False,False,"",0,Arm
125.32000000002721,"TRAINER-01","",None,0,0,0,False,False,"",0,Arm
125.42000000002726,"TRAINER-01","",None,0,0,0,False,False,"",0,Arm
125.52000000002731,"TRAINER-01","",None,0,0,0,False,False,"",0,Arm
125.62000000002736,"TRAINER-01","",None,0,0,0,False,False,"",0,Arm
125.72000000002741,"TRAINER-01","",None,0,0,0,False,False,"",0,Arm
125.82000000002746,"TRAINER-01","",None,0,0,0,False,False,"",0,Arm
125.92000000002751,"TRAINER-01","",None,0,0,0,False,False,"",0,Arm
126.02000000002757,"TRAINER-01","",None,0,0,0,False,False,"",0,Arm
126.12000000002762,"TRAINER-01","",None,0,0,0,False,False,"",0,Arm
126.22000000002767,"TRAINER-01","",None,0,0,0,False,False,"",0,Arm
126.32000000002772,"TRAINER-01","",None,0,0,0,False,False,"",0,Arm
126.42000000002777,"TRAINER-01","",None,0,0,0,False,False,"",0,Arm
126.52000000002782,"TRAINER-01","",None,0,0,0,False,False,"",0,Arm
126.62000000002787,"TRAINER-01","",None,0,0,0,False,False,"",0,Arm
126.72000000002792,"TRAINER-01","",None,0,0,0,False,False,"",0,Arm
126.82000000002797,"TRAINER-01","",None,0,0,0,False,False,"",0,Arm
126.92000000002803,"TRAINER-01","",None,0,0,0,False,False,"",0,Arm
127.02000000002808,"TRAINER-01","",None,0,0,0,False,False,"",0,Arm
127.12000000002813,"TRAINER-01","",None,0,0,0,False,False,"",0,Arm
127.22000000002818,"TRAINER-01","",None,0,0,0,False,False,"",0,Arm
127.32000000002823,"TRAINER-01","",None,0,0,0,False,False,"",0,Arm
127.42000000002828,"TRAINER-01","",None,0,0,0,False,False,"",0,Arm
127.52000000002833,"TRAINER-01","",None,0,0,0,False,False,"",0,Arm
127.62000000002838,"TRAINER-01","",None,0,0,0,False,False,"",0,Arm
127.72000000002843,"TRAINER-01","",None,0,0,0,False,False,"",0,Arm
127.82000000002849,"TRAINER-01","",None,0,0,0,False,False,"",0,Arm
127.92000000002854,"TRAINER-01","",None,0,0,0,False,False,"",0,Arm
128.02000000002855,"TRAINER-01","",None,0,0,0,False,False,"",0,Arm
128.12000000002845,"TRAINER-01","",None,0,0,0,False,False,"",0,Arm
128.22000000002836,"TRAINER-01","",None,0,0,0,False,False,"",0,Arm
128.32000000002827,"TRAINER-01","",None,0,0,0,False,False,"",0,Arm
128.42000000002818,"TRAINER-01","",None,0,0,0,False,False,"",0,Arm
128.52000000002809,"TRAINER-01","",None,0,0,0,False,False,"",0,Arm
128.620000000028,"TRAINER-01","",None,0,0,0,False,False,"",0,Arm
128.72000000002791,"TRAINER-01","",None,0,0,0,False,False,"",0,Arm
128.82000000002782,"TRAINER-01","",None,0,0,0,False,False,"",0,Arm
128.92000000002773,"TRAINER-01","",None,0,0,0,False,False,"",0,Arm
129.02000000002764,"TRAINER-01","",None,0,0,0,False,False,"",0,Arm
129.12000000002755,"TRAINER-01","",None,0,0,0,False,False,"",0,Arm
129.22000000002745,"TRAINER-01","",None,0,0,0,False,False,"",0,Arm
129.32000000002736,"TRAINER-01","",None,0,0,0,False,False,"",0,Arm
129.42000000002727,"TRAINER-01","",None,0,0,0,False,False,"",0,Arm
129.52000000002718,"TRAINER-01","",None,0,0,0,False,False,"",0,Arm
129.62000000002709,"TRAINER-01","",None,0,0,0,False,False,"",0,Arm
129.720000000027,"TRAINER-01","",None,0,0,0,False,False,"",0,Arm
129.82000000002691,"TRAINER-01","",None,0,0,0,False,False,"",0,Arm
129.92000000002682,"TRAINER-01","",None,0,0,0,False,False,"",0,Arm
130.02000000002673,"TRAINER-01","",None,0,0,0,False,False,"",0,Arm
130.12000000002664,"TRAINER-01","",None,0,0,0,False,False,"",0,Arm
130.22000000002654,"TRAINER-01","",None,0,0,0,False,False,"",0,Arm
130.32000000002645,"TRAINER-01","",None,0,0,0,False,False,"",0,Arm
130.42000000002636,"TRAINER-01","",None,0,0,0,False,False,"",0,Arm
130.52000000002627,"TRAINER-01","",None,0,0,0,False,False,"",0,Arm
130.62000000002618,"TRAINER-01","",None,0,0,0,False,False,"",0,Arm
130.72000000002609,"TRAINER-01","",None,0,0,0,False,False,"",0,Arm
130.820000000026,"TRAINER-01","",None,0,0,0,False,False,"",0,Arm
130.92000000002591,"TRAINER-01","",None,0,0,0,False,False,"",0,Arm
131.02000000002582,"TRAINER-01","",None,0,0,0,False,False,"",0,Arm
131.12000000002573,"TRAINER-01","",None,0,0,0,False,False,"",0,Arm
131.22000000002564,"TRAINER-01","",None,0,0,0,False,False,"",0,Arm
131.32000000002554,"TRAINER-01","",None,0,0,0,False,False,"",0,Arm
131.42000000002545,"TRAINER-01","",None,0,0,0,False,False,"",0,Arm
131.52000000002536,"TRAINER-01","",None,0,0,0,False,False,"",0,Arm
131.62000000002527,"TRAINER-01","",None,0,0,0,False,False,"",0,Arm
131.72000000002518,"TRAINER-01","",None,0,0,0,False,False,"",0,Arm
131.82000000002509,"TRAINER-01","",None,0,0,0,False,False,"",0,Arm
131.920000000025,"TRAINER-01","",None,0,0,0,False,False,"",0,Arm
132.02000000002491,"TRAINER-01","",None,0,0,0,False,False,"",0,Arm
132.12000000002482,"TRAINER-01","",None,0,0,0,False,False,"",0,Arm
132.22000000002473,"TRAINER-01","",None,0,0,0,False,False,"",0,Arm
132.32000000002463,"TRAINER-01","",None,0,0,0,False,False,"",0,Arm
132.42000000002454,"TRAINER-01","",None,0,0,0,False,False,"",0,Arm
132.52000000002445,"TRAINER-01","",None,0,0,0,False,False,"",0,Arm
132.62000000002436,"TRAINER-01","",None,0,0,0,False,False,"",0,Arm
132.72000000002427,"TRAINER-01","",None,0,0,0,False,False,"",0,Arm
132.82000000002418,"TRAINER-01","",None,0,0,0,False,False,"",0,Arm
132.92000000002409,"TRAINER-01","",None,0,0,0,False,False,"",0,Arm
133.020000000024,"TRAINER-01","",None,0,0,0,False,False,"",0,Arm
133.12000000002391,"TRAINER-01","",None,0,0,0,False,False,"",0,Arm
133.22000000002382,"TRAINER-01","",None,0,0,0,False,False,"",0,Arm
133.32000000002373,"TRAINER-01","",None,0,0,0,False,False,"",0,Arm
133.42000000002363,"TRAINER-01","",None,0,0,0,False,False,"",0,Arm
133.52000000002354,"TRAINER-01","",None,0,0,0,False,False,"",0,Arm
133.62000000002345,"TRAINER-01","",None,0,0,0,False,False,"",0,Arm
133.72000000002336,"TRAINER-01","",None,0,0,0,False,False,"",0,Arm
133.82000000002327,"TRAINER-01","",None,0,0,0,False,False,"",0,Arm
133.92000000002318,"TRAINER-01","",None,0,0,0,False,False,"",0,Arm
134.02000000002309,"TRAINER-01","",None,0,0,0,False,False,"",0,Arm
134.120000000023,"TRAINER-01","",None,0,0,0,False,False,"",0,Arm
134.22000000002291,"TRAINER-01","",None,0,0,0,False,False,"",0,Arm
134.32000000002282,"TRAINER-01","",None,0,0,0,False,False,"",0,Arm
134.42000000002272,"TRAINER-01","",None,0,0,0,False,False,"",0,Arm
134.52000000002263,"TRAINER-01","",None,0,0,0,False,False,"",0,Arm
134.62000000002254,"TRAINER-01","",None,0,0,0,False,False,"",0,Arm
134.72000000002245,"TRAINER-01","",None,0,0,0,False,False,"",0,Arm
134.82000000002236,"TRAINER-01","",None,0,0,0,False,False,"",0,Arm
134.92000000002227,"TRAINER-01","",None,0,0,0,False,False,"",0,Arm
135.02000000002218,"TRAINER-01","",None,0,0,0,False,False,"",0,Arm
135.12000000002209,"TRAINER-01","",None,0,0,0,False,False,"",0,Arm
135.220000000022,"TRAINER-01","",None,0,0,0,False,False,"",0,Arm
135.32000000002191,"TRAINER-01","",None,0,0,0,False,False,"",0,Arm
135.42000000002182,"TRAINER-01","",None,0,0,0,False,False,"",0,Arm
135.52000000002172,"TRAINER-01","",None,0,0,0,False,False,"",0,Arm
135.62000000002163,"TRAINER-01","",None,0,0,0,False,False,"",0,Arm
135.72000000002154,"TRAINER-01","",None,0,0,0,False,False,"",0,Arm
135.82000000002145,"TRAINER-01","",None,0,0,0,False,False,"",0,Arm
135.92000000002136,"TRAINER-01","",None,0,0,0,False,False,"",0,Arm
136.02000000002127,"TRAINER-01","",None,0,0,0,False,False,"",0,Arm
136.12000000002118,"TRAINER-01","",None,0,0,0,False,False,"",0,Arm
136.22000000002109,"TRAINER-01","",None,0,0,0,False,False,"",0,Arm
136.320000000021,"TRAINER-01","",None,0,0,0,False,False,"",0,Arm
136.42000000002091,"TRAINER-01","",None,0,0,0,False,False,"",0,Arm
136.52000000002081,"TRAINER-01","",None,0,0,0,False,False,"",0,Arm
136.62000000002072,"TRAINER-01","",None,0,0,0,False,False,"",0,Arm
136.72000000002063,"TRAINER-01","",None,0,0,0,False,False,"",0,Arm
136.82000000002054,"TRAINER-01","",None,0,0,0,False,False,"",0,Arm
136.92000000002045,"TRAINER-01","",None,0,0,0,False,False,"",0,Arm
137.02000000002036,"TRAINER-01","",None,0,0,0,False,False,"",0,Arm
137.12000000002027,"TRAINER-01","",None,0,0,0,False,False,"",0,Arm
137.22000000002018,"TRAINER-01","",None,0,0,0,False,False,"",0,Arm
137.32000000002009,"TRAINER-01","",None,0,0,0,False,False,"",0,Arm
137.42000000002,"TRAINER-01","",None,0,0,0,False,False,"",0,Arm
137.52000000001991,"TRAINER-01","",None,0,0,0,False,False,"",0,Arm
137.62000000001981,"TRAINER-01","",None,0,0,0,False,False,"",0,Arm
137.72000000001972,"TRAINER-01","",None,0,0,0,False,False,"",0,Arm
137.82000000001963,"TRAINER-01","",None,0,0,0,False,False,"",0,Arm
137.92000000001954,"TRAINER-01","",None,0,0,0,False,False,"",0,Arm
138.02000000001945,"TRAINER-01","",None,0,0,0,False,False,"",0,Arm
138.12000000001936,"TRAINER-01","",None,0,0,0,False,False,"",0,Arm
138.22000000001927,"TRAINER-01","",None,0,0,0,False,False,"",0,Arm
138.32000000001918,"TRAINER-01","",None,0,0,0,False,False,"",0,Arm
138.42000000001909,"TRAINER-01","",None,0,0,0,False,False,"",0,Arm
138.520000000019,"TRAINER-01","",None,0,0,0,False,False,"",0,Arm
138.6200000000189,"TRAINER-01","",None,0,0,0,False,False,"",0,Arm
138.72000000001881,"TRAINER-01","",None,0,0,0,False,False,"",0,Arm
138.82000000001872,"TRAINER-01","",None,0,0,0,False,False,"",0,Arm
138.92000000001863,"TRAINER-01","",None,0,0,0,False,False,"",0,Arm
139.02000000001854,"TRAINER-01","",None,0,0,0,False,False,"",0,Arm
139.12000000001845,"TRAINER-01","",None,0,0,0,False,False,"",0,Arm
139.22000000001836,"TRAINER-01","",None,0,0,0,False,False,"",0,Arm
139.32000000001827,"TRAINER-01","",None,0,0,0,False,False,"",0,Arm
