time_s,aircraft,callsign,side,role,status,ai_mode,control_authority,leader,formation_slot,ai_skill_normalized,waypoint_index,target,detected,engaged,valid
0,"TRAINER-01","TRAINER-01",Friendly,Player,Active,Navigate,ManualPilot,"",0,0.8,0,"",False,False,True
0,"TRAINER-01","TRAINER-01",Friendly,Player,Active,Navigate,AutomationPilot,"",0,0.8,0,"",False,False,True
0.19000000000000003,"TRAINER-01","TRAINER-01",Friendly,Player,Active,Navigate,AutomationPilot,"",0,0.8,0,"",False,False,True
0.39000000000000018,"TRAINER-01","TRAINER-01",Friendly,Player,Active,Navigate,AutomationPilot,"",0,0.8,0,"",False,False,True
0.5900000000000003,"TRAINER-01","TRAINER-01",Friendly,Player,Active,Navigate,AutomationPilot,"",0,0.8,0,"",False,False,True
0.79000000000000048,"TRAINER-01","TRAINER-01",Friendly,Player,Active,Navigate,AutomationPilot,"",0,0.8,0,"",False,False,True
0.99000000000000066,"TRAINER-01","TRAINER-01",Friendly,Player,Active,Navigate,AutomationPilot,"",0,0.8,0,"",False,False,True
1.1900000000000008,"TRAINER-01","TRAINER-01",Friendly,Player,Active,Navigate,AutomationPilot,"",0,0.8,0,"",False,False,True
1.390000000000001,"TRAINER-01","TRAINER-01",Friendly,Player,Active,Navigate,AutomationPilot,"",0,0.8,0,"",False,False,True
1.5900000000000012,"TRAINER-01","TRAINER-01",Friendly,Player,Active,Navigate,AutomationPilot,"",0,0.8,0,"",False,False,True
1.7900000000000014,"TRAINER-01","TRAINER-01",Friendly,Player,Active,Navigate,AutomationPilot,"",0,0.8,0,"",False,False,True
1.9900000000000015,"TRAINER-01","TRAINER-01",Friendly,Player,Active,Navigate,AutomationPilot,"",0,0.8,0,"",False,False,True
2.1899999999999973,"TRAINER-01","TRAINER-01",Friendly,Player,Active,Navigate,AutomationPilot,"",0,0.8,0,"",False,False,True
2.389999999999993,"TRAINER-01","TRAINER-01",Friendly,Player,Active,Navigate,AutomationPilot,"",0,0.8,0,"",False,False,True
2.5899999999999888,"TRAINER-01","TRAINER-01",Friendly,Player,Active,Navigate,AutomationPilot,"",0,0.8,0,"",False,False,True
2.7899999999999845,"TRAINER-01","TRAINER-01",Friendly,Player,Active,Navigate,AutomationPilot,"",0,0.8,0,"",False,False,True
2.9899999999999802,"TRAINER-01","TRAINER-01",Friendly,Player,Active,Navigate,AutomationPilot,"",0,0.8,0,"",False,False,True
3.189999999999976,"TRAINER-01","TRAINER-01",Friendly,Player,Active,Navigate,AutomationPilot,"",0,0.8,0,"",False,False,True
3.3899999999999717,"TRAINER-01","TRAINER-01",Friendly,Player,Active,Navigate,AutomationPilot,"",0,0.8,0,"",False,False,True
3.5899999999999674,"TRAINER-01","TRAINER-01",Friendly,Player,Active,Navigate,AutomationPilot,"",0,0.8,0,"",False,False,True
3.7899999999999632,"TRAINER-01","TRAINER-01",Friendly,Player,Active,Navigate,AutomationPilot,"",0,0.8,0,"",False,False,True
3.9899999999999589,"TRAINER-01","TRAINER-01",Friendly,Player,Active,Navigate,AutomationPilot,"",0,0.8,0,"",False,False,True
4.1899999999999551,"TRAINER-01","TRAINER-01",Friendly,Player,Active,Navigate,AutomationPilot,"",0,0.8,0,"",False,False,True
4.3899999999999508,"TRAINER-01","TRAINER-01",Friendly,Player,Active,Navigate,AutomationPilot,"",0,0.8,0,"",False,False,True
4.5899999999999466,"TRAINER-01","TRAINER-01",Friendly,Player,Active,Navigate,AutomationPilot,"",0,0.8,0,"",False,False,True
4.7899999999999423,"TRAINER-01","TRAINER-01",Friendly,Player,Active,Navigate,AutomationPilot,"",0,0.8,0,"",False,False,True
4.989999999999938,"TRAINER-01","TRAINER-01",Friendly,Player,Active,Navigate,AutomationPilot,"",0,0.8,0,"",False,False,True
5.1899999999999338,"TRAINER-01","TRAINER-01",Friendly,Player,Active,Navigate,AutomationPilot,"",0,0.8,0,"",False,False,True
5.3899999999999295,"TRAINER-01","TRAINER-01",Friendly,Player,Active,Navigate,AutomationPilot,"",0,0.8,0,"",False,False,True
5.5899999999999253,"TRAINER-01","TRAINER-01",Friendly,Player,Active,Navigate,AutomationPilot,"",0,0.8,0,"",False,False,True
5.789999999999921,"TRAINER-01","TRAINER-01",Friendly,Player,Active,Navigate,AutomationPilot,"",0,0.8,0,"",False,False,True
5.9899999999999167,"TRAINER-01","TRAINER-01",Friendly,Player,Active,Navigate,AutomationPilot,"",0,0.8,0,"",False,False,True
6.1899999999999125,"TRAINER-01","TRAINER-01",Friendly,Player,Active,Navigate,AutomationPilot,"",0,0.8,0,"",False,False,True
6.3899999999999082,"TRAINER-01","TRAINER-01",Friendly,Player,Active,Navigate,AutomationPilot,"",0,0.8,0,"",False,False,True
6.5899999999999039,"TRAINER-01","TRAINER-01",Friendly,Player,Active,Navigate,AutomationPilot,"",0,0.8,0,"",False,False,True
6.7899999999999,"TRAINER-01","TRAINER-01",Friendly,Player,Active,Navigate,AutomationPilot,"",0,0.8,0,"",False,False,True
6.9899999999998954,"TRAINER-01","TRAINER-01",Friendly,Player,Active,Navigate,AutomationPilot,"",0,0.8,0,"",False,False,True
7.1899999999998911,"TRAINER-01","TRAINER-01",Friendly,Player,Active,Navigate,AutomationPilot,"",0,0.8,0,"",False,False,True
7.3899999999998869,"TRAINER-01","TRAINER-01",Friendly,Player,Active,Navigate,AutomationPilot,"",0,0.8,0,"",False,False,True
7.5899999999998826,"TRAINER-01","TRAINER-01",Friendly,Player,Active,Navigate,AutomationPilot,"",0,0.8,0,"",False,False,True
7.7899999999998784,"TRAINER-01","TRAINER-01",Friendly,Player,Active,Navigate,AutomationPilot,"",0,0.8,0,"",False,False,True
7.9899999999998741,"TRAINER-01","TRAINER-01",Friendly,Player,Active,Navigate,AutomationPilot,"",0,0.8,0,"",False,False,True
8.18999999999987,"TRAINER-01","TRAINER-01",Friendly,Player,Active,Navigate,AutomationPilot,"",0,0.8,0,"",False,False,True
8.3899999999998656,"TRAINER-01","TRAINER-01",Friendly,Player,Active,Navigate,AutomationPilot,"",0,0.8,0,"",False,False,True
8.5899999999998613,"TRAINER-01","TRAINER-01",Friendly,Player,Active,Navigate,AutomationPilot,"",0,0.8,0,"",False,False,True
8.789999999999857,"TRAINER-01","TRAINER-01",Friendly,Player,Active,Navigate,AutomationPilot,"",0,0.8,0,"",False,False,True
8.9899999999998528,"TRAINER-01","TRAINER-01",Friendly,Player,Active,Navigate,AutomationPilot,"",0,0.8,0,"",False,False,True
9.1899999999998485,"TRAINER-01","TRAINER-01",Friendly,Player,Active,Navigate,AutomationPilot,"",0,0.8,0,"",False,False,True
9.3899999999998442,"TRAINER-01","TRAINER-01",Friendly,Player,Active,Navigate,AutomationPilot,"",0,0.8,0,"",False,False,True
9.58999999999984,"TRAINER-01","TRAINER-01",Friendly,Player,Active,Navigate,AutomationPilot,"",0,0.8,0,"",False,False,True
9.7899999999998357,"TRAINER-01","TRAINER-01",Friendly,Player,Active,Navigate,AutomationPilot,"",0,0.8,0,"",False,False,True
9.9899999999998315,"TRAINER-01","TRAINER-01",Friendly,Player,Active,Navigate,AutomationPilot,"",0,0.8,0,"",False,False,True
10.189999999999827,"TRAINER-01","TRAINER-01",Friendly,Player,Active,Navigate,AutomationPilot,"",0,0.8,0,"",False,False,True
10.389999999999823,"TRAINER-01","TRAINER-01",Friendly,Player,Active,Navigate,AutomationPilot,"",0,0.8,0,"",False,False,True
10.589999999999819,"TRAINER-01","TRAINER-01",Friendly,Player,Active,Navigate,AutomationPilot,"",0,0.8,0,"",False,False,True
10.789999999999814,"TRAINER-01","TRAINER-01",Friendly,Player,Active,Navigate,AutomationPilot,"",0,0.8,0,"",False,False,True
10.98999999999981,"TRAINER-01","TRAINER-01",Friendly,Player,Active,Navigate,AutomationPilot,"",0,0.8,0,"",False,False,True
11.189999999999806,"TRAINER-01","TRAINER-01",Friendly,Player,Active,Navigate,AutomationPilot,"",0,0.8,0,"",False,False,True
11.389999999999802,"TRAINER-01","TRAINER-01",Friendly,Player,Active,Navigate,AutomationPilot,"",0,0.8,0,"",False,False,True
11.589999999999797,"TRAINER-01","TRAINER-01",Friendly,Player,Active,Navigate,AutomationPilot,"",0,0.8,0,"",False,False,True
11.789999999999793,"TRAINER-01","TRAINER-01",Friendly,Player,Active,Navigate,AutomationPilot,"",0,0.8,0,"",False,False,True
11.989999999999789,"TRAINER-01","TRAINER-01",Friendly,Player,Active,Navigate,AutomationPilot,"",0,0.8,0,"",False,False,True
12.189999999999785,"TRAINER-01","TRAINER-01",Friendly,Player,Active,Navigate,AutomationPilot,"",0,0.8,0,"",False,False,True
12.38999999999978,"TRAINER-01","TRAINER-01",Friendly,Player,Active,Navigate,AutomationPilot,"",0,0.8,0,"",False,False,True
12.589999999999776,"TRAINER-01","TRAINER-01",Friendly,Player,Active,Navigate,AutomationPilot,"",0,0.8,0,"",False,False,True
12.789999999999772,"TRAINER-01","TRAINER-01",Friendly,Player,Active,Navigate,AutomationPilot,"",0,0.8,0,"",False,False,True
12.989999999999768,"TRAINER-01","TRAINER-01",Friendly,Player,Active,Navigate,AutomationPilot,"",0,0.8,0,"",False,False,True
13.189999999999763,"TRAINER-01","TRAINER-01",Friendly,Player,Active,Navigate,AutomationPilot,"",0,0.8,0,"",False,False,True
13.389999999999759,"TRAINER-01","TRAINER-01",Friendly,Player,Active,Navigate,AutomationPilot,"",0,0.8,0,"",False,False,True
13.589999999999755,"TRAINER-01","TRAINER-01",Friendly,Player,Active,Navigate,AutomationPilot,"",0,0.8,0,"",False,False,True
13.78999999999975,"TRAINER-01","TRAINER-01",Friendly,Player,Active,Navigate,AutomationPilot,"",0,0.8,0,"",False,False,True
13.989999999999746,"TRAINER-01","TRAINER-01",Friendly,Player,Active,Navigate,AutomationPilot,"",0,0.8,0,"",False,False,True
14.189999999999742,"TRAINER-01","TRAINER-01",Friendly,Player,Active,Navigate,AutomationPilot,"",0,0.8,0,"",False,False,True
14.389999999999738,"TRAINER-01","TRAINER-01",Friendly,Player,Active,Navigate,AutomationPilot,"",0,0.8,0,"",False,False,True
14.589999999999733,"TRAINER-01","TRAINER-01",Friendly,Player,Active,Navigate,AutomationPilot,"",0,0.8,0,"",False,False,True
14.789999999999729,"TRAINER-01","TRAINER-01",Friendly,Player,Active,Navigate,AutomationPilot,"",0,0.8,0,"",False,False,True
14.989999999999725,"TRAINER-01","TRAINER-01",Friendly,Player,Active,Navigate,AutomationPilot,"",0,0.8,0,"",False,False,True
15.189999999999721,"TRAINER-01","TRAINER-01",Friendly,Player,Active,Navigate,AutomationPilot,"",0,0.8,0,"",False,False,True
15.389999999999716,"TRAINER-01","TRAINER-01",Friendly,Player,Active,Navigate,AutomationPilot,"",0,0.8,0,"",False,False,True
15.589999999999712,"TRAINER-01","TRAINER-01",Friendly,Player,Active,Navigate,AutomationPilot,"",0,0.8,0,"",False,False,True
15.789999999999708,"TRAINER-01","TRAINER-01",Friendly,Player,Active,Navigate,AutomationPilot,"",0,0.8,0,"",False,False,True
15.989999999999704,"TRAINER-01","TRAINER-01",Friendly,Player,Active,Navigate,AutomationPilot,"",0,0.8,0,"",False,False,True
16.189999999999731,"TRAINER-01","TRAINER-01",Friendly,Player,Active,Navigate,AutomationPilot,"",0,0.8,0,"",False,False,True
16.389999999999763,"TRAINER-01","TRAINER-01",Friendly,Player,Active,Navigate,AutomationPilot,"",0,0.8,0,"",False,False,True
16.589999999999794,"TRAINER-01","TRAINER-01",Friendly,Player,Active,Navigate,AutomationPilot,"",0,0.8,0,"",False,False,True
16.789999999999825,"TRAINER-01","TRAINER-01",Friendly,Player,Active,Navigate,AutomationPilot,"",0,0.8,0,"",False,False,True
16.989999999999856,"TRAINER-01","TRAINER-01",Friendly,Player,Active,Navigate,AutomationPilot,"",0,0.8,0,"",False,False,True
17.189999999999888,"TRAINER-01","TRAINER-01",Friendly,Player,Active,Navigate,AutomationPilot,"",0,0.8,0,"",False,False,True
17.389999999999919,"TRAINER-01","TRAINER-01",Friendly,Player,Active,Navigate,AutomationPilot,"",0,0.8,0,"",False,False,True
17.58999999999995,"TRAINER-01","TRAINER-01",Friendly,Player,Active,Navigate,AutomationPilot,"",0,0.8,0,"",False,False,True
17.789999999999981,"TRAINER-01","TRAINER-01",Friendly,Player,Active,Navigate,AutomationPilot,"",0,0.8,0,"",False,False,True
17.990000000000013,"TRAINER-01","TRAINER-01",Friendly,Player,Active,Navigate,AutomationPilot,"",0,0.8,0,"",False,False,True
18.190000000000044,"TRAINER-01","TRAINER-01",Friendly,Player,Active,Navigate,AutomationPilot,"",0,0.8,0,"",False,False,True
18.390000000000075,"TRAINER-01","TRAINER-01",Friendly,Player,Active,Navigate,AutomationPilot,"",0,0.8,0,"",False,False,True
18.590000000000106,"TRAINER-01","TRAINER-01",Friendly,Player,Active,Navigate,AutomationPilot,"",0,0.8,0,"",False,False,True
18.790000000000138,"TRAINER-01","TRAINER-01",Friendly,Player,Active,Navigate,AutomationPilot,"",0,0.8,0,"",False,False,True
18.990000000000169,"TRAINER-01","TRAINER-01",Friendly,Player,Active,Navigate,AutomationPilot,"",0,0.8,0,"",False,False,True
19.1900000000002,"TRAINER-01","TRAINER-01",Friendly,Player,Active,Navigate,AutomationPilot,"",0,0.8,0,"",False,False,True
19.390000000000231,"TRAINER-01","TRAINER-01",Friendly,Player,Active,Navigate,AutomationPilot,"",0,0.8,0,"",False,False,True
19.590000000000263,"TRAINER-01","TRAINER-01",Friendly,Player,Active,Navigate,AutomationPilot,"",0,0.8,0,"",False,False,True
19.790000000000294,"TRAINER-01","TRAINER-01",Friendly,Player,Active,Navigate,AutomationPilot,"",0,0.8,0,"",False,False,True
19.990000000000325,"TRAINER-01","TRAINER-01",Friendly,Player,Active,Navigate,AutomationPilot,"",0,0.8,0,"",False,False,True
20.190000000000357,"TRAINER-01","TRAINER-01",Friendly,Player,Active,Navigate,AutomationPilot,"",0,0.8,0,"",False,False,True
20.390000000000388,"TRAINER-01","TRAINER-01",Friendly,Player,Active,Navigate,AutomationPilot,"",0,0.8,0,"",False,False,True
20.590000000000419,"TRAINER-01","TRAINER-01",Friendly,Player,Active,Navigate,AutomationPilot,"",0,0.8,0,"",False,False,True
20.79000000000045,"TRAINER-01","TRAINER-01",Friendly,Player,Active,Navigate,AutomationPilot,"",0,0.8,0,"",False,False,True
20.990000000000482,"TRAINER-01","TRAINER-01",Friendly,Player,Active,Navigate,AutomationPilot,"",0,0.8,0,"",False,False,True
21.190000000000513,"TRAINER-01","TRAINER-01",Friendly,Player,Active,Navigate,AutomationPilot,"",0,0.8,0,"",False,False,True
21.390000000000544,"TRAINER-01","TRAINER-01",Friendly,Player,Active,Navigate,AutomationPilot,"",0,0.8,0,"",False,False,True
21.590000000000575,"TRAINER-01","TRAINER-01",Friendly,Player,Active,Navigate,AutomationPilot,"",0,0.8,0,"",False,False,True
21.790000000000607,"TRAINER-01","TRAINER-01",Friendly,Player,Active,Navigate,AutomationPilot,"",0,0.8,0,"",False,False,True
21.990000000000638,"TRAINER-01","TRAINER-01",Friendly,Player,Active,Navigate,AutomationPilot,"",0,0.8,0,"",False,False,True
22.190000000000669,"TRAINER-01","TRAINER-01",Friendly,Player,Active,Navigate,AutomationPilot,"",0,0.8,0,"",False,False,True
22.3900000000007,"TRAINER-01","TRAINER-01",Friendly,Player,Active,Navigate,AutomationPilot,"",0,0.8,0,"",False,False,True
22.590000000000732,"TRAINER-01","TRAINER-01",Friendly,Player,Active,Navigate,AutomationPilot,"",0,0.8,0,"",False,False,True
22.790000000000763,"TRAINER-01","TRAINER-01",Friendly,Player,Active,Navigate,AutomationPilot,"",0,0.8,0,"",False,False,True
22.990000000000794,"TRAINER-01","TRAINER-01",Friendly,Player,Active,Navigate,AutomationPilot,"",0,0.8,0,"",False,False,True
23.190000000000826,"TRAINER-01","TRAINER-01",Friendly,Player,Active,Navigate,AutomationPilot,"",0,0.8,0,"",False,False,True
23.390000000000857,"TRAINER-01","TRAINER-01",Friendly,Player,Active,Navigate,AutomationPilot,"",0,0.8,0,"",False,False,True
23.590000000000888,"TRAINER-01","TRAINER-01",Friendly,Player,Active,Navigate,AutomationPilot,"",0,0.8,0,"",False,False,True
23.790000000000919,"TRAINER-01","TRAINER-01",Friendly,Player,Active,Navigate,AutomationPilot,"",0,0.8,0,"",False,False,True
23.990000000000951,"TRAINER-01","TRAINER-01",Friendly,Player,Active,Navigate,AutomationPilot,"",0,0.8,0,"",False,False,True
24.190000000000982,"TRAINER-01","TRAINER-01",Friendly,Player,Active,Navigate,AutomationPilot,"",0,0.8,0,"",False,False,True
24.390000000001013,"TRAINER-01","TRAINER-01",Friendly,Player,Active,Navigate,AutomationPilot,"",0,0.8,0,"",False,False,True
24.590000000001044,"TRAINER-01","TRAINER-01",Friendly,Player,Active,Navigate,AutomationPilot,"",0,0.8,0,"",False,False,True
24.790000000001076,"TRAINER-01","TRAINER-01",Friendly,Player,Active,Navigate,AutomationPilot,"",0,0.8,0,"",False,False,True
24.990000000001107,"TRAINER-01","TRAINER-01",Friendly,Player,Active,Navigate,AutomationPilot,"",0,0.8,0,"",False,False,True
25.190000000001138,"TRAINER-01","TRAINER-01",Friendly,Player,Active,Navigate,AutomationPilot,"",0,0.8,0,"",False,False,True
25.390000000001169,"TRAINER-01","TRAINER-01",Friendly,Player,Active,Navigate,AutomationPilot,"",0,0.8,0,"",False,False,True
25.5900000000012,"TRAINER-01","TRAINER-01",Friendly,Player,Active,Navigate,AutomationPilot,"",0,0.8,0,"",False,False,True
25.790000000001232,"TRAINER-01","TRAINER-01",Friendly,Player,Active,Navigate,AutomationPilot,"",0,0.8,0,"",False,False,True
25.990000000001263,"TRAINER-01","TRAINER-01",Friendly,Player,Active,Navigate,AutomationPilot,"",0,0.8,0,"",False,False,True
26.190000000001294,"TRAINER-01","TRAINER-01",Friendly,Player,Active,Navigate,AutomationPilot,"",0,0.8,0,"",False,False,True
26.390000000001326,"TRAINER-01","TRAINER-01",Friendly,Player,Active,Navigate,AutomationPilot,"",0,0.8,0,"",False,False,True
26.590000000001357,"TRAINER-01","TRAINER-01",Friendly,Player,Active,Navigate,AutomationPilot,"",0,0.8,0,"",False,False,True
26.790000000001388,"TRAINER-01","TRAINER-01",Friendly,Player,Active,Navigate,AutomationPilot,"",0,0.8,0,"",False,False,True
26.99000000000142,"TRAINER-01","TRAINER-01",Friendly,Player,Active,Navigate,AutomationPilot,"",0,0.8,0,"",False,False,True
27.190000000001451,"TRAINER-01","TRAINER-01",Friendly,Player,Active,Navigate,AutomationPilot,"",0,0.8,0,"",False,False,True
27.390000000001482,"TRAINER-01","TRAINER-01",Friendly,Player,Active,Navigate,AutomationPilot,"",0,0.8,0,"",False,False,True
27.590000000001513,"TRAINER-01","TRAINER-01",Friendly,Player,Active,Navigate,AutomationPilot,"",0,0.8,0,"",False,False,True
27.790000000001545,"TRAINER-01","TRAINER-01",Friendly,Player,Active,Navigate,AutomationPilot,"",0,0.8,0,"",False,False,True
27.990000000001576,"TRAINER-01","TRAINER-01",Friendly,Player,Active,Navigate,AutomationPilot,"",0,0.8,0,"",False,False,True
28.190000000001607,"TRAINER-01","TRAINER-01",Friendly,Player,Active,Navigate,AutomationPilot,"",0,0.8,0,"",False,False,True
28.390000000001638,"TRAINER-01","TRAINER-01",Friendly,Player,Active,Navigate,AutomationPilot,"",0,0.8,0,"",False,False,True
28.59000000000167,"TRAINER-01","TRAINER-01",Friendly,Player,Active,Navigate,AutomationPilot,"",0,0.8,0,"",False,False,True
28.7900000000017,"TRAINER-01","TRAINER-01",Friendly,Player,Active,Navigate,AutomationPilot,"",0,0.8,0,"",False,False,True
28.990000000001732,"TRAINER-01","TRAINER-01",Friendly,Player,Active,Navigate,AutomationPilot,"",0,0.8,0,"",False,False,True
29.190000000001763,"TRAINER-01","TRAINER-01",Friendly,Player,Active,Navigate,AutomationPilot,"",0,0.8,0,"",False,False,True
29.390000000001795,"TRAINER-01","TRAINER-01",Friendly,Player,Active,Navigate,AutomationPilot,"",0,0.8,0,"",False,False,True
29.590000000001826,"TRAINER-01","TRAINER-01",Friendly,Player,Active,Navigate,AutomationPilot,"",0,0.8,0,"",False,False,True
29.790000000001857,"TRAINER-01","TRAINER-01",Friendly,Player,Active,Navigate,AutomationPilot,"",0,0.8,0,"",False,False,True
29.990000000001888,"TRAINER-01","TRAINER-01",Friendly,Player,Active,Navigate,AutomationPilot,"",0,0.8,0,"",False,False,True
30.19000000000192,"TRAINER-01","TRAINER-01",Friendly,Player,Active,Navigate,AutomationPilot,"",0,0.8,0,"",False,False,True
30.390000000001951,"TRAINER-01","TRAINER-01",Friendly,Player,Active,Navigate,AutomationPilot,"",0,0.8,0,"",False,False,True
30.590000000001982,"TRAINER-01","TRAINER-01",Friendly,Player,Active,Navigate,AutomationPilot,"",0,0.8,0,"",False,False,True
30.790000000002014,"TRAINER-01","TRAINER-01",Friendly,Player,Active,Navigate,AutomationPilot,"",0,0.8,0,"",False,False,True
30.990000000002045,"TRAINER-01","TRAINER-01",Friendly,Player,Active,Navigate,AutomationPilot,"",0,0.8,0,"",False,False,True
31.190000000002076,"TRAINER-01","TRAINER-01",Friendly,Player,Active,Navigate,AutomationPilot,"",0,0.8,0,"",False,False,True
31.390000000002107,"TRAINER-01","TRAINER-01",Friendly,Player,Active,Navigate,AutomationPilot,"",0,0.8,0,"",False,False,True
31.590000000002139,"TRAINER-01","TRAINER-01",Friendly,Player,Active,Navigate,AutomationPilot,"",0,0.8,0,"",False,False,True
31.79000000000217,"TRAINER-01","TRAINER-01",Friendly,Player,Active,Navigate,AutomationPilot,"",0,0.8,0,"",False,False,True
31.9900000000022,"TRAINER-01","TRAINER-01",Friendly,Player,Active,Navigate,AutomationPilot,"",0,0.8,0,"",False,False,True
32.190000000002165,"TRAINER-01","TRAINER-01",Friendly,Player,Active,Navigate,AutomationPilot,"",0,0.8,0,"",False,False,True
32.390000000002125,"TRAINER-01","TRAINER-01",Friendly,Player,Active,Navigate,AutomationPilot,"",0,0.8,0,"",False,False,True
32.590000000002085,"TRAINER-01","TRAINER-01",Friendly,Player,Active,Navigate,AutomationPilot,"",0,0.8,0,"",False,False,True
32.790000000002046,"TRAINER-01","TRAINER-01",Friendly,Player,Active,Navigate,AutomationPilot,"",0,0.8,0,"",False,False,True
32.990000000002006,"TRAINER-01","TRAINER-01",Friendly,Player,Active,Navigate,AutomationPilot,"",0,0.8,0,"",False,False,True
33.190000000001966,"TRAINER-01","TRAINER-01",Friendly,Player,Active,Navigate,AutomationPilot,"",0,0.8,1,"",False,False,True
33.390000000001926,"TRAINER-01","TRAINER-01",Friendly,Player,Active,Navigate,AutomationPilot,"",0,0.8,1,"",False,False,True
33.590000000001886,"TRAINER-01","TRAINER-01",Friendly,Player,Active,Navigate,AutomationPilot,"",0,0.8,1,"",False,False,True
33.790000000001847,"TRAINER-01","TRAINER-01",Friendly,Player,Active,Navigate,AutomationPilot,"",0,0.8,1,"",False,False,True
33.990000000001807,"TRAINER-01","TRAINER-01",Friendly,Player,Active,Navigate,AutomationPilot,"",0,0.8,1,"",False,False,True
34.190000000001767,"TRAINER-01","TRAINER-01",Friendly,Player,Active,Navigate,AutomationPilot,"",0,0.8,1,"",False,False,True
34.390000000001727,"TRAINER-01","TRAINER-01",Friendly,Player,Active,Navigate,AutomationPilot,"",0,0.8,1,"",False,False,True
34.590000000001687,"TRAINER-01","TRAINER-01",Friendly,Player,Active,Navigate,AutomationPilot,"",0,0.8,1,"",False,False,True
34.790000000001648,"TRAINER-01","TRAINER-01",Friendly,Player,Active,Navigate,AutomationPilot,"",0,0.8,1,"",False,False,True
34.990000000001608,"TRAINER-01","TRAINER-01",Friendly,Player,Active,Navigate,AutomationPilot,"",0,0.8,1,"",False,False,True
35.190000000001568,"TRAINER-01","TRAINER-01",Friendly,Player,Active,Navigate,AutomationPilot,"",0,0.8,1,"",False,False,True
35.390000000001528,"TRAINER-01","TRAINER-01",Friendly,Player,Active,Navigate,AutomationPilot,"",0,0.8,1,"",False,False,True
35.590000000001488,"TRAINER-01","TRAINER-01",Friendly,Player,Active,Navigate,AutomationPilot,"",0,0.8,1,"",False,False,True
35.790000000001449,"TRAINER-01","TRAINER-01",Friendly,Player,Active,Navigate,AutomationPilot,"",0,0.8,1,"",False,False,True
35.990000000001409,"TRAINER-01","TRAINER-01",Friendly,Player,Active,Navigate,AutomationPilot,"",0,0.8,1,"",False,False,True
36.190000000001369,"TRAINER-01","TRAINER-01",Friendly,Player,Active,Navigate,AutomationPilot,"",0,0.8,1,"",False,False,True
36.390000000001329,"TRAINER-01","TRAINER-01",Friendly,Player,Active,Navigate,AutomationPilot,"",0,0.8,1,"",False,False,True
36.590000000001289,"TRAINER-01","TRAINER-01",Friendly,Player,Active,Navigate,AutomationPilot,"",0,0.8,1,"",False,False,True
36.79000000000125,"TRAINER-01","TRAINER-01",Friendly,Player,Active,Navigate,AutomationPilot,"",0,0.8,1,"",False,False,True
36.99000000000121,"TRAINER-01","TRAINER-01",Friendly,Player,Active,Navigate,AutomationPilot,"",0,0.8,1,"",False,False,True
37.19000000000117,"TRAINER-01","TRAINER-01",Friendly,Player,Active,Navigate,AutomationPilot,"",0,0.8,1,"",False,False,True
37.39000000000113,"TRAINER-01","TRAINER-01",Friendly,Player,Active,Navigate,AutomationPilot,"",0,0.8,1,"",False,False,True
37.590000000001091,"TRAINER-01","TRAINER-01",Friendly,Player,Active,Navigate,AutomationPilot,"",0,0.8,1,"",False,False,True
37.790000000001051,"TRAINER-01","TRAINER-01",Friendly,Player,Active,Navigate,AutomationPilot,"",0,0.8,1,"",False,False,True
37.990000000001011,"TRAINER-01","TRAINER-01",Friendly,Player,Active,Navigate,AutomationPilot,"",0,0.8,1,"",False,False,True
38.190000000000971,"TRAINER-01","TRAINER-01",Friendly,Player,Active,Navigate,AutomationPilot,"",0,0.8,1,"",False,False,True
38.390000000000931,"TRAINER-01","TRAINER-01",Friendly,Player,Active,Navigate,AutomationPilot,"",0,0.8,1,"",False,False,True
38.590000000000892,"TRAINER-01","TRAINER-01",Friendly,Player,Active,Navigate,AutomationPilot,"",0,0.8,1,"",False,False,True
38.790000000000852,"TRAINER-01","TRAINER-01",Friendly,Player,Active,Navigate,AutomationPilot,"",0,0.8,1,"",False,False,True
38.990000000000812,"TRAINER-01","TRAINER-01",Friendly,Player,Active,Navigate,AutomationPilot,"",0,0.8,1,"",False,False,True
39.190000000000772,"TRAINER-01","TRAINER-01",Friendly,Player,Active,Navigate,AutomationPilot,"",0,0.8,1,"",False,False,True
39.390000000000732,"TRAINER-01","TRAINER-01",Friendly,Player,Active,Navigate,AutomationPilot,"",0,0.8,1,"",False,False,True
39.590000000000693,"TRAINER-01","TRAINER-01",Friendly,Player,Active,Navigate,AutomationPilot,"",0,0.8,1,"",False,False,True
39.790000000000653,"TRAINER-01","TRAINER-01",Friendly,Player,Active,Navigate,AutomationPilot,"",0,0.8,1,"",False,False,True
39.990000000000613,"TRAINER-01","TRAINER-01",Friendly,Player,Active,Navigate,AutomationPilot,"",0,0.8,1,"",False,False,True
40.190000000000573,"TRAINER-01","TRAINER-01",Friendly,Player,Active,Navigate,AutomationPilot,"",0,0.8,1,"",False,False,True
40.390000000000533,"TRAINER-01","TRAINER-01",Friendly,Player,Active,Navigate,AutomationPilot,"",0,0.8,1,"",False,False,True
40.590000000000494,"TRAINER-01","TRAINER-01",Friendly,Player,Active,Navigate,AutomationPilot,"",0,0.8,1,"",False,False,True
40.790000000000454,"TRAINER-01","TRAINER-01",Friendly,Player,Active,Navigate,AutomationPilot,"",0,0.8,1,"",False,False,True
40.990000000000414,"TRAINER-01","TRAINER-01",Friendly,Player,Active,Navigate,AutomationPilot,"",0,0.8,1,"",False,False,True
41.190000000000374,"TRAINER-01","TRAINER-01",Friendly,Player,Active,Navigate,AutomationPilot,"",0,0.8,1,"",False,False,True
41.390000000000335,"TRAINER-01","TRAINER-01",Friendly,Player,Active,Navigate,AutomationPilot,"",0,0.8,1,"",False,False,True
41.590000000000295,"TRAINER-01","TRAINER-01",Friendly,Player,Active,Navigate,AutomationPilot,"",0,0.8,1,"",False,False,True
41.790000000000255,"TRAINER-01","TRAINER-01",Friendly,Player,Active,Navigate,AutomationPilot,"",0,0.8,1,"",False,False,True
41.990000000000215,"TRAINER-01","TRAINER-01",Friendly,Player,Active,Navigate,AutomationPilot,"",0,0.8,1,"",False,False,True
42.190000000000175,"TRAINER-01","TRAINER-01",Friendly,Player,Active,Navigate,AutomationPilot,"",0,0.8,1,"",False,False,True
42.390000000000136,"TRAINER-01","TRAINER-01",Friendly,Player,Active,Navigate,AutomationPilot,"",0,0.8,1,"",False,False,True
42.590000000000096,"TRAINER-01","TRAINER-01",Friendly,Player,Active,Navigate,AutomationPilot,"",0,0.8,1,"",False,False,True
42.790000000000056,"TRAINER-01","TRAINER-01",Friendly,Player,Active,Navigate,AutomationPilot,"",0,0.8,1,"",False,False,True
42.990000000000016,"TRAINER-01","TRAINER-01",Friendly,Player,Active,Navigate,AutomationPilot,"",0,0.8,1,"",False,False,True
43.189999999999976,"TRAINER-01","TRAINER-01",Friendly,Player,Active,Navigate,AutomationPilot,"",0,0.8,1,"",False,False,True
43.389999999999937,"TRAINER-01","TRAINER-01",Friendly,Player,Active,Navigate,AutomationPilot,"",0,0.8,1,"",False,False,True
43.5899999999999,"TRAINER-01","TRAINER-01",Friendly,Player,Active,Navigate,AutomationPilot,"",0,0.8,1,"",False,False,True
43.789999999999857,"TRAINER-01","TRAINER-01",Friendly,Player,Active,Navigate,AutomationPilot,"",0,0.8,1,"",False,False,True
43.989999999999817,"TRAINER-01","TRAINER-01",Friendly,Player,Active,Navigate,AutomationPilot,"",0,0.8,1,"",False,False,True
44.189999999999777,"TRAINER-01","TRAINER-01",Friendly,Player,Active,Navigate,AutomationPilot,"",0,0.8,1,"",False,False,True
44.389999999999738,"TRAINER-01","TRAINER-01",Friendly,Player,Active,Navigate,AutomationPilot,"",0,0.8,1,"",False,False,True
44.5899999999997,"TRAINER-01","TRAINER-01",Friendly,Player,Active,Navigate,AutomationPilot,"",0,0.8,1,"",False,False,True
44.789999999999658,"TRAINER-01","TRAINER-01",Friendly,Player,Active,Navigate,AutomationPilot,"",0,0.8,1,"",False,False,True
44.989999999999618,"TRAINER-01","TRAINER-01",Friendly,Player,Active,Navigate,AutomationPilot,"",0,0.8,1,"",False,False,True
45.189999999999579,"TRAINER-01","TRAINER-01",Friendly,Player,Active,Navigate,AutomationPilot,"",0,0.8,1,"",False,False,True
45.389999999999539,"TRAINER-01","TRAINER-01",Friendly,Player,Active,Navigate,AutomationPilot,"",0,0.8,1,"",False,False,True
45.5899999999995,"TRAINER-01","TRAINER-01",Friendly,Player,Active,Navigate,AutomationPilot,"",0,0.8,1,"",False,False,True
45.789999999999459,"TRAINER-01","TRAINER-01",Friendly,Player,Active,Navigate,AutomationPilot,"",0,0.8,1,"",False,False,True
45.989999999999419,"TRAINER-01","TRAINER-01",Friendly,Player,Active,Navigate,AutomationPilot,"",0,0.8,1,"",False,False,True
46.18999999999938,"TRAINER-01","TRAINER-01",Friendly,Player,Active,Navigate,AutomationPilot,"",0,0.8,1,"",False,False,True
46.38999999999934,"TRAINER-01","TRAINER-01",Friendly,Player,Active,Navigate,AutomationPilot,"",0,0.8,1,"",False,False,True
46.5899999999993,"TRAINER-01","TRAINER-01",Friendly,Player,Active,Navigate,AutomationPilot,"",0,0.8,1,"",False,False,True
46.78999999999926,"TRAINER-01","TRAINER-01",Friendly,Player,Active,Navigate,AutomationPilot,"",0,0.8,1,"",False,False,True
46.98999999999922,"TRAINER-01","TRAINER-01",Friendly,Player,Active,Navigate,AutomationPilot,"",0,0.8,1,"",False,False,True
47.189999999999181,"TRAINER-01","TRAINER-01",Friendly,Player,Active,Navigate,AutomationPilot,"",0,0.8,1,"",False,False,True
47.389999999999141,"TRAINER-01","TRAINER-01",Friendly,Player,Active,Navigate,AutomationPilot,"",0,0.8,1,"",False,False,True
47.5899999999991,"TRAINER-01","TRAINER-01",Friendly,Player,Active,Navigate,AutomationPilot,"",0,0.8,1,"",False,False,True
47.789999999999061,"TRAINER-01","TRAINER-01",Friendly,Player,Active,Navigate,AutomationPilot,"",0,0.8,1,"",False,False,True
47.989999999999021,"TRAINER-01","TRAINER-01",Friendly,Player,Active,Navigate,AutomationPilot,"",0,0.8,1,"",False,False,True
48.189999999998982,"TRAINER-01","TRAINER-01",Friendly,Player,Active,Navigate,AutomationPilot,"",0,0.8,1,"",False,False,True
48.389999999998942,"TRAINER-01","TRAINER-01",Friendly,Player,Active,Navigate,AutomationPilot,"",0,0.8,1,"",False,False,True
48.5899999999989,"TRAINER-01","TRAINER-01",Friendly,Player,Active,Navigate,AutomationPilot,"",0,0.8,1,"",False,False,True
48.789999999998862,"TRAINER-01","TRAINER-01",Friendly,Player,Active,Navigate,AutomationPilot,"",0,0.8,1,"",False,False,True
48.989999999998822,"TRAINER-01","TRAINER-01",Friendly,Player,Active,Navigate,AutomationPilot,"",0,0.8,1,"",False,False,True
49.189999999998783,"TRAINER-01","TRAINER-01",Friendly,Player,Active,Navigate,AutomationPilot,"",0,0.8,1,"",False,False,True
49.389999999998743,"TRAINER-01","TRAINER-01",Friendly,Player,Active,Navigate,AutomationPilot,"",0,0.8,1,"",False,False,True
49.5899999999987,"TRAINER-01","TRAINER-01",Friendly,Player,Active,Navigate,AutomationPilot,"",0,0.8,1,"",False,False,True
49.789999999998663,"TRAINER-01","TRAINER-01",Friendly,Player,Active,Navigate,AutomationPilot,"",0,0.8,1,"",False,False,True
49.989999999998624,"TRAINER-01","TRAINER-01",Friendly,Player,Active,Navigate,AutomationPilot,"",0,0.8,1,"",False,False,True
50.189999999998584,"TRAINER-01","TRAINER-01",Friendly,Player,Active,Navigate,AutomationPilot,"",0,0.8,1,"",False,False,True
50.389999999998544,"TRAINER-01","TRAINER-01",Friendly,Player,Active,Navigate,AutomationPilot,"",0,0.8,1,"",False,False,True
50.589999999998504,"TRAINER-01","TRAINER-01",Friendly,Player,Active,Navigate,AutomationPilot,"",0,0.8,1,"",False,False,True
50.789999999998464,"TRAINER-01","TRAINER-01",Friendly,Player,Active,Navigate,AutomationPilot,"",0,0.8,1,"",False,False,True
50.989999999998425,"TRAINER-01","TRAINER-01",Friendly,Player,Active,Navigate,AutomationPilot,"",0,0.8,1,"",False,False,True
51.189999999998385,"TRAINER-01","TRAINER-01",Friendly,Player,Active,Navigate,AutomationPilot,"",0,0.8,1,"",False,False,True
51.389999999998345,"TRAINER-01","TRAINER-01",Friendly,Player,Active,Navigate,AutomationPilot,"",0,0.8,1,"",False,False,True
51.589999999998305,"TRAINER-01","TRAINER-01",Friendly,Player,Active,Navigate,AutomationPilot,"",0,0.8,1,"",False,False,True
51.789999999998265,"TRAINER-01","TRAINER-01",Friendly,Player,Active,Navigate,AutomationPilot,"",0,0.8,1,"",False,False,True
51.989999999998226,"TRAINER-01","TRAINER-01",Friendly,Player,Active,Navigate,AutomationPilot,"",0,0.8,1,"",False,False,True
52.189999999998186,"TRAINER-01","TRAINER-01",Friendly,Player,Active,Navigate,AutomationPilot,"",0,0.8,1,"",False,False,True
52.389999999998146,"TRAINER-01","TRAINER-01",Friendly,Player,Active,Navigate,AutomationPilot,"",0,0.8,1,"",False,False,True
52.589999999998106,"TRAINER-01","TRAINER-01",Friendly,Player,Active,Navigate,AutomationPilot,"",0,0.8,1,"",False,False,True
52.789999999998066,"TRAINER-01","TRAINER-01",Friendly,Player,Active,Navigate,AutomationPilot,"",0,0.8,1,"",False,False,True
52.989999999998027,"TRAINER-01","TRAINER-01",Friendly,Player,Active,Navigate,AutomationPilot,"",0,0.8,1,"",False,False,True
53.189999999997987,"TRAINER-01","TRAINER-01",Friendly,Player,Active,Navigate,AutomationPilot,"",0,0.8,1,"",False,False,True
53.389999999997947,"TRAINER-01","TRAINER-01",Friendly,Player,Active,Navigate,AutomationPilot,"",0,0.8,1,"",False,False,True
53.589999999997907,"TRAINER-01","TRAINER-01",Friendly,Player,Active,Navigate,AutomationPilot,"",0,0.8,1,"",False,False,True
53.789999999997868,"TRAINER-01","TRAINER-01",Friendly,Player,Active,Navigate,AutomationPilot,"",0,0.8,1,"",False,False,True
53.989999999997828,"TRAINER-01","TRAINER-01",Friendly,Player,Active,Navigate,AutomationPilot,"",0,0.8,1,"",False,False,True
54.189999999997788,"TRAINER-01","TRAINER-01",Friendly,Player,Active,Navigate,AutomationPilot,"",0,0.8,1,"",False,False,True
54.389999999997748,"TRAINER-01","TRAINER-01",Friendly,Player,Active,Navigate,AutomationPilot,"",0,0.8,1,"",False,False,True
54.589999999997708,"TRAINER-01","TRAINER-01",Friendly,Player,Active,Navigate,AutomationPilot,"",0,0.8,1,"",False,False,True
54.789999999997669,"TRAINER-01","TRAINER-01",Friendly,Player,Active,Navigate,AutomationPilot,"",0,0.8,1,"",False,False,True
54.989999999997629,"TRAINER-01","TRAINER-01",Friendly,Player,Active,Navigate,AutomationPilot,"",0,0.8,1,"",False,False,True
55.189999999997589,"TRAINER-01","TRAINER-01",Friendly,Player,Active,Navigate,AutomationPilot,"",0,0.8,1,"",False,False,True
55.389999999997549,"TRAINER-01","TRAINER-01",Friendly,Player,Active,Navigate,AutomationPilot,"",0,0.8,1,"",False,False,True
55.589999999997509,"TRAINER-01","TRAINER-01",Friendly,Player,Active,Navigate,AutomationPilot,"",0,0.8,1,"",False,False,True
55.78999999999747,"TRAINER-01","TRAINER-01",Friendly,Player,Active,Navigate,AutomationPilot,"",0,0.8,1,"",False,False,True
55.98999999999743,"TRAINER-01","TRAINER-01",Friendly,Player,Active,Navigate,AutomationPilot,"",0,0.8,1,"",False,False,True
56.18999999999739,"TRAINER-01","TRAINER-01",Friendly,Player,Active,Navigate,AutomationPilot,"",0,0.8,1,"",False,False,True
56.38999999999735,"TRAINER-01","TRAINER-01",Friendly,Player,Active,Navigate,AutomationPilot,"",0,0.8,1,"",False,False,True
56.58999999999731,"TRAINER-01","TRAINER-01",Friendly,Player,Active,Navigate,AutomationPilot,"",0,0.8,1,"",False,False,True
56.789999999997271,"TRAINER-01","TRAINER-01",Friendly,Player,Active,Navigate,AutomationPilot,"",0,0.8,1,"",False,False,True
56.989999999997231,"TRAINER-01","TRAINER-01",Friendly,Player,Active,Navigate,AutomationPilot,"",0,0.8,1,"",False,False,True
57.189999999997191,"TRAINER-01","TRAINER-01",Friendly,Player,Active,Navigate,AutomationPilot,"",0,0.8,1,"",False,False,True
57.389999999997151,"TRAINER-01","TRAINER-01",Friendly,Player,Active,Navigate,AutomationPilot,"",0,0.8,1,"",False,False,True
57.589999999997112,"TRAINER-01","TRAINER-01",Friendly,Player,Active,Navigate,AutomationPilot,"",0,0.8,1,"",False,False,True
57.789999999997072,"TRAINER-01","TRAINER-01",Friendly,Player,Active,Navigate,AutomationPilot,"",0,0.8,1,"",False,False,True
57.989999999997032,"TRAINER-01","TRAINER-01",Friendly,Player,Active,Navigate,AutomationPilot,"",0,0.8,1,"",False,False,True
58.189999999996992,"TRAINER-01","TRAINER-01",Friendly,Player,Active,Navigate,AutomationPilot,"",0,0.8,1,"",False,False,True
58.389999999996952,"TRAINER-01","TRAINER-01",Friendly,Player,Active,Navigate,AutomationPilot,"",0,0.8,1,"",False,False,True
58.589999999996913,"TRAINER-01","TRAINER-01",Friendly,Player,Active,Navigate,AutomationPilot,"",0,0.8,1,"",False,False,True
58.789999999996873,"TRAINER-01","TRAINER-01",Friendly,Player,Active,Navigate,AutomationPilot,"",0,0.8,1,"",False,False,True
58.989999999996833,"TRAINER-01","TRAINER-01",Friendly,Player,Active,Navigate,AutomationPilot,"",0,0.8,1,"",False,False,True
59.189999999996793,"TRAINER-01","TRAINER-01",Friendly,Player,Active,Navigate,AutomationPilot,"",0,0.8,1,"",False,False,True
59.389999999996753,"TRAINER-01","TRAINER-01",Friendly,Player,Active,Navigate,AutomationPilot,"",0,0.8,1,"",False,False,True
59.589999999996714,"TRAINER-01","TRAINER-01",Friendly,Player,Active,Navigate,AutomationPilot,"",0,0.8,1,"",False,False,True
59.789999999996674,"TRAINER-01","TRAINER-01",Friendly,Player,Active,Navigate,AutomationPilot,"",0,0.8,1,"",False,False,True
59.989999999996634,"TRAINER-01","TRAINER-01",Friendly,Player,Active,Navigate,AutomationPilot,"",0,0.8,1,"",False,False,True
60.189999999996594,"TRAINER-01","TRAINER-01",Friendly,Player,Active,Navigate,AutomationPilot,"",0,0.8,1,"",False,False,True
60.389999999996554,"TRAINER-01","TRAINER-01",Friendly,Player,Active,Navigate,AutomationPilot,"",0,0.8,1,"",False,False,True
60.589999999996515,"TRAINER-01","TRAINER-01",Friendly,Player,Active,Navigate,AutomationPilot,"",0,0.8,1,"",False,False,True
60.789999999996475,"TRAINER-01","TRAINER-01",Friendly,Player,Active,Navigate,AutomationPilot,"",0,0.8,1,"",False,False,True
60.989999999996435,"TRAINER-01","TRAINER-01",Friendly,Player,Active,Navigate,AutomationPilot,"",0,0.8,1,"",False,False,True
61.189999999996395,"TRAINER-01","TRAINER-01",Friendly,Player,Active,Navigate,AutomationPilot,"",0,0.8,1,"",False,False,True
61.389999999996355,"TRAINER-01","TRAINER-01",Friendly,Player,Active,Navigate,AutomationPilot,"",0,0.8,1,"",False,False,True
61.589999999996316,"TRAINER-01","TRAINER-01",Friendly,Player,Active,Navigate,AutomationPilot,"",0,0.8,1,"",False,False,True
61.789999999996276,"TRAINER-01","TRAINER-01",Friendly,Player,Active,Navigate,AutomationPilot,"",0,0.8,1,"",False,False,True
61.989999999996236,"TRAINER-01","TRAINER-01",Friendly,Player,Active,Navigate,AutomationPilot,"",0,0.8,1,"",False,False,True
62.189999999996196,"TRAINER-01","TRAINER-01",Friendly,Player,Active,Navigate,AutomationPilot,"",0,0.8,1,"",False,False,True
62.389999999996157,"TRAINER-01","TRAINER-01",Friendly,Player,Active,Navigate,AutomationPilot,"",0,0.8,1,"",False,False,True
62.589999999996117,"TRAINER-01","TRAINER-01",Friendly,Player,Active,Navigate,AutomationPilot,"",0,0.8,1,"",False,False,True
62.789999999996077,"TRAINER-01","TRAINER-01",Friendly,Player,Active,Navigate,AutomationPilot,"",0,0.8,1,"",False,False,True
62.989999999996037,"TRAINER-01","TRAINER-01",Friendly,Player,Active,Navigate,AutomationPilot,"",0,0.8,1,"",False,False,True
63.189999999996,"TRAINER-01","TRAINER-01",Friendly,Player,Active,Navigate,AutomationPilot,"",0,0.8,1,"",False,False,True
63.389999999995958,"TRAINER-01","TRAINER-01",Friendly,Player,Active,Navigate,AutomationPilot,"",0,0.8,1,"",False,False,True
63.589999999995918,"TRAINER-01","TRAINER-01",Friendly,Player,Active,Navigate,AutomationPilot,"",0,0.8,1,"",False,False,True
63.789999999995878,"TRAINER-01","TRAINER-01",Friendly,Player,Active,Navigate,AutomationPilot,"",0,0.8,1,"",False,False,True
63.989999999995838,"TRAINER-01","TRAINER-01",Friendly,Player,Active,Navigate,AutomationPilot,"",0,0.8,1,"",False,False,True
64.189999999995933,"TRAINER-01","TRAINER-01",Friendly,Player,Active,Navigate,AutomationPilot,"",0,0.8,1,"",False,False,True
64.389999999996036,"TRAINER-01","TRAINER-01",Friendly,Player,Active,Navigate,AutomationPilot,"",0,0.8,1,"",False,False,True
64.589999999996138,"TRAINER-01","TRAINER-01",Friendly,Player,Active,Navigate,AutomationPilot,"",0,0.8,1,"",False,False,True
64.78999999999624,"TRAINER-01","TRAINER-01",Friendly,Player,Active,Navigate,AutomationPilot,"",0,0.8,1,"",False,False,True
64.989999999996343,"TRAINER-01","TRAINER-01",Friendly,Player,Active,Navigate,AutomationPilot,"",0,0.8,1,"",False,False,True
65.189999999996445,"TRAINER-01","TRAINER-01",Friendly,Player,Active,Navigate,AutomationPilot,"",0,0.8,1,"",False,False,True
65.389999999996547,"TRAINER-01","TRAINER-01",Friendly,Player,Active,Navigate,AutomationPilot,"",0,0.8,1,"",False,False,True
65.58999999999665,"TRAINER-01","TRAINER-01",Friendly,Player,Active,Navigate,AutomationPilot,"",0,0.8,1,"",False,False,True
65.789999999996752,"TRAINER-01","TRAINER-01",Friendly,Player,Active,Navigate,AutomationPilot,"",0,0.8,1,"",False,False,True
65.989999999996854,"TRAINER-01","TRAINER-01",Friendly,Player,Active,Navigate,AutomationPilot,"",0,0.8,1,"",False,False,True
66.189999999996957,"TRAINER-01","TRAINER-01",Friendly,Player,Active,Navigate,AutomationPilot,"",0,0.8,1,"",False,False,True
66.389999999997059,"TRAINER-01","TRAINER-01",Friendly,Player,Active,Navigate,AutomationPilot,"",0,0.8,1,"",False,False,True
66.589999999997161,"TRAINER-01","TRAINER-01",Friendly,Player,Active,Navigate,AutomationPilot,"",0,0.8,1,"",False,False,True
66.789999999997264,"TRAINER-01","TRAINER-01",Friendly,Player,Active,Navigate,AutomationPilot,"",0,0.8,1,"",False,False,True
66.989999999997366,"TRAINER-01","TRAINER-01",Friendly,Player,Active,Navigate,AutomationPilot,"",0,0.8,1,"",False,False,True
67.189999999997468,"TRAINER-01","TRAINER-01",Friendly,Player,Active,Navigate,AutomationPilot,"",0,0.8,1,"",False,False,True
67.389999999997571,"TRAINER-01","TRAINER-01",Friendly,Player,Active,Navigate,AutomationPilot,"",0,0.8,1,"",False,False,True
67.589999999997673,"TRAINER-01","TRAINER-01",Friendly,Player,Active,Navigate,AutomationPilot,"",0,0.8,1,"",False,False,True
67.789999999997775,"TRAINER-01","TRAINER-01",Friendly,Player,Active,Navigate,AutomationPilot,"",0,0.8,1,"",False,False,True
67.989999999997877,"TRAINER-01","TRAINER-01",Friendly,Player,Active,Navigate,AutomationPilot,"",0,0.8,1,"",False,False,True
68.18999999999798,"TRAINER-01","TRAINER-01",Friendly,Player,Active,Navigate,AutomationPilot,"",0,0.8,1,"",False,False,True
68.389999999998082,"TRAINER-01","TRAINER-01",Friendly,Player,Active,Navigate,AutomationPilot,"",0,0.8,1,"",False,False,True
68.589999999998184,"TRAINER-01","TRAINER-01",Friendly,Player,Active,Navigate,AutomationPilot,"",0,0.8,1,"",False,False,True
68.789999999998287,"TRAINER-01","TRAINER-01",Friendly,Player,Active,Navigate,AutomationPilot,"",0,0.8,1,"",False,False,True
68.989999999998389,"TRAINER-01","TRAINER-01",Friendly,Player,Active,Navigate,AutomationPilot,"",0,0.8,1,"",False,False,True
69.189999999998491,"TRAINER-01","TRAINER-01",Friendly,Player,Active,Navigate,AutomationPilot,"",0,0.8,1,"",False,False,True
69.3899999999986,"TRAINER-01","TRAINER-01",Friendly,Player,Active,Navigate,AutomationPilot,"",0,0.8,1,"",False,False,True
69.5899999999987,"TRAINER-01","TRAINER-01",Friendly,Player,Active,Navigate,AutomationPilot,"",0,0.8,1,"",False,False,True
69.7899999999988,"TRAINER-01","TRAINER-01",Friendly,Player,Active,Navigate,AutomationPilot,"",0,0.8,1,"",False,False,True
69.9899999999989,"TRAINER-01","TRAINER-01",Friendly,Player,Active,Navigate,AutomationPilot,"",0,0.8,1,"",False,False,True
70.189999999999,"TRAINER-01","TRAINER-01",Friendly,Player,Active,Navigate,AutomationPilot,"",0,0.8,1,"",False,False,True
70.3899999999991,"TRAINER-01","TRAINER-01",Friendly,Player,Active,Navigate,AutomationPilot,"",0,0.8,1,"",False,False,True
70.589999999999208,"TRAINER-01","TRAINER-01",Friendly,Player,Active,Navigate,AutomationPilot,"",0,0.8,1,"",False,False,True
70.78999999999931,"TRAINER-01","TRAINER-01",Friendly,Player,Active,Navigate,AutomationPilot,"",0,0.8,1,"",False,False,True
70.989999999999412,"TRAINER-01","TRAINER-01",Friendly,Player,Active,Navigate,AutomationPilot,"",0,0.8,1,"",False,False,True
71.189999999999515,"TRAINER-01","TRAINER-01",Friendly,Player,Active,Navigate,AutomationPilot,"",0,0.8,1,"",False,False,True
71.389999999999617,"TRAINER-01","TRAINER-01",Friendly,Player,Active,Navigate,AutomationPilot,"",0,0.8,1,"",False,False,True
71.589999999999719,"TRAINER-01","TRAINER-01",Friendly,Player,Active,Navigate,AutomationPilot,"",0,0.8,1,"",False,False,True
71.789999999999822,"TRAINER-01","TRAINER-01",Friendly,Player,Active,Navigate,AutomationPilot,"",0,0.8,1,"",False,False,True
71.989999999999924,"TRAINER-01","TRAINER-01",Friendly,Player,Active,Navigate,AutomationPilot,"",0,0.8,1,"",False,False,True
72.190000000000026,"TRAINER-01","TRAINER-01",Friendly,Player,Active,Navigate,AutomationPilot,"",0,0.8,1,"",False,False,True
72.390000000000128,"TRAINER-01","TRAINER-01",Friendly,Player,Active,Navigate,AutomationPilot,"",0,0.8,1,"",False,False,True
72.590000000000231,"TRAINER-01","TRAINER-01",Friendly,Player,Active,Navigate,AutomationPilot,"",0,0.8,1,"",False,False,True
72.790000000000333,"TRAINER-01","TRAINER-01",Friendly,Player,Active,Navigate,AutomationPilot,"",0,0.8,1,"",False,False,True
72.990000000000435,"TRAINER-01","TRAINER-01",Friendly,Player,Active,Navigate,AutomationPilot,"",0,0.8,1,"",False,False,True
73.190000000000538,"TRAINER-01","TRAINER-01",Friendly,Player,Active,Navigate,AutomationPilot,"",0,0.8,1,"",False,False,True
73.39000000000064,"TRAINER-01","TRAINER-01",Friendly,Player,Active,Navigate,AutomationPilot,"",0,0.8,1,"",False,False,True
73.590000000000742,"TRAINER-01","TRAINER-01",Friendly,Player,Active,Navigate,AutomationPilot,"",0,0.8,1,"",False,False,True
73.790000000000845,"TRAINER-01","TRAINER-01",Friendly,Player,Active,Navigate,AutomationPilot,"",0,0.8,1,"",False,False,True
73.990000000000947,"TRAINER-01","TRAINER-01",Friendly,Player,Active,Navigate,AutomationPilot,"",0,0.8,1,"",False,False,True
74.190000000001049,"TRAINER-01","TRAINER-01",Friendly,Player,Active,Navigate,AutomationPilot,"",0,0.8,1,"",False,False,True
74.390000000001152,"TRAINER-01","TRAINER-01",Friendly,Player,Active,Navigate,AutomationPilot,"",0,0.8,1,"",False,False,True
74.590000000001254,"TRAINER-01","TRAINER-01",Friendly,Player,Active,Navigate,AutomationPilot,"",0,0.8,1,"",False,False,True
74.790000000001356,"TRAINER-01","TRAINER-01",Friendly,Player,Active,Navigate,AutomationPilot,"",0,0.8,1,"",False,False,True
74.990000000001459,"TRAINER-01","TRAINER-01",Friendly,Player,Active,Navigate,AutomationPilot,"",0,0.8,1,"",False,False,True
75.190000000001561,"TRAINER-01","TRAINER-01",Friendly,Player,Active,Navigate,AutomationPilot,"",0,0.8,1,"",False,False,True
75.390000000001663,"TRAINER-01","TRAINER-01",Friendly,Player,Active,Navigate,AutomationPilot,"",0,0.8,1,"",False,False,True
75.590000000001766,"TRAINER-01","TRAINER-01",Friendly,Player,Active,Navigate,AutomationPilot,"",0,0.8,1,"",False,False,True
75.790000000001868,"TRAINER-01","TRAINER-01",Friendly,Player,Active,Navigate,AutomationPilot,"",0,0.8,1,"",False,False,True
75.99000000000197,"TRAINER-01","TRAINER-01",Friendly,Player,Active,Navigate,AutomationPilot,"",0,0.8,1,"",False,False,True
76.190000000002073,"TRAINER-01","TRAINER-01",Friendly,Player,Active,Navigate,AutomationPilot,"",0,0.8,1,"",False,False,True
76.390000000002175,"TRAINER-01","TRAINER-01",Friendly,Player,Active,Navigate,AutomationPilot,"",0,0.8,1,"",False,False,True
76.590000000002277,"TRAINER-01","TRAINER-01",Friendly,Player,Active,Navigate,AutomationPilot,"",0,0.8,1,"",False,False,True
76.790000000002379,"TRAINER-01","TRAINER-01",Friendly,Player,Active,Navigate,AutomationPilot,"",0,0.8,1,"",False,False,True
76.990000000002482,"TRAINER-01","TRAINER-01",Friendly,Player,Active,Navigate,AutomationPilot,"",0,0.8,1,"",False,False,True
77.190000000002584,"TRAINER-01","TRAINER-01",Friendly,Player,Active,Navigate,AutomationPilot,"",0,0.8,1,"",False,False,True
77.390000000002686,"TRAINER-01","TRAINER-01",Friendly,Player,Active,Navigate,AutomationPilot,"",0,0.8,1,"",False,False,True
77.590000000002789,"TRAINER-01","TRAINER-01",Friendly,Player,Active,Navigate,AutomationPilot,"",0,0.8,1,"",False,False,True
77.790000000002891,"TRAINER-01","TRAINER-01",Friendly,Player,Active,Navigate,AutomationPilot,"",0,0.8,1,"",False,False,True
77.990000000003,"TRAINER-01","TRAINER-01",Friendly,Player,Active,Navigate,AutomationPilot,"",0,0.8,1,"",False,False,True
78.1900000000031,"TRAINER-01","TRAINER-01",Friendly,Player,Active,Navigate,AutomationPilot,"",0,0.8,1,"",False,False,True
78.3900000000032,"TRAINER-01","TRAINER-01",Friendly,Player,Active,Navigate,AutomationPilot,"",0,0.8,1,"",False,False,True
78.5900000000033,"TRAINER-01","TRAINER-01",Friendly,Player,Active,Navigate,AutomationPilot,"",0,0.8,1,"",False,False,True
78.7900000000034,"TRAINER-01","TRAINER-01",Friendly,Player,Active,Navigate,AutomationPilot,"",0,0.8,1,"",False,False,True
78.9900000000035,"TRAINER-01","TRAINER-01",Friendly,Player,Active,Navigate,AutomationPilot,"",0,0.8,1,"",False,False,True
79.190000000003607,"TRAINER-01","TRAINER-01",Friendly,Player,Active,Navigate,AutomationPilot,"",0,0.8,1,"",False,False,True
79.39000000000371,"TRAINER-01","TRAINER-01",Friendly,Player,Active,Navigate,AutomationPilot,"",0,0.8,1,"",False,False,True
79.590000000003812,"TRAINER-01","TRAINER-01",Friendly,Player,Active,Navigate,AutomationPilot,"",0,0.8,1,"",False,False,True
79.790000000003914,"TRAINER-01","TRAINER-01",Friendly,Player,Active,Navigate,AutomationPilot,"",0,0.8,1,"",False,False,True
79.990000000004017,"TRAINER-01","TRAINER-01",Friendly,Player,Active,Navigate,AutomationPilot,"",0,0.8,1,"",False,False,True
80.190000000004119,"TRAINER-01","TRAINER-01",Friendly,Player,Active,Navigate,AutomationPilot,"",0,0.8,1,"",False,False,True
80.390000000004221,"TRAINER-01","TRAINER-01",Friendly,Player,Active,Navigate,AutomationPilot,"",0,0.8,1,"",False,False,True
80.590000000004324,"TRAINER-01","TRAINER-01",Friendly,Player,Active,Navigate,AutomationPilot,"",0,0.8,1,"",False,False,True
80.790000000004426,"TRAINER-01","TRAINER-01",Friendly,Player,Active,Navigate,AutomationPilot,"",0,0.8,1,"",False,False,True
80.990000000004528,"TRAINER-01","TRAINER-01",Friendly,Player,Active,Navigate,AutomationPilot,"",0,0.8,1,"",False,False,True
81.19000000000463,"TRAINER-01","TRAINER-01",Friendly,Player,Active,Navigate,AutomationPilot,"",0,0.8,1,"",False,False,True
81.390000000004733,"TRAINER-01","TRAINER-01",Friendly,Player,Active,Navigate,AutomationPilot,"",0,0.8,1,"",False,False,True
81.590000000004835,"TRAINER-01","TRAINER-01",Friendly,Player,Active,Navigate,AutomationPilot,"",0,0.8,1,"",False,False,True
81.790000000004937,"TRAINER-01","TRAINER-01",Friendly,Player,Active,Navigate,AutomationPilot,"",0,0.8,1,"",False,False,True
81.99000000000504,"TRAINER-01","TRAINER-01",Friendly,Player,Active,Navigate,AutomationPilot,"",0,0.8,1,"",False,False,True
82.190000000005142,"TRAINER-01","TRAINER-01",Friendly,Player,Active,Navigate,AutomationPilot,"",0,0.8,1,"",False,False,True
82.390000000005244,"TRAINER-01","TRAINER-01",Friendly,Player,Active,Navigate,AutomationPilot,"",0,0.8,1,"",False,False,True
82.590000000005347,"TRAINER-01","TRAINER-01",Friendly,Player,Active,Navigate,AutomationPilot,"",0,0.8,1,"",False,False,True
82.790000000005449,"TRAINER-01","TRAINER-01",Friendly,Player,Active,Navigate,AutomationPilot,"",0,0.8,1,"",False,False,True
82.990000000005551,"TRAINER-01","TRAINER-01",Friendly,Player,Active,Navigate,AutomationPilot,"",0,0.8,1,"",False,False,True
83.190000000005654,"TRAINER-01","TRAINER-01",Friendly,Player,Active,Navigate,AutomationPilot,"",0,0.8,1,"",False,False,True
83.390000000005756,"TRAINER-01","TRAINER-01",Friendly,Player,Active,Navigate,AutomationPilot,"",0,0.8,1,"",False,False,True
83.590000000005858,"TRAINER-01","TRAINER-01",Friendly,Player,Active,Navigate,AutomationPilot,"",0,0.8,1,"",False,False,True
83.790000000005961,"TRAINER-01","TRAINER-01",Friendly,Player,Active,Navigate,AutomationPilot,"",0,0.8,1,"",False,False,True
83.990000000006063,"TRAINER-01","TRAINER-01",Friendly,Player,Active,Navigate,AutomationPilot,"",0,0.8,1,"",False,False,True
84.190000000006165,"TRAINER-01","TRAINER-01",Friendly,Player,Active,Navigate,AutomationPilot,"",0,0.8,2,"",False,False,True
84.390000000006268,"TRAINER-01","TRAINER-01",Friendly,Player,Active,Navigate,AutomationPilot,"",0,0.8,2,"",False,False,True
84.59000000000637,"TRAINER-01","TRAINER-01",Friendly,Player,Active,Navigate,AutomationPilot,"",0,0.8,2,"",False,False,True
84.790000000006472,"TRAINER-01","TRAINER-01",Friendly,Player,Active,Navigate,AutomationPilot,"",0,0.8,2,"",False,False,True
84.990000000006575,"TRAINER-01","TRAINER-01",Friendly,Player,Active,Navigate,AutomationPilot,"",0,0.8,2,"",False,False,True
85.190000000006677,"TRAINER-01","TRAINER-01",Friendly,Player,Active,Navigate,AutomationPilot,"",0,0.8,2,"",False,False,True
85.390000000006779,"TRAINER-01","TRAINER-01",Friendly,Player,Active,Navigate,AutomationPilot,"",0,0.8,2,"",False,False,True
85.590000000006881,"TRAINER-01","TRAINER-01",Friendly,Player,Active,Navigate,AutomationPilot,"",0,0.8,2,"",False,False,True
85.790000000006984,"TRAINER-01","TRAINER-01",Friendly,Player,Active,Navigate,AutomationPilot,"",0,0.8,2,"",False,False,True
85.990000000007086,"TRAINER-01","TRAINER-01",Friendly,Player,Active,Navigate,AutomationPilot,"",0,0.8,2,"",False,False,True
86.190000000007188,"TRAINER-01","TRAINER-01",Friendly,Player,Active,Navigate,AutomationPilot,"",0,0.8,2,"",False,False,True
86.390000000007291,"TRAINER-01","TRAINER-01",Friendly,Player,Active,Navigate,AutomationPilot,"",0,0.8,2,"",False,False,True
86.5900000000074,"TRAINER-01","TRAINER-01",Friendly,Player,Active,Navigate,AutomationPilot,"",0,0.8,2,"",False,False,True
86.7900000000075,"TRAINER-01","TRAINER-01",Friendly,Player,Active,Navigate,AutomationPilot,"",0,0.8,2,"",False,False,True
86.9900000000076,"TRAINER-01","TRAINER-01",Friendly,Player,Active,Navigate,AutomationPilot,"",0,0.8,2,"",False,False,True
87.1900000000077,"TRAINER-01","TRAINER-01",Friendly,Player,Active,Navigate,AutomationPilot,"",0,0.8,2,"",False,False,True
87.3900000000078,"TRAINER-01","TRAINER-01",Friendly,Player,Active,Navigate,AutomationPilot,"",0,0.8,2,"",False,False,True
87.5900000000079,"TRAINER-01","TRAINER-01",Friendly,Player,Active,Navigate,AutomationPilot,"",0,0.8,2,"",False,False,True
87.790000000008,"TRAINER-01","TRAINER-01",Friendly,Player,Active,Navigate,AutomationPilot,"",0,0.8,2,"",False,False,True
87.990000000008109,"TRAINER-01","TRAINER-01",Friendly,Player,Active,Navigate,AutomationPilot,"",0,0.8,2,"",False,False,True
88.190000000008212,"TRAINER-01","TRAINER-01",Friendly,Player,Active,Navigate,AutomationPilot,"",0,0.8,2,"",False,False,True
88.390000000008314,"TRAINER-01","TRAINER-01",Friendly,Player,Active,Navigate,AutomationPilot,"",0,0.8,2,"",False,False,True
88.590000000008416,"TRAINER-01","TRAINER-01",Friendly,Player,Active,Navigate,AutomationPilot,"",0,0.8,2,"",False,False,True
88.790000000008519,"TRAINER-01","TRAINER-01",Friendly,Player,Active,Navigate,AutomationPilot,"",0,0.8,2,"",False,False,True
88.990000000008621,"TRAINER-01","TRAINER-01",Friendly,Player,Active,Navigate,AutomationPilot,"",0,0.8,2,"",False,False,True
89.190000000008723,"TRAINER-01","TRAINER-01",Friendly,Player,Active,Navigate,AutomationPilot,"",0,0.8,2,"",False,False,True
89.390000000008826,"TRAINER-01","TRAINER-01",Friendly,Player,Active,Navigate,AutomationPilot,"",0,0.8,2,"",False,False,True
89.590000000008928,"TRAINER-01","TRAINER-01",Friendly,Player,Active,Navigate,AutomationPilot,"",0,0.8,2,"",False,False,True
89.79000000000903,"TRAINER-01","TRAINER-01",Friendly,Player,Active,Navigate,AutomationPilot,"",0,0.8,2,"",False,False,True
89.990000000009132,"TRAINER-01","TRAINER-01",Friendly,Player,Active,Navigate,AutomationPilot,"",0,0.8,2,"",False,False,True
90.190000000009235,"TRAINER-01","TRAINER-01",Friendly,Player,Active,Navigate,AutomationPilot,"",0,0.8,2,"",False,False,True
90.390000000009337,"TRAINER-01","TRAINER-01",Friendly,Player,Active,Navigate,AutomationPilot,"",0,0.8,2,"",False,False,True
90.590000000009439,"TRAINER-01","TRAINER-01",Friendly,Player,Active,Navigate,AutomationPilot,"",0,0.8,2,"",False,False,True
90.790000000009542,"TRAINER-01","TRAINER-01",Friendly,Player,Active,Navigate,AutomationPilot,"",0,0.8,2,"",False,False,True
90.990000000009644,"TRAINER-01","TRAINER-01",Friendly,Player,Active,Navigate,AutomationPilot,"",0,0.8,2,"",False,False,True
91.190000000009746,"TRAINER-01","TRAINER-01",Friendly,Player,Active,Navigate,AutomationPilot,"",0,0.8,2,"",False,False,True
91.390000000009849,"TRAINER-01","TRAINER-01",Friendly,Player,Active,Navigate,AutomationPilot,"",0,0.8,2,"",False,False,True
91.590000000009951,"TRAINER-01","TRAINER-01",Friendly,Player,Active,Navigate,AutomationPilot,"",0,0.8,2,"",False,False,True
91.790000000010053,"TRAINER-01","TRAINER-01",Friendly,Player,Active,Navigate,AutomationPilot,"",0,0.8,2,"",False,False,True
91.990000000010156,"TRAINER-01","TRAINER-01",Friendly,Player,Active,Navigate,AutomationPilot,"",0,0.8,2,"",False,False,True
92.190000000010258,"TRAINER-01","TRAINER-01",Friendly,Player,Active,Navigate,AutomationPilot,"",0,0.8,2,"",False,False,True
92.39000000001036,"TRAINER-01","TRAINER-01",Friendly,Player,Active,Navigate,AutomationPilot,"",0,0.8,2,"",False,False,True
92.590000000010463,"TRAINER-01","TRAINER-01",Friendly,Player,Active,Navigate,AutomationPilot,"",0,0.8,2,"",False,False,True
92.790000000010565,"TRAINER-01","TRAINER-01",Friendly,Player,Active,Navigate,AutomationPilot,"",0,0.8,2,"",False,False,True
92.990000000010667,"TRAINER-01","TRAINER-01",Friendly,Player,Active,Navigate,AutomationPilot,"",0,0.8,2,"",False,False,True
93.19000000001077,"TRAINER-01","TRAINER-01",Friendly,Player,Active,Navigate,AutomationPilot,"",0,0.8,2,"",False,False,True
93.390000000010872,"TRAINER-01","TRAINER-01",Friendly,Player,Active,Navigate,AutomationPilot,"",0,0.8,2,"",False,False,True
93.590000000010974,"TRAINER-01","TRAINER-01",Friendly,Player,Active,Navigate,AutomationPilot,"",0,0.8,2,"",False,False,True
93.790000000011077,"TRAINER-01","TRAINER-01",Friendly,Player,Active,Navigate,AutomationPilot,"",0,0.8,2,"",False,False,True
93.990000000011179,"TRAINER-01","TRAINER-01",Friendly,Player,Active,Navigate,AutomationPilot,"",0,0.8,2,"",False,False,True
94.190000000011281,"TRAINER-01","TRAINER-01",Friendly,Player,Active,Navigate,AutomationPilot,"",0,0.8,2,"",False,False,True
94.390000000011383,"TRAINER-01","TRAINER-01",Friendly,Player,Active,Navigate,AutomationPilot,"",0,0.8,2,"",False,False,True
94.590000000011486,"TRAINER-01","TRAINER-01",Friendly,Player,Active,Navigate,AutomationPilot,"",0,0.8,2,"",False,False,True
94.790000000011588,"TRAINER-01","TRAINER-01",Friendly,Player,Active,Navigate,AutomationPilot,"",0,0.8,2,"",False,False,True
94.99000000001169,"TRAINER-01","TRAINER-01",Friendly,Player,Active,Navigate,AutomationPilot,"",0,0.8,2,"",False,False,True
95.190000000011793,"TRAINER-01","TRAINER-01",Friendly,Player,Active,Navigate,AutomationPilot,"",0,0.8,2,"",False,False,True
95.3900000000119,"TRAINER-01","TRAINER-01",Friendly,Player,Active,Navigate,AutomationPilot,"",0,0.8,2,"",False,False,True
95.590000000012,"TRAINER-01","TRAINER-01",Friendly,Player,Active,Navigate,AutomationPilot,"",0,0.8,2,"",False,False,True
95.7900000000121,"TRAINER-01","TRAINER-01",Friendly,Player,Active,Navigate,AutomationPilot,"",0,0.8,2,"",False,False,True
95.9900000000122,"TRAINER-01","TRAINER-01",Friendly,Player,Active,Navigate,AutomationPilot,"",0,0.8,2,"",False,False,True
96.1900000000123,"TRAINER-01","TRAINER-01",Friendly,Player,Active,Navigate,AutomationPilot,"",0,0.8,2,"",False,False,True
96.3900000000124,"TRAINER-01","TRAINER-01",Friendly,Player,Active,Navigate,AutomationPilot,"",0,0.8,2,"",False,False,True
96.590000000012509,"TRAINER-01","TRAINER-01",Friendly,Player,Active,Navigate,AutomationPilot,"",0,0.8,2,"",False,False,True
96.790000000012611,"TRAINER-01","TRAINER-01",Friendly,Player,Active,Navigate,AutomationPilot,"",0,0.8,2,"",False,False,True
96.990000000012714,"TRAINER-01","TRAINER-01",Friendly,Player,Active,Navigate,AutomationPilot,"",0,0.8,2,"",False,False,True
97.190000000012816,"TRAINER-01","TRAINER-01",Friendly,Player,Active,Navigate,AutomationPilot,"",0,0.8,2,"",False,False,True
97.390000000012918,"TRAINER-01","TRAINER-01",Friendly,Player,Active,Navigate,AutomationPilot,"",0,0.8,2,"",False,False,True
97.590000000013021,"TRAINER-01","TRAINER-01",Friendly,Player,Active,Navigate,AutomationPilot,"",0,0.8,2,"",False,False,True
97.790000000013123,"TRAINER-01","TRAINER-01",Friendly,Player,Active,Navigate,AutomationPilot,"",0,0.8,2,"",False,False,True
97.990000000013225,"TRAINER-01","TRAINER-01",Friendly,Player,Active,Navigate,AutomationPilot,"",0,0.8,2,"",False,False,True
98.190000000013328,"TRAINER-01","TRAINER-01",Friendly,Player,Active,Navigate,AutomationPilot,"",0,0.8,2,"",False,False,True
98.39000000001343,"TRAINER-01","TRAINER-01",Friendly,Player,Active,Navigate,AutomationPilot,"",0,0.8,2,"",False,False,True
98.590000000013532,"TRAINER-01","TRAINER-01",Friendly,Player,Active,Navigate,AutomationPilot,"",0,0.8,2,"",False,False,True
98.790000000013634,"TRAINER-01","TRAINER-01",Friendly,Player,Active,Navigate,AutomationPilot,"",0,0.8,2,"",False,False,True
98.990000000013737,"TRAINER-01","TRAINER-01",Friendly,Player,Active,Navigate,AutomationPilot,"",0,0.8,2,"",False,False,True
99.190000000013839,"TRAINER-01","TRAINER-01",Friendly,Player,Active,Navigate,AutomationPilot,"",0,0.8,2,"",False,False,True
99.390000000013941,"TRAINER-01","TRAINER-01",Friendly,Player,Active,Navigate,AutomationPilot,"",0,0.8,2,"",False,False,True
99.590000000014044,"TRAINER-01","TRAINER-01",Friendly,Player,Active,Navigate,AutomationPilot,"",0,0.8,2,"",False,False,True
99.790000000014146,"TRAINER-01","TRAINER-01",Friendly,Player,Active,Navigate,AutomationPilot,"",0,0.8,2,"",False,False,True
99.990000000014248,"TRAINER-01","TRAINER-01",Friendly,Player,Active,Navigate,AutomationPilot,"",0,0.8,2,"",False,False,True
100.19000000001435,"TRAINER-01","TRAINER-01",Friendly,Player,Active,Navigate,AutomationPilot,"",0,0.8,2,"",False,False,True
100.39000000001445,"TRAINER-01","TRAINER-01",Friendly,Player,Active,Navigate,AutomationPilot,"",0,0.8,2,"",False,False,True
100.59000000001456,"TRAINER-01","TRAINER-01",Friendly,Player,Active,Navigate,AutomationPilot,"",0,0.8,2,"",False,False,True
100.79000000001466,"TRAINER-01","TRAINER-01",Friendly,Player,Active,Navigate,AutomationPilot,"",0,0.8,2,"",False,False,True
100.99000000001476,"TRAINER-01","TRAINER-01",Friendly,Player,Active,Navigate,AutomationPilot,"",0,0.8,2,"",False,False,True
101.19000000001486,"TRAINER-01","TRAINER-01",Friendly,Player,Active,Navigate,AutomationPilot,"",0,0.8,2,"",False,False,True
101.39000000001496,"TRAINER-01","TRAINER-01",Friendly,Player,Active,Navigate,AutomationPilot,"",0,0.8,2,"",False,False,True
101.59000000001507,"TRAINER-01","TRAINER-01",Friendly,Player,Active,Navigate,AutomationPilot,"",0,0.8,2,"",False,False,True
101.79000000001517,"TRAINER-01","TRAINER-01",Friendly,Player,Active,Navigate,AutomationPilot,"",0,0.8,2,"",False,False,True
101.99000000001527,"TRAINER-01","TRAINER-01",Friendly,Player,Active,Navigate,AutomationPilot,"",0,0.8,2,"",False,False,True
102.19000000001537,"TRAINER-01","TRAINER-01",Friendly,Player,Active,Navigate,AutomationPilot,"",0,0.8,2,"",False,False,True
102.39000000001548,"TRAINER-01","TRAINER-01",Friendly,Player,Active,Navigate,AutomationPilot,"",0,0.8,2,"",False,False,True
102.59000000001558,"TRAINER-01","TRAINER-01",Friendly,Player,Active,Navigate,AutomationPilot,"",0,0.8,2,"",False,False,True
102.79000000001568,"TRAINER-01","TRAINER-01",Friendly,Player,Active,Navigate,AutomationPilot,"",0,0.8,2,"",False,False,True
102.99000000001578,"TRAINER-01","TRAINER-01",Friendly,Player,Active,Navigate,AutomationPilot,"",0,0.8,2,"",False,False,True
103.19000000001589,"TRAINER-01","TRAINER-01",Friendly,Player,Active,Navigate,AutomationPilot,"",0,0.8,2,"",False,False,True
103.39000000001599,"TRAINER-01","TRAINER-01",Friendly,Player,Active,Navigate,AutomationPilot,"",0,0.8,2,"",False,False,True
103.59000000001609,"TRAINER-01","TRAINER-01",Friendly,Player,Active,Navigate,AutomationPilot,"",0,0.8,2,"",False,False,True
103.79000000001619,"TRAINER-01","TRAINER-01",Friendly,Player,Active,Navigate,AutomationPilot,"",0,0.8,2,"",False,False,True
103.99000000001629,"TRAINER-01","TRAINER-01",Friendly,Player,Active,Navigate,AutomationPilot,"",0,0.8,2,"",False,False,True
104.1900000000164,"TRAINER-01","TRAINER-01",Friendly,Player,Active,Navigate,AutomationPilot,"",0,0.8,2,"",False,False,True
104.3900000000165,"TRAINER-01","TRAINER-01",Friendly,Player,Active,Navigate,AutomationPilot,"",0,0.8,2,"",False,False,True
104.5900000000166,"TRAINER-01","TRAINER-01",Friendly,Player,Active,Navigate,AutomationPilot,"",0,0.8,2,"",False,False,True
104.7900000000167,"TRAINER-01","TRAINER-01",Friendly,Player,Active,Navigate,AutomationPilot,"",0,0.8,2,"",False,False,True
104.99000000001681,"TRAINER-01","TRAINER-01",Friendly,Player,Active,Navigate,AutomationPilot,"",0,0.8,2,"",False,False,True
105.19000000001691,"TRAINER-01","TRAINER-01",Friendly,Player,Active,Navigate,AutomationPilot,"",0,0.8,2,"",False,False,True
105.39000000001701,"TRAINER-01","TRAINER-01",Friendly,Player,Active,Navigate,AutomationPilot,"",0,0.8,2,"",False,False,True
105.59000000001711,"TRAINER-01","TRAINER-01",Friendly,Player,Active,Navigate,AutomationPilot,"",0,0.8,2,"",False,False,True
105.79000000001722,"TRAINER-01","TRAINER-01",Friendly,Player,Active,Navigate,AutomationPilot,"",0,0.8,2,"",False,False,True
105.99000000001732,"TRAINER-01","TRAINER-01",Friendly,Player,Active,Navigate,AutomationPilot,"",0,0.8,2,"",False,False,True
106.19000000001742,"TRAINER-01","TRAINER-01",Friendly,Player,Active,Navigate,AutomationPilot,"",0,0.8,2,"",False,False,True
106.39000000001752,"TRAINER-01","TRAINER-01",Friendly,Player,Active,Navigate,AutomationPilot,"",0,0.8,2,"",False,False,True
106.59000000001762,"TRAINER-01","TRAINER-01",Friendly,Player,Active,Navigate,AutomationPilot,"",0,0.8,2,"",False,False,True
106.79000000001773,"TRAINER-01","TRAINER-01",Friendly,Player,Active,Navigate,AutomationPilot,"",0,0.8,2,"",False,False,True
106.99000000001783,"TRAINER-01","TRAINER-01",Friendly,Player,Active,Navigate,AutomationPilot,"",0,0.8,2,"",False,False,True
107.19000000001793,"TRAINER-01","TRAINER-01",Friendly,Player,Active,Navigate,AutomationPilot,"",0,0.8,2,"",False,False,True
107.39000000001803,"TRAINER-01","TRAINER-01",Friendly,Player,Active,Navigate,AutomationPilot,"",0,0.8,2,"",False,False,True
107.59000000001814,"TRAINER-01","TRAINER-01",Friendly,Player,Active,Navigate,AutomationPilot,"",0,0.8,2,"",False,False,True
107.79000000001824,"TRAINER-01","TRAINER-01",Friendly,Player,Active,Navigate,AutomationPilot,"",0,0.8,2,"",False,False,True
107.99000000001834,"TRAINER-01","TRAINER-01",Friendly,Player,Active,Navigate,AutomationPilot,"",0,0.8,2,"",False,False,True
108.19000000001844,"TRAINER-01","TRAINER-01",Friendly,Player,Active,Navigate,AutomationPilot,"",0,0.8,2,"",False,False,True
108.39000000001855,"TRAINER-01","TRAINER-01",Friendly,Player,Active,Navigate,AutomationPilot,"",0,0.8,2,"",False,False,True
108.59000000001865,"TRAINER-01","TRAINER-01",Friendly,Player,Active,Navigate,AutomationPilot,"",0,0.8,2,"",False,False,True
108.79000000001875,"TRAINER-01","TRAINER-01",Friendly,Player,Active,Navigate,AutomationPilot,"",0,0.8,2,"",False,False,True
108.99000000001885,"TRAINER-01","TRAINER-01",Friendly,Player,Active,Navigate,AutomationPilot,"",0,0.8,2,"",False,False,True
109.19000000001896,"TRAINER-01","TRAINER-01",Friendly,Player,Active,Navigate,AutomationPilot,"",0,0.8,2,"",False,False,True
109.39000000001906,"TRAINER-01","TRAINER-01",Friendly,Player,Active,Navigate,AutomationPilot,"",0,0.8,2,"",False,False,True
109.59000000001916,"TRAINER-01","TRAINER-01",Friendly,Player,Active,Navigate,AutomationPilot,"",0,0.8,2,"",False,False,True
109.79000000001926,"TRAINER-01","TRAINER-01",Friendly,Player,Active,Navigate,AutomationPilot,"",0,0.8,2,"",False,False,True
109.99000000001936,"TRAINER-01","TRAINER-01",Friendly,Player,Active,Navigate,AutomationPilot,"",0,0.8,2,"",False,False,True
110.19000000001947,"TRAINER-01","TRAINER-01",Friendly,Player,Active,Navigate,AutomationPilot,"",0,0.8,2,"",False,False,True
110.39000000001957,"TRAINER-01","TRAINER-01",Friendly,Player,Active,Navigate,AutomationPilot,"",0,0.8,2,"",False,False,True
110.59000000001967,"TRAINER-01","TRAINER-01",Friendly,Player,Active,Navigate,AutomationPilot,"",0,0.8,2,"",False,False,True
110.79000000001977,"TRAINER-01","TRAINER-01",Friendly,Player,Active,Navigate,AutomationPilot,"",0,0.8,2,"",False,False,True
110.99000000001988,"TRAINER-01","TRAINER-01",Friendly,Player,Active,Navigate,AutomationPilot,"",0,0.8,2,"",False,False,True
111.19000000001998,"TRAINER-01","TRAINER-01",Friendly,Player,Active,Navigate,AutomationPilot,"",0,0.8,2,"",False,False,True
111.39000000002008,"TRAINER-01","TRAINER-01",Friendly,Player,Active,Navigate,AutomationPilot,"",0,0.8,2,"",False,False,True
111.59000000002018,"TRAINER-01","TRAINER-01",Friendly,Player,Active,Navigate,AutomationPilot,"",0,0.8,2,"",False,False,True
111.79000000002029,"TRAINER-01","TRAINER-01",Friendly,Player,Active,Navigate,AutomationPilot,"",0,0.8,2,"",False,False,True
111.99000000002039,"TRAINER-01","TRAINER-01",Friendly,Player,Active,Navigate,AutomationPilot,"",0,0.8,2,"",False,False,True
112.19000000002049,"TRAINER-01","TRAINER-01",Friendly,Player,Active,Navigate,AutomationPilot,"",0,0.8,2,"",False,False,True
112.39000000002059,"TRAINER-01","TRAINER-01",Friendly,Player,Active,Navigate,AutomationPilot,"",0,0.8,2,"",False,False,True
112.59000000002069,"TRAINER-01","TRAINER-01",Friendly,Player,Active,Navigate,AutomationPilot,"",0,0.8,2,"",False,False,True
112.7900000000208,"TRAINER-01","TRAINER-01",Friendly,Player,Active,Navigate,AutomationPilot,"",0,0.8,2,"",False,False,True
112.9900000000209,"TRAINER-01","TRAINER-01",Friendly,Player,Active,Navigate,AutomationPilot,"",0,0.8,2,"",False,False,True
113.190000000021,"TRAINER-01","TRAINER-01",Friendly,Player,Active,Navigate,AutomationPilot,"",0,0.8,2,"",False,False,True
113.3900000000211,"TRAINER-01","TRAINER-01",Friendly,Player,Active,Navigate,AutomationPilot,"",0,0.8,2,"",False,False,True
113.59000000002121,"TRAINER-01","TRAINER-01",Friendly,Player,Active,Navigate,AutomationPilot,"",0,0.8,2,"",False,False,True
113.79000000002131,"TRAINER-01","TRAINER-01",Friendly,Player,Active,Navigate,AutomationPilot,"",0,0.8,2,"",False,False,True
113.99000000002141,"TRAINER-01","TRAINER-01",Friendly,Player,Active,Navigate,AutomationPilot,"",0,0.8,2,"",False,False,True
114.19000000002151,"TRAINER-01","TRAINER-01",Friendly,Player,Active,Navigate,AutomationPilot,"",0,0.8,2,"",False,False,True
114.39000000002162,"TRAINER-01","TRAINER-01",Friendly,Player,Active,Navigate,AutomationPilot,"",0,0.8,2,"",False,False,True
114.59000000002172,"TRAINER-01","TRAINER-01",Friendly,Player,Active,Navigate,AutomationPilot,"",0,0.8,2,"",False,False,True
114.79000000002182,"TRAINER-01","TRAINER-01",Friendly,Player,Active,Navigate,AutomationPilot,"",0,0.8,2,"",False,False,True
114.99000000002192,"TRAINER-01","TRAINER-01",Friendly,Player,Active,Navigate,AutomationPilot,"",0,0.8,2,"",False,False,True
115.19000000002202,"TRAINER-01","TRAINER-01",Friendly,Player,Active,Navigate,AutomationPilot,"",0,0.8,2,"",False,False,True
115.39000000002213,"TRAINER-01","TRAINER-01",Friendly,Player,Active,Navigate,AutomationPilot,"",0,0.8,2,"",False,False,True
115.59000000002223,"TRAINER-01","TRAINER-01",Friendly,Player,Active,Navigate,AutomationPilot,"",0,0.8,2,"",False,False,True
115.79000000002233,"TRAINER-01","TRAINER-01",Friendly,Player,Active,Navigate,AutomationPilot,"",0,0.8,2,"",False,False,True
115.99000000002243,"TRAINER-01","TRAINER-01",Friendly,Player,Active,Navigate,AutomationPilot,"",0,0.8,2,"",False,False,True
116.19000000002254,"TRAINER-01","TRAINER-01",Friendly,Player,Active,Navigate,AutomationPilot,"",0,0.8,2,"",False,False,True
116.39000000002264,"TRAINER-01","TRAINER-01",Friendly,Player,Active,Navigate,AutomationPilot,"",0,0.8,2,"",False,False,True
116.59000000002274,"TRAINER-01","TRAINER-01",Friendly,Player,Active,Navigate,AutomationPilot,"",0,0.8,2,"",False,False,True
116.79000000002284,"TRAINER-01","TRAINER-01",Friendly,Player,Active,Navigate,AutomationPilot,"",0,0.8,2,"",False,False,True
116.99000000002295,"TRAINER-01","TRAINER-01",Friendly,Player,Active,Navigate,AutomationPilot,"",0,0.8,2,"",False,False,True
117.19000000002305,"TRAINER-01","TRAINER-01",Friendly,Player,Active,Navigate,AutomationPilot,"",0,0.8,2,"",False,False,True
117.39000000002315,"TRAINER-01","TRAINER-01",Friendly,Player,Active,Navigate,AutomationPilot,"",0,0.8,2,"",False,False,True
117.59000000002325,"TRAINER-01","TRAINER-01",Friendly,Player,Active,Navigate,AutomationPilot,"",0,0.8,2,"",False,False,True
117.79000000002335,"TRAINER-01","TRAINER-01",Friendly,Player,Active,Navigate,AutomationPilot,"",0,0.8,2,"",False,False,True
117.99000000002346,"TRAINER-01","TRAINER-01",Friendly,Player,Active,Navigate,AutomationPilot,"",0,0.8,2,"",False,False,True
118.19000000002356,"TRAINER-01","TRAINER-01",Friendly,Player,Active,Navigate,AutomationPilot,"",0,0.8,2,"",False,False,True
118.39000000002366,"TRAINER-01","TRAINER-01",Friendly,Player,Active,Navigate,AutomationPilot,"",0,0.8,2,"",False,False,True
118.59000000002376,"TRAINER-01","TRAINER-01",Friendly,Player,Active,Navigate,AutomationPilot,"",0,0.8,2,"",False,False,True
118.79000000002387,"TRAINER-01","TRAINER-01",Friendly,Player,Active,Navigate,AutomationPilot,"",0,0.8,2,"",False,False,True
118.99000000002397,"TRAINER-01","TRAINER-01",Friendly,Player,Active,Navigate,AutomationPilot,"",0,0.8,2,"",False,False,True
119.19000000002407,"TRAINER-01","TRAINER-01",Friendly,Player,Active,Navigate,AutomationPilot,"",0,0.8,2,"",False,False,True
119.39000000002417,"TRAINER-01","TRAINER-01",Friendly,Player,Active,Navigate,AutomationPilot,"",0,0.8,2,"",False,False,True
119.59000000002428,"TRAINER-01","TRAINER-01",Friendly,Player,Active,Navigate,AutomationPilot,"",0,0.8,2,"",False,False,True
119.79000000002438,"TRAINER-01","TRAINER-01",Friendly,Player,Active,Navigate,AutomationPilot,"",0,0.8,2,"",False,False,True
119.99000000002448,"TRAINER-01","TRAINER-01",Friendly,Player,Active,Navigate,AutomationPilot,"",0,0.8,2,"",False,False,True
120.19000000002458,"TRAINER-01","TRAINER-01",Friendly,Player,Active,Navigate,AutomationPilot,"",0,0.8,2,"",False,False,True
120.39000000002468,"TRAINER-01","TRAINER-01",Friendly,Player,Active,Navigate,AutomationPilot,"",0,0.8,2,"",False,False,True
120.59000000002479,"TRAINER-01","TRAINER-01",Friendly,Player,Active,Navigate,AutomationPilot,"",0,0.8,2,"",False,False,True
120.79000000002489,"TRAINER-01","TRAINER-01",Friendly,Player,Active,Navigate,AutomationPilot,"",0,0.8,2,"",False,False,True
120.99000000002499,"TRAINER-01","TRAINER-01",Friendly,Player,Active,Navigate,AutomationPilot,"",0,0.8,2,"",False,False,True
121.19000000002509,"TRAINER-01","TRAINER-01",Friendly,Player,Active,Navigate,AutomationPilot,"",0,0.8,2,"",False,False,True
121.3900000000252,"TRAINER-01","TRAINER-01",Friendly,Player,Active,Navigate,AutomationPilot,"",0,0.8,2,"",False,False,True
121.5900000000253,"TRAINER-01","TRAINER-01",Friendly,Player,Active,Navigate,AutomationPilot,"",0,0.8,2,"",False,False,True
121.7900000000254,"TRAINER-01","TRAINER-01",Friendly,Player,Active,Navigate,AutomationPilot,"",0,0.8,2,"",False,False,True
121.9900000000255,"TRAINER-01","TRAINER-01",Friendly,Player,Active,Navigate,AutomationPilot,"",0,0.8,2,"",False,False,True
122.19000000002561,"TRAINER-01","TRAINER-01",Friendly,Player,Active,Navigate,AutomationPilot,"",0,0.8,2,"",False,False,True
122.39000000002571,"TRAINER-01","TRAINER-01",Friendly,Player,Active,Navigate,AutomationPilot,"",0,0.8,2,"",False,False,True
122.59000000002581,"TRAINER-01","TRAINER-01",Friendly,Player,Active,Navigate,AutomationPilot,"",0,0.8,2,"",False,False,True
122.79000000002591,"TRAINER-01","TRAINER-01",Friendly,Player,Active,Navigate,AutomationPilot,"",0,0.8,2,"",False,False,True
122.99000000002601,"TRAINER-01","TRAINER-01",Friendly,Player,Active,Navigate,AutomationPilot,"",0,0.8,2,"",False,False,True
123.19000000002612,"TRAINER-01","TRAINER-01",Friendly,Player,Active,Navigate,AutomationPilot,"",0,0.8,2,"",False,False,True
123.39000000002622,"TRAINER-01","TRAINER-01",Friendly,Player,Active,Navigate,AutomationPilot,"",0,0.8,2,"",False,False,True
123.59000000002632,"TRAINER-01","TRAINER-01",Friendly,Player,Active,Navigate,AutomationPilot,"",0,0.8,2,"",False,False,True
123.79000000002642,"TRAINER-01","TRAINER-01",Friendly,Player,Active,Navigate,AutomationPilot,"",0,0.8,2,"",False,False,True
123.99000000002653,"TRAINER-01","TRAINER-01",Friendly,Player,Active,Navigate,AutomationPilot,"",0,0.8,2,"",False,False,True
124.19000000002663,"TRAINER-01","TRAINER-01",Friendly,Player,Active,Navigate,AutomationPilot,"",0,0.8,2,"",False,False,True
124.39000000002673,"TRAINER-01","TRAINER-01",Friendly,Player,Active,Navigate,AutomationPilot,"",0,0.8,2,"",False,False,True
124.59000000002683,"TRAINER-01","TRAINER-01",Friendly,Player,Active,Navigate,AutomationPilot,"",0,0.8,2,"",False,False,True
124.79000000002694,"TRAINER-01","TRAINER-01",Friendly,Player,Active,Navigate,AutomationPilot,"",0,0.8,2,"",False,False,True
124.99000000002704,"TRAINER-01","TRAINER-01",Friendly,Player,Active,Navigate,AutomationPilot,"",0,0.8,2,"",False,False,True
125.19000000002714,"TRAINER-01","TRAINER-01",Friendly,Player,Active,Navigate,AutomationPilot,"",0,0.8,2,"",False,False,True
125.39000000002724,"TRAINER-01","TRAINER-01",Friendly,Player,Active,Navigate,AutomationPilot,"",0,0.8,2,"",False,False,True
125.59000000002735,"TRAINER-01","TRAINER-01",Friendly,Player,Active,Navigate,AutomationPilot,"",0,0.8,2,"",False,False,True
125.79000000002745,"TRAINER-01","TRAINER-01",Friendly,Player,Active,Navigate,AutomationPilot,"",0,0.8,2,"",False,False,True
125.99000000002755,"TRAINER-01","TRAINER-01",Friendly,Player,Active,Navigate,AutomationPilot,"",0,0.8,2,"",False,False,True
126.19000000002765,"TRAINER-01","TRAINER-01",Friendly,Player,Active,Navigate,AutomationPilot,"",0,0.8,2,"",False,False,True
126.39000000002775,"TRAINER-01","TRAINER-01",Friendly,Player,Active,Navigate,AutomationPilot,"",0,0.8,2,"",False,False,True
126.59000000002786,"TRAINER-01","TRAINER-01",Friendly,Player,Active,Navigate,AutomationPilot,"",0,0.8,2,"",False,False,True
126.79000000002796,"TRAINER-01","TRAINER-01",Friendly,Player,Active,Navigate,AutomationPilot,"",0,0.8,2,"",False,False,True
126.99000000002806,"TRAINER-01","TRAINER-01",Friendly,Player,Active,Navigate,AutomationPilot,"",0,0.8,2,"",False,False,True
127.19000000002816,"TRAINER-01","TRAINER-01",Friendly,Player,Active,Navigate,AutomationPilot,"",0,0.8,2,"",False,False,True
127.39000000002827,"TRAINER-01","TRAINER-01",Friendly,Player,Active,Navigate,AutomationPilot,"",0,0.8,2,"",False,False,True
127.59000000002837,"TRAINER-01","TRAINER-01",Friendly,Player,Active,Navigate,AutomationPilot,"",0,0.8,2,"",False,False,True
127.79000000002847,"TRAINER-01","TRAINER-01",Friendly,Player,Active,Navigate,AutomationPilot,"",0,0.8,2,"",False,False,True
127.99000000002857,"TRAINER-01","TRAINER-01",Friendly,Player,Active,Navigate,AutomationPilot,"",0,0.8,2,"",False,False,True
128.19000000002839,"TRAINER-01","TRAINER-01",Friendly,Player,Active,Navigate,AutomationPilot,"",0,0.8,2,"",False,False,True
128.39000000002821,"TRAINER-01","TRAINER-01",Friendly,Player,Active,Navigate,AutomationPilot,"",0,0.8,2,"",False,False,True
128.59000000002803,"TRAINER-01","TRAINER-01",Friendly,Player,Active,Navigate,AutomationPilot,"",0,0.8,2,"",False,False,True
128.79000000002785,"TRAINER-01","TRAINER-01",Friendly,Player,Active,Navigate,AutomationPilot,"",0,0.8,2,"",False,False,True
128.99000000002766,"TRAINER-01","TRAINER-01",Friendly,Player,Active,Navigate,AutomationPilot,"",0,0.8,2,"",False,False,True
129.19000000002748,"TRAINER-01","TRAINER-01",Friendly,Player,Active,Navigate,AutomationPilot,"",0,0.8,2,"",False,False,True
129.3900000000273,"TRAINER-01","TRAINER-01",Friendly,Player,Active,Navigate,AutomationPilot,"",0,0.8,2,"",False,False,True
129.59000000002712,"TRAINER-01","TRAINER-01",Friendly,Player,Active,Navigate,AutomationPilot,"",0,0.8,2,"",False,False,True
129.79000000002694,"TRAINER-01","TRAINER-01",Friendly,Player,Active,Navigate,AutomationPilot,"",0,0.8,2,"",False,False,True
129.99000000002675,"TRAINER-01","TRAINER-01",Friendly,Player,Active,Navigate,AutomationPilot,"",0,0.8,2,"",False,False,True
130.19000000002657,"TRAINER-01","TRAINER-01",Friendly,Player,Active,Navigate,AutomationPilot,"",0,0.8,2,"",False,False,True
130.39000000002639,"TRAINER-01","TRAINER-01",Friendly,Player,Active,Navigate,AutomationPilot,"",0,0.8,2,"",False,False,True
130.59000000002621,"TRAINER-01","TRAINER-01",Friendly,Player,Active,Navigate,AutomationPilot,"",0,0.8,2,"",False,False,True
130.79000000002603,"TRAINER-01","TRAINER-01",Friendly,Player,Active,Navigate,AutomationPilot,"",0,0.8,2,"",False,False,True
130.99000000002584,"TRAINER-01","TRAINER-01",Friendly,Player,Active,Navigate,AutomationPilot,"",0,0.8,2,"",False,False,True
131.19000000002566,"TRAINER-01","TRAINER-01",Friendly,Player,Active,Navigate,AutomationPilot,"",0,0.8,2,"",False,False,True
131.39000000002548,"TRAINER-01","TRAINER-01",Friendly,Player,Active,Navigate,AutomationPilot,"",0,0.8,2,"",False,False,True
131.5900000000253,"TRAINER-01","TRAINER-01",Friendly,Player,Active,Navigate,AutomationPilot,"",0,0.8,2,"",False,False,True
131.79000000002512,"TRAINER-01","TRAINER-01",Friendly,Player,Active,Navigate,AutomationPilot,"",0,0.8,2,"",False,False,True
131.99000000002493,"TRAINER-01","TRAINER-01",Friendly,Player,Active,Navigate,AutomationPilot,"",0,0.8,2,"",False,False,True
132.19000000002475,"TRAINER-01","TRAINER-01",Friendly,Player,Active,Navigate,AutomationPilot,"",0,0.8,2,"",False,False,True
132.39000000002457,"TRAINER-01","TRAINER-01",Friendly,Player,Active,Navigate,AutomationPilot,"",0,0.8,2,"",False,False,True
132.59000000002439,"TRAINER-01","TRAINER-01",Friendly,Player,Active,Navigate,AutomationPilot,"",0,0.8,2,"",False,False,True
132.79000000002421,"TRAINER-01","TRAINER-01",Friendly,Player,Active,Navigate,AutomationPilot,"",0,0.8,2,"",False,False,True
132.99000000002403,"TRAINER-01","TRAINER-01",Friendly,Player,Active,Navigate,AutomationPilot,"",0,0.8,2,"",False,False,True
133.19000000002384,"TRAINER-01","TRAINER-01",Friendly,Player,Active,Navigate,AutomationPilot,"",0,0.8,2,"",False,False,True
133.39000000002366,"TRAINER-01","TRAINER-01",Friendly,Player,Active,Navigate,AutomationPilot,"",0,0.8,2,"",False,False,True
133.59000000002348,"TRAINER-01","TRAINER-01",Friendly,Player,Active,Navigate,AutomationPilot,"",0,0.8,2,"",False,False,True
133.7900000000233,"TRAINER-01","TRAINER-01",Friendly,Player,Active,Navigate,AutomationPilot,"",0,0.8,2,"",False,False,True
133.99000000002312,"TRAINER-01","TRAINER-01",Friendly,Player,Active,Navigate,AutomationPilot,"",0,0.8,2,"",False,False,True
134.19000000002293,"TRAINER-01","TRAINER-01",Friendly,Player,Active,Navigate,AutomationPilot,"",0,0.8,2,"",False,False,True
134.39000000002275,"TRAINER-01","TRAINER-01",Friendly,Player,Active,Navigate,AutomationPilot,"",0,0.8,2,"",False,False,True
134.59000000002257,"TRAINER-01","TRAINER-01",Friendly,Player,Active,Navigate,AutomationPilot,"",0,0.8,2,"",False,False,True
134.79000000002239,"TRAINER-01","TRAINER-01",Friendly,Player,Active,Navigate,AutomationPilot,"",0,0.8,2,"",False,False,True
134.99000000002221,"TRAINER-01","TRAINER-01",Friendly,Player,Active,Navigate,AutomationPilot,"",0,0.8,2,"",False,False,True
135.19000000002202,"TRAINER-01","TRAINER-01",Friendly,Player,Active,Navigate,AutomationPilot,"",0,0.8,2,"",False,False,True
135.39000000002184,"TRAINER-01","TRAINER-01",Friendly,Player,Active,Navigate,AutomationPilot,"",0,0.8,2,"",False,False,True
135.59000000002166,"TRAINER-01","TRAINER-01",Friendly,Player,Active,Navigate,AutomationPilot,"",0,0.8,2,"",False,False,True
135.79000000002148,"TRAINER-01","TRAINER-01",Friendly,Player,Active,Navigate,AutomationPilot,"",0,0.8,2,"",False,False,True
135.9900000000213,"TRAINER-01","TRAINER-01",Friendly,Player,Active,Navigate,AutomationPilot,"",0,0.8,2,"",False,False,True
136.19000000002112,"TRAINER-01","TRAINER-01",Friendly,Player,Active,Navigate,AutomationPilot,"",0,0.8,2,"",False,False,True
136.39000000002093,"TRAINER-01","TRAINER-01",Friendly,Player,Active,Navigate,AutomationPilot,"",0,0.8,2,"",False,False,True
136.59000000002075,"TRAINER-01","TRAINER-01",Friendly,Player,Active,Navigate,AutomationPilot,"",0,0.8,2,"",False,False,True
136.79000000002057,"TRAINER-01","TRAINER-01",Friendly,Player,Active,Navigate,AutomationPilot,"",0,0.8,2,"",False,False,True
136.99000000002039,"TRAINER-01","TRAINER-01",Friendly,Player,Active,Navigate,AutomationPilot,"",0,0.8,2,"",False,False,True
137.19000000002021,"TRAINER-01","TRAINER-01",Friendly,Player,Active,Navigate,AutomationPilot,"",0,0.8,2,"",False,False,True
137.39000000002002,"TRAINER-01","TRAINER-01",Friendly,Player,Active,Navigate,AutomationPilot,"",0,0.8,2,"",False,False,True
137.59000000001984,"TRAINER-01","TRAINER-01",Friendly,Player,Active,Navigate,AutomationPilot,"",0,0.8,2,"",False,False,True
137.79000000001966,"TRAINER-01","TRAINER-01",Friendly,Player,Active,Navigate,AutomationPilot,"",0,0.8,2,"",False,False,True
137.99000000001948,"TRAINER-01","TRAINER-01",Friendly,Player,Active,Navigate,AutomationPilot,"",0,0.8,2,"",False,False,True
138.1900000000193,"TRAINER-01","TRAINER-01",Friendly,Player,Active,Navigate,AutomationPilot,"",0,0.8,2,"",False,False,True
138.39000000001911,"TRAINER-01","TRAINER-01",Friendly,Player,Active,Navigate,AutomationPilot,"",0,0.8,2,"",False,False,True
138.59000000001893,"TRAINER-01","TRAINER-01",Friendly,Player,Active,Navigate,AutomationPilot,"",0,0.8,2,"",False,False,True
138.79000000001875,"TRAINER-01","TRAINER-01",Friendly,Player,Active,Navigate,AutomationPilot,"",0,0.8,2,"",False,False,True
138.99000000001857,"TRAINER-01","TRAINER-01",Friendly,Player,Active,Navigate,AutomationPilot,"",0,0.8,2,"",False,False,True
139.19000000001839,"TRAINER-01","TRAINER-01",Friendly,Player,Active,Navigate,AutomationPilot,"",0,0.8,2,"",False,False,True
139.32000000001827,"TRAINER-01","TRAINER-01",Friendly,Player,Active,Navigate,AutomationPilot,"",0,0.8,2,"",False,False,True
